            0.298177 0 0 0 -0.000256944 -0.000117824 -5.58898e-05 0 0 0   -0.011 -0.02329  0.04412  -0.00196901  -0.00121421 -2.56361e-05   0.0110404 -0.00861922  0.00338958 0 0 0 0.143917 0.171627 -9.80644 
            0.398283   -0.33564   0.900369 -0.0112346    -0.008064 -0.000974761   -0.0220525 -3.95839e-06  1.07241e-05  1.61816e-07 -0.0110001   -0.02329  0.0441198   0.0398125   0.0151041 -0.00412633   0.0110405 -0.00861956  0.00338958 2.42929e-07 5.36501e-08 3.82302e-07 0.143916 0.171627 -9.80644 
            0.498686  -0.417724    1.24257 -0.0130351 -0.0091761  0.0128779 0.00203903 8.84851e-05 5.19204e-05 4.81118e-05 -0.0110002 -0.0232902  0.0441195 0.0387772 0.0844899  0.135383   0.0111072 -0.00894932  0.00338398   7.6937e-06 -1.48244e-05  -3.4048e-05  0.14391 0.171642 -9.80644 
             0.59815 -0.125605  0.983555 -0.199838  0.0144784  0.0119908 0.00262657 -0.00295901 -0.00166326 -0.00012003 -0.0110001  -0.023291  0.0441239  0.122429 0.0494112 0.0786553   0.0107094 -0.00857625   0.0037282 -0.000303262  0.000529308  0.000109238 0.144204 0.171116 -9.80645 
            0.698081 -0.348035   1.33828 -0.117701  0.00961757   0.0108241 -0.00479206   -0.0074506   0.00234733 -0.000299926 -0.0110016 -0.0232899  0.0441254 0.0938618 0.0388654   0.03602   0.0111223 -0.00917779   0.0035377 0.000405552  0.00132669 0.000177222 0.143521 0.170349 -9.80647 
            0.798315  -0.108133    1.07836 -0.0702963 0.00189807 0.00972161  0.0119203   -0.0175367    0.0123534 -0.000489675 -0.0110013 -0.0232896  0.0441236 0.0642219 0.0233615 0.0639848    0.010781 -0.00883544  0.00339402   0.00218412    0.0031226 -0.000329893 0.141825 0.168637 -9.80652 
            0.898165  0.156978  0.937524 0.0315735 -0.00626228   0.0102287   0.0372904   -0.0218556    0.0295142 -0.000311668 -0.0110001 -0.0232875  0.0441295 0.0431288  0.010542  0.100881   0.0103854 -0.00870832  0.00316924  0.00525395  0.00390992 -0.00128178 0.138906 0.167907 -9.80658 
            0.998158  0.686864  0.973432 0.0509602 -0.0126654 0.00749445  0.0575139  -0.0328663   0.0502013 -0.00018323 -0.0109997 -0.0232861  0.0441358  0.0340753 -0.0159245   0.115502  0.00958259 -0.00881931  0.00310016  0.00894727  0.00588199 -0.00175386  0.13537 0.166029 -9.80666 
             1.09819 0.0980484   1.26298 0.0851278 -0.0173302 0.00551564  0.0512358  -0.0368824    0.073976 2.24584e-05 -0.0109998 -0.0232842  0.0441326  0.0387227 -0.0112427  0.0882557   0.0106017 -0.00940829  0.00302043     0.013152   0.00657487 -0.000265173 0.131281  0.16534 -9.80673 
             1.19816 -0.0605845    1.46246  0.0706496 -0.0183419 0.00437116  0.0440316  -0.0399123   0.0938438 0.000283325 -0.0109983 -0.0232811  0.0441284  0.0499259 -0.0077525  0.0654498   0.0109002 -0.00980302  0.00301848  0.0166484 0.00707333 0.00228522 0.127839 0.164821 -9.80678 
             1.29815 0.0241478   1.64616 0.0801107 -0.0217428 0.00268941  0.0311466  -0.0475068     0.12848 0.000747579 -0.0109954 -0.0232787  0.0441206  0.0536206 -0.0125842  0.0362934   0.010855 -0.0102275 0.00298089  0.0227421 0.00834615 0.00696871 0.121833 0.163526 -9.80688 
             1.39832 0.345296  1.32544 0.121929 -0.0201891 0.00372873  0.0424761 -0.0301189   0.141956 0.00131914 -0.0109958 -0.0232795   0.044118  0.0612768 -0.0200345  0.0446399   0.0105669 -0.00998511  0.00292161  0.0251682 0.00528236 0.00514163 0.119558 0.166499 -9.80686 
             1.49816 -0.772194  0.366517 -0.274902  -0.0143682 0.000232364   0.0521628  -0.035982   0.140578 0.00119938 -0.0109881 -0.0232836  0.0441102   0.0561792 -0.00783135   0.0514357   0.0108598 -0.00960284  0.00304364   0.024954 0.00635496  0.0032954 0.119829 0.165497 -9.80687 
             1.59817  0.424412   1.14176 0.0330012 -0.0176845 0.00514279  0.0578263 -0.0188094   0.167024 0.00209891 -0.0109889 -0.0232868  0.0441039    0.0528751 -0.000713288    0.0494518  0.0106422 -0.0097722 0.00295254  0.0296595 0.00328667 0.00338147 0.115299  0.16844 -9.80688 
             1.69814  0.722859   1.34948 0.0253756 -0.0162014 0.00430093  0.0714606  -0.014616   0.176019 0.00235245 -0.010989 -0.023287 0.0441033  0.0592929 -0.0190094  0.0613919   0.0104903 -0.00976307  0.00294628   0.0313101   0.0025967 0.000343253 0.113814 0.169151 -9.80688 
              1.7982  0.450006   1.75444 0.0638558 -0.0133491 0.00685047  0.0685979 -0.0132299   0.183761 0.00254262 -0.0109876 -0.0232857  0.0441079   0.0765629 -0.00667175   0.0494209  0.0108467   -0.01015 0.00290398   0.032644 0.00228582 0.00349864 0.112433 0.169399 -9.80689 
             1.89831   0.417034    1.47757 -0.0184034 -0.0070493 0.00695634   0.072627 -0.0124504     0.1857 0.00259281  -0.010988 -0.0232856   0.044109  0.0906498 -0.0106345  0.0504275   0.0108653 -0.00994065  0.00294723  0.0329847 0.00213714 0.00391109 0.112093 0.169535 -9.80689 
             1.99834  5.49536  3.54921 -2.88773 -0.00669833  -0.0154508    0.109169 -0.0264189   0.197766 0.00235234 -0.0108552 -0.0232844   0.044237  0.124036  -0.18406 0.0937254  0.0089695 -0.0105434 0.00389292  0.0352496 0.00485626 -0.0068406 0.110274 0.167098 -9.80696 
             2.09821  5.24027  3.47041 -4.65521 0.00645259 -0.0355618   0.118275 -0.0261135   0.197349 0.00243633 -0.0108561 -0.0232863  0.0442357  0.166312 -0.273326  0.088972 0.00902234 -0.0104661 0.00442946   0.0353232  0.00484903 -0.00680792 0.110202 0.167105 -9.80696 
             2.19892  6.03669  1.62048 -5.47684 -0.000191841   -0.0996478     0.115714 -0.0579199   0.213674 0.00223175 -0.0107121 -0.0233198  0.0443994  0.113363 -0.467792 0.0631419  0.00867947 -0.00976866  0.00461025   0.0382453    0.010547 -0.00337914 0.107162 0.161673 -9.80708 
             2.29816  8.09574 -3.96065 -4.23916 0.00905526  -0.147681   0.121781 -0.0550855   0.209933 0.00237128 -0.0107131 -0.0233124  0.0443859 -0.0010254  -0.605881  0.0484397  0.00807537 -0.00816022  0.00403414   0.0375542   0.0100839 -0.00343021 0.107852 0.162101 -9.80707 
             2.49819   8.1089 -3.95346 -4.26136 -0.00582372   -0.291704    0.129466 -0.0550855   0.209933 0.00237128 -0.0107131 -0.0233124  0.0443859 -0.171969 -0.870918 0.0229083  0.00807537 -0.00816022  0.00403414   0.0375542   0.0100839 -0.00343021 0.107852 0.162101 -9.80707 
             2.59814  4.82181 -10.1574 -2.16242 -0.0448839  -0.170451   0.116577  0.0554249   0.213051 0.00375425 -0.0103126 -0.0231545  0.0446385   -0.548743   -0.466877 -0.00118597  0.00937709 -0.00583426  0.00277013   0.0382693 -0.00963732  0.00278324 0.110055  0.18128 -9.80671 
             2.69822   2.57293  -3.13679 -0.342815 -0.0541216 -0.0488725  0.0486721   0.130687   0.235834 0.00475479 -0.0100248 -0.0230491  0.0450989  -0.356632  -0.136357 -0.0296967  0.00999077 -0.00867534  0.00226564  0.0423121 -0.0229427   0.020763 0.107997 0.194764 -9.80647 
             2.79829  0.838584   1.14953 -0.271281 -0.0171337 -0.0209966  0.0307036   0.150435   0.223989 0.00511531  -0.010009 -0.0230724  0.0453682  -0.110725 -0.0487776 -0.0226231   0.010532 -0.0109828 0.00240285  0.0400548 -0.0261643  0.0249716 0.110447 0.197568 -9.80639 
             2.89843 -0.299903   1.95552 -0.469105  -0.020091 -0.0254991  0.0426356    0.14846   0.222827 0.00379562 -0.0100236 -0.0230771  0.0453755  -0.0602244  -0.0367098 -0.00105468  0.0123395 -0.0119578 0.00274688  0.0398924 -0.0256708  0.0215826  0.11045 0.196829  -9.8064 
             2.99821 -0.278858    2.5735  -0.21161 -0.0187303 -0.0240508  0.0425295   0.155114   0.219374 0.00389293  -0.010037 -0.0230828   0.045357 -0.00327665  -0.0140692 -0.00284927  0.0122306 -0.0128027 0.00233071  0.0392446 -0.0268786  0.0219612 0.111144 0.197925 -9.80637 
              3.0982 -0.453984    2.9237 -0.215212 -0.0232295 -0.0238245 0.00504517   0.152038   0.224849 0.00379976 -0.0100155 -0.0230744  0.0453364  0.0302295  0.0104325 -0.0503622  0.0123036 -0.0133401 0.00232632  0.0401047 -0.0264597  0.0291565 0.110436 0.198069 -9.80638 
             3.19816 -0.369615   2.89603 -0.123606 -0.0308267 -0.0189992  0.0124745   0.160153   0.235731 0.00462437 -0.0100402 -0.0230875  0.0453418  0.0457285  0.0274853 -0.0377102  0.0122028 -0.0133827 0.00217063  0.0421482 -0.0279483  0.0262803  0.10841 0.199319 -9.80638 
             3.29833  -0.73698   2.66288 -0.259093 -0.0127878 -0.0185075  0.0121902   0.152589   0.221851 0.00400044 -0.0100249 -0.0230773   0.045318   0.102434  0.0393038 -0.0347198  0.0127685 -0.0128449 0.00241559  0.039631 -0.026518 0.0256091 0.110842 0.197922 -9.80638 
              3.3982 -0.354395   2.62708 -0.350412 -0.00310149  -0.0202567  0.00935367   0.138833   0.225058 0.00361847 -0.0100136 -0.0230772  0.0453475   0.135577  0.0313374 -0.0372344  0.0122638 -0.0127435 0.00254383  0.0402187 -0.0239938  0.0256458 0.110324 0.195573 -9.80643 
             3.49856 -0.0652453    1.90236  -0.236035 -0.00385131  -0.0180915  -0.0186779   0.132391   0.248208 0.00369676 -0.0100156 -0.0230861   0.045414   0.123399  0.0373964 -0.0706474  0.0117911 -0.0116981 0.00236719  0.0443054 -0.0229275  0.0324982 0.106446 0.194796 -9.80649 
             3.59842  0.204987    1.7614 -0.359156 -0.00459501  -0.0255083  -0.0167974   0.109439   0.271063 0.00334658 -0.0100159 -0.0230934   0.045479   0.113688 0.00559373 -0.0626852  0.0113709 -0.0114942 0.00254931  0.0485224 -0.0187102  0.0303843 0.102537 0.190756 -9.80661 
              3.6982   0.15107    1.6428 -0.362809 0.00144264 -0.0273702 -0.0182647   0.105478   0.281231 0.00336302 -0.010017 -0.023095 0.0454903     0.118033 -0.000862185   -0.0588809   0.011446 -0.0112995 0.00255452  0.0504029 -0.0179698  0.0289936  0.10079 0.190024 -9.80664 
             3.79856  0.220277   2.46262 -0.298047 -0.0053683 -0.0280756 -0.0221647   0.106471   0.321836 0.00373799  -0.010017 -0.0230962  0.0454968    0.118893 -0.00333119   -0.057182  0.0112876 -0.0125638 0.00246774  0.0578053 -0.0181521    0.02858 0.0938042  0.190145  -9.80671 
             3.89825 -0.363766   2.35406 -0.495936 0.00989252 -0.0262887 -0.0298136   0.106667   0.318546 0.00364625 -0.0100174 -0.0230963   0.045502   0.151807   0.016559 -0.0617405  0.0121448  -0.012354 0.00276477 0.0571948 -0.018193 0.0289013 0.0943848  0.190202   -9.8067 
             3.99822  -0.54302   2.58734 -0.682983  0.0214415 -0.0239993 -0.0197616   0.110647   0.327587 0.00385541 -0.0100176 -0.0230973  0.0454948   0.174697  0.0276936 -0.0434105  0.012394 -0.012681 0.0030479 0.0589613 -0.018848 0.0230357 0.0928988  0.190866   -9.8067 
             4.09821 -0.492939   2.24159 -0.645629  0.0297646 -0.0216846 -0.0265466   0.109841   0.342925 0.00394354 -0.0100189 -0.0230973  0.0454916   0.178177  0.0378623 -0.0493683  0.0122856 -0.0121506 0.00300165  0.0617271 -0.0187242  0.0244883 0.0902412   0.19071  -9.80673 
             4.19839 -0.525358   1.19339 -0.651519  0.0266052 -0.0206518 -0.0375101   0.105036   0.372013 0.00402095 -0.0100288 -0.0230951  0.0455103   0.133137  0.0449222 -0.0620009  0.0123123 -0.0105816 0.00304783  0.0669556 -0.0179085  0.0279793 0.0851661  0.189847  -9.80679 
             4.49822 -0.499369  0.836629 -0.574633   0.0432304 -0.00763945  -0.0559848   0.100984   0.395444 0.00405885 -0.0100346 -0.0230894  0.0455163   0.101268  0.0719651 -0.0658829  0.0122595 -0.0100311 0.00295927 0.0712123  -0.01717 0.0287492 0.081109 0.189128 -9.80684 
             4.59824 -0.899512   1.68218 -0.581567  0.0247654 -0.0182454 -0.0201059  0.0840082   0.431666 0.00364459 -0.0100376 -0.0230836   0.045465  0.0773669  0.0495358 -0.0177001  0.0127791 -0.0111705 0.00296718  0.0781188 -0.0138534  0.0146487 0.0752461  0.186615  -9.80694 
             4.69833 -0.871469   1.39361 -0.443471   0.021567 -0.0171326 -0.0254157 0.0793664  0.442512 0.0035966 -0.0100416 -0.0230805  0.0454541  0.0632024   0.057592 -0.0247631  0.0127291 -0.0107275 0.00279509  0.0800514 -0.0130287  0.0164892 0.0733114  0.185765  -9.80697 
             4.79889 -0.109512   1.44496 -0.498894  0.0114322 -0.0216728 -0.0162361  0.0727623    0.45842 0.00333434 -0.0100396 -0.0230752  0.0454656  0.0438574  0.0282187 -0.0123191  0.0116324  -0.010784 0.00288595  0.0830377 -0.0117647   0.013318 0.0706357  0.184744  -9.80701 
             4.89855 -0.195377  0.985279 -0.447926  0.0131558 -0.0183864 -0.0153409  0.0734045   0.459427 0.00349778 -0.0100389 -0.0230746  0.0454659   0.0342018   0.0350291 -0.00998777  0.0117476 -0.0101144 0.00281389  0.0832357 -0.0118713  0.0126146 0.0704882  0.184884    -9.807 
             4.99886 0.0716661   1.21958 -0.408211 0.00860621 -0.0163827 -0.0220541  0.0723607   0.468369 0.00351792 -0.0100393 -0.0230761  0.0454563  0.0273306  0.0332579 -0.0183189  0.0113706   -0.01042 0.00276975  0.0848077 -0.0117135  0.0149719 0.0688964  0.184616  -9.80702 
             5.09825  0.267525   1.76006 -0.324937 0.00690055 -0.0157416 -0.0223141  0.0698995   0.474602 0.00339065 -0.0100407 -0.0230749  0.0454467   0.038663  0.0237166 -0.0178392  0.0110987 -0.0111389 0.00265564  0.0859502 -0.0112585  0.0145452 0.0678428  0.184224  -9.80704 
             5.19826 -0.284793    1.2027 -0.479097 0.00741052 -0.0186207 -0.0181779 0.0621624  0.475595 0.0030111 -0.0100356 -0.0230786  0.0454287   0.0295156   0.0201355 -0.00959612  0.0118734 -0.0103376 0.00287751   0.0861778 -0.00983452   0.0124776 0.0677171  0.183005  -9.80706 
             5.39855 -0.511095   1.12258 -0.502651  0.0139899 -0.0213303 -0.0274782  0.0515783   0.474883 0.00230654 -0.0100326 -0.0230799  0.0454007  0.0348752  0.0270109 -0.0199683  0.0121767 -0.0102014 0.00290648   0.0859882 -0.00793888    0.014678 0.0677925  0.181079  -9.80709 
             5.49837 -0.954757    2.0979 -0.593184  0.0109725 -0.0249759 -0.0290791  0.0417177   0.484822 0.00193938  -0.010035 -0.0230801   0.045356  0.0566883  0.0339815 -0.0190312  0.0127281  -0.011435 0.00301137   0.0877772 -0.00613677   0.0146522 0.0661222  0.179399  -9.80714 
             5.59827  -1.23516   2.33294 -0.592877  0.0103062 -0.0239659 -0.0421642  0.0367118   0.492406 0.00168049 -0.0100293 -0.0230782   0.045342   0.071328  0.0534332 -0.0348906  0.0130757 -0.0117022 0.00300634   0.0890615 -0.00527716   0.0181782 0.0647864  0.178386  -9.80716 
             5.69807 -0.932371   2.36352 -0.527466  0.0114363 -0.0218904 -0.0349409  0.0336105   0.497895 0.00156994 -0.0100334  -0.023078  0.0453515  0.0825125  0.0557246 -0.0235807  0.0126626 -0.0117194 0.00292815   0.0901439 -0.00466266   0.0151314 0.0638906  0.178013  -9.80718 
             5.79802 -0.664404   2.65474 -0.398139  0.0243781 -0.0178042 -0.0292914  0.0321003   0.494847 0.00135858 -0.0100383 -0.0230778  0.0453619   0.120563  0.0609484 -0.0145447  0.0123598  -0.012024 0.00277972   0.0896524 -0.00434688   0.0127612 0.0644372  0.177865  -9.80718 
             5.89815 -0.896545   2.83518  -0.21676   0.0363755 -0.00768457  -0.0289021 0.0351289  0.496695 0.0016213 -0.0100354 -0.0230767  0.0453582  0.152431 0.0870719 -0.012116  0.0126538 -0.0122061 0.00255741   0.0900048 -0.00489563   0.0121727 0.064141 0.178422 -9.80717 
             5.99814 -1.09859  3.02287 0.100868  0.0530765 0.00344829 -0.0307942   0.035602   0.497825 0.00166184 -0.0100342 -0.0230759  0.0453575   0.190838    0.11459 -0.0123503  0.0129156 -0.0124023 0.00214968   0.0902067 -0.00498597   0.0123051  0.06395   0.1785 -9.80717 
             6.09868 -1.01241  3.01767  0.26262  0.0703545  0.0152656 -0.0408656  0.0354234   0.500633 0.00168264 -0.0100329 -0.0230741  0.0453557   0.219529   0.132352 -0.0242745  0.0127978 -0.0123587 0.00195198   0.0906506 -0.00498967   0.0146678 0.0634178  0.178342  -9.80717 
             6.19807 -0.839199   2.28579  -0.55284  0.0272462 -0.0132859 -0.0159963   0.0116282    0.531522 0.000736556 -0.0100354 -0.0230742  0.0453772    0.115674   0.0610847 -0.00254676  0.0125904 -0.0114945 0.00302277    0.0964366 -0.000585666   0.00977063 0.0582354  0.174612  -9.80727 
               6.298 -0.984289   2.34602  -1.07264   0.0388108 -0.00441424 -0.00808748  0.0139293   0.532524 0.00095519 -0.0100401 -0.0230764  0.0453791  0.137063 0.0808674 0.0073524  0.0127223 -0.0115655 0.00363355    0.0966886 -0.000984432   0.00773487 0.0581189  0.175134  -9.80726 
             6.39806  0.244326   2.30501 -0.913089   0.0450828 -0.00412081 -0.00157475 0.0154946  0.535689 0.0010696 -0.0100401 -0.0230786  0.0453822  0.143677 0.0413869 0.0126162  0.0112064 -0.0114891 0.00342961  0.0972489 -0.0012601 0.00687797 0.0576294  0.175446  -9.80726 
             6.49809  0.308789   2.23672 -0.821172   0.0587769 -0.00127803 -0.00368762  0.0149029   0.535988 0.00104873 -0.0100412 -0.0230807  0.0453831  0.160396 0.0344615 0.0080187  0.0111233 -0.0113721 0.00331099   0.0972753 -0.00116318  0.00773558  0.05754 0.175287 -9.80726 
             6.59807  -0.219976     1.4842 -0.0820954   0.0606272   0.0095969 -0.00863671  0.0168106   0.538016 0.00137636 -0.0100414 -0.0230783  0.0453894   0.123559  0.0641814 0.00359034   0.011793 -0.0104144 0.00239919   0.0975841 -0.00150586  0.00916924 0.0571459  0.175495  -9.80726 
             6.69814   0.56796   1.98761 -0.215809  0.0805594  0.0102557 -0.0176754  0.0158006    0.53803 0.00118743 -0.0100432 -0.0230808   0.045399    0.161633   0.0328953 -0.00662805  0.0107976 -0.0110249 0.00256166   0.0975396 -0.00135732    0.011212 0.0570092  0.175198  -9.80727 
             6.79804  0.261042   2.07707 -0.220318  0.0950639   0.012476 -0.0235496  0.0145223   0.539534 0.00111951 -0.0100459 -0.0230818  0.0453983   0.179517  0.0336292 -0.0117898  0.0111775 -0.0111156 0.00256579   0.0977747 -0.00114238   0.0123686 0.0566936  0.174915  -9.80728 
             6.89808 -0.163726   1.90684 -0.500685  0.0371107 -0.0186903  0.0143299  0.0107819    0.55455 0.00138524 -0.0100445 -0.0230763   0.045396  0.0765114 -0.0182741  0.0244281  0.0117219 -0.0109407 0.00293023     0.100743 -0.000381597   0.00621581 0.0543621  0.174668  -9.80729 
             6.99798 -0.0107939    1.86238   -0.66909   0.042575 -0.0215978  0.0146562 0.0109353  0.554901 0.0013912 -0.0100451 -0.0230759  0.0453956  0.0836754 -0.0202943  0.0216955  0.0115228 -0.0108622 0.00314042    0.100775 -0.00041503  0.00671755 0.054291 0.174671 -9.80729 
               7.098 0.231967  1.72801 -1.13994  0.0479351 -0.0257758 0.00953058  0.0108094   0.555132 0.00137282 -0.0100472 -0.0230769  0.0453941   0.084549 -0.0295631  0.0123325  0.0112039  -0.010677 0.00370823    0.100751 -0.00042355  0.00824347 0.0541873  0.174596   -9.8073 
             7.19821 0.413298  2.76513 -1.29398 0.0355761 -0.031125 0.0204148 0.0142105  0.562704 0.0016979 -0.0100511 -0.0230839  0.0453769   0.102193 -0.0472049  0.0200172  0.0109725 -0.0119376 0.00389907    0.10217 -0.0010595 0.00691855 0.0530027  0.175301  -9.80729 
             7.29821  0.744298  0.670133 -0.709457  0.0314918 -0.0211286 0.00542401   0.019706   0.561914 0.00179854 -0.0100608 -0.0230791  0.0453915  0.0193584 -0.0273757 0.00427331   0.0105984 -0.00939401  0.00316886    0.101932 -0.00212646   0.0100311 0.0530318  0.176146  -9.80727 
             7.39829   1.05776  0.123723 -0.912789  0.0102273 -0.0250995 0.00328599   0.020742   0.565984 0.00171141 -0.0100684 -0.0230794  0.0454021  -0.0460532  -0.0441095 -0.00179149   0.0102269 -0.00873601  0.00338937   0.102666 -0.0023867  0.0108574 0.0523189  0.176422  -9.80727 
             7.49826  0.580692  0.447691 -0.343005 0.0119159 -0.020486  0.015552  0.0261936   0.563976 0.00199481 -0.0100493 -0.0230859  0.0454152 -0.0441682 -0.0302844  0.0143812   0.0106906 -0.00905394  0.00285323    0.102399 -0.00332774  0.00829195 0.0528133  0.177329  -9.80725 
             7.59804 -0.154191    1.8842  -0.38789 0.00368799 -0.0254107  0.0229111  0.0241331   0.567908 0.00176364  -0.010065 -0.0230931  0.0453925 -0.0160434 -0.0248478  0.0241229  0.0115448 -0.0106865 0.00292304   0.103141 -0.0029115 0.00695251 0.0521704  0.176993  -9.80726 
             7.69802   -1.3538   2.20091 -0.370479 0.00135305 -0.0316452  0.0273513  0.0186098   0.569787 0.00119354 -0.0100716 -0.0231018  0.0453514  0.00246999 -0.00280845    0.027792  0.0129141 -0.0110244 0.00289431    0.103489 -0.00189631  0.00632836 0.0518073  0.176071  -9.80728 
             7.79856 -0.402613   2.55541 -0.349323 -0.0076244  -0.024115  0.0153492  0.024176  0.574536 0.0022078 -0.0100588 -0.0230947  0.0453193  0.0138549  0.0166195 0.00900258  0.0117754 -0.0114027 0.00287737    0.104303 -0.00298339  0.00928935 0.0509891  0.177093  -9.80727 
             7.89824 -0.613045   2.31453 -0.467555 -0.00108493  -0.0252131   0.0169695  0.0218939   0.572547 0.00195638 -0.0100566 -0.0230944  0.0453233  0.0392902  0.0224784 0.00903397  0.0120206 -0.0110953 0.00301884    0.103935 -0.00255897  0.00914817 0.0513207  0.176694  -9.80727 
             7.99976  -0.65513   1.98575 -0.395141 0.00509114 -0.0238995  0.0104304  0.0202048   0.571738 0.00177254 -0.0100543 -0.0230912  0.0453226   0.0535882   0.0339494 -0.00029202  0.0120625 -0.0106992 0.00294126    0.103735 -0.00226722   0.0105126 0.0514465  0.176415  -9.80728 
             8.19836 -0.678651   1.86381  -0.41214  0.0184306 -0.0187113  0.0173267  0.0180159   0.571152 0.00157477 -0.0100548 -0.0230931  0.0453255  0.0781955  0.0510162 0.00799395  0.0120826 -0.0105428 0.00295436    0.103664 -0.00183632  0.00943925 0.0515576  0.176031  -9.80728 
             8.29831  -0.15216   2.69259 -0.485346 0.00902899 -0.0221327  0.0115423  0.0116249   0.584864 0.00117781 -0.0100516 -0.0230955  0.0453223    0.0853326    0.0296269 -7.09496e-05  0.0114597  -0.011431 0.00302538     0.106148 -0.000663076    0.0106517 0.0492401  0.174967  -9.80732 
             8.49895  0.582469   2.14766 -0.382831 0.00919628 -0.0160469 0.00683393  0.0138863   0.593887 0.00144646 -0.0100538 -0.0231006  0.0453159    0.082204   0.0111241 -0.00665809  0.0106163 -0.0107788 0.00291215    0.107783 -0.00111879   0.0115643 0.0476972  0.175357  -9.80732 
             8.59834 -0.0701821    2.27035  -0.484434 0.00794319 -0.0253311   0.017301  0.00493554    0.600669 0.000686309 -0.0100555 -0.0231067  0.0452913   0.0822359 -0.00561282   0.0062551  0.0113183  -0.010882 0.00301948    0.109094 0.000580444  0.00981692 0.0465791  0.173854  -9.80735 
             8.69829 -0.424987   1.94378 -0.597584  0.0165805 -0.0284151  0.0185909 0.00215522   0.600136 0.00042371 -0.0100546 -0.0231081  0.0452808  0.0908529  -0.001904 0.00547773  0.0116856 -0.0105108 0.00313258      0.109 0.00109878 0.00970159 0.0466707  0.173381  -9.80736 
             8.79835  0.062255   2.49071 -0.502623  0.0130714 -0.0264471  0.0102418  0.00364792    0.610423 0.000828124 -0.0100501 -0.0231095  0.0452697   0.0971679 8.05295e-05 -0.00729003  0.0111398 -0.0110914 0.00303295    0.110839 0.000781116   0.0113071 0.0449087  0.173632  -9.80736 
             8.89845 -0.0304277    2.77824  -0.719869  0.0107408 -0.0290631  0.0146104   0.0015926    0.619981 0.000790921 -0.0100514 -0.0231127  0.0452568    0.101421 -0.00514825 -0.00243343  0.0112309 -0.0113873 0.00327855   0.112637 0.00117659  0.0105804 0.0433002  0.173301  -9.80737 
             8.99842 -0.0474451    2.51412  -0.691632 0.00694866 -0.0312457  0.0150049 -0.00013182    0.630047 0.000867467 -0.0100522 -0.0231133  0.0452525    0.0926851  -0.00763873 -0.000661085  0.0112544 -0.0110607 0.00325358   0.114504 0.00148856  0.0106677 0.0415836  0.173033  -9.80739 
             9.09834 -0.250919    2.1819 -0.375924  0.00522753   -0.026784 -0.00371983 0.00182809   0.638234 0.00119703 -0.0100488 -0.0231052  0.0452596  0.0864717  0.0156309 -0.0263619   0.011474 -0.0106557 0.00290188    0.11591 0.00105857   0.013812 0.040115 0.173358 -9.80739 
             9.29983 -0.473042    2.8219 -0.626018     0.024683   -0.0278948 -0.000747894 -0.00198731    0.641845 0.000933619 -0.0100513 -0.0231073  0.0452486    0.14312  0.0214516 -0.0174739   0.011707  -0.011339 0.00316893   0.116624 0.00180816  0.0126101 0.0395243  0.172722   -9.8074 
             9.39933  0.870775   1.85613 -0.543104    0.010559  -0.0267843 -0.00479055 0.00037577   0.657648 0.00148235 -0.0100563 -0.0231111  0.0452486   0.0830092 -0.00950283  -0.0242544  0.0102928 -0.0102925 0.00307728   0.119556 0.00132515  0.0134197 0.0367988  0.173209   -9.8074 
             9.49981  0.979043   1.76175 -0.431688  0.00371069  -0.0267495 -0.00521367  0.0016822   0.667111 0.00173383 -0.0100544 -0.0231066  0.0452488  0.0603193 -0.0227066   -0.02337  0.0101813 -0.0101926 0.00296222    0.12133 0.00108067    0.01327 0.0352095  0.173482   -9.8074 
             9.59899   0.74627   1.58727 -0.375182 -0.00230744  -0.0283634 -0.00961902 0.00181887   0.674408 0.00183276 -0.0100551 -0.0231041  0.0452531  0.0403187 -0.0285833 -0.0269843   0.0104353 -0.00998965  0.00290383   0.122673 0.00104726  0.0136985 0.033953 0.173538 -9.80741 
             9.69894  0.615698    1.5387 -0.374847 -0.00471276  -0.0297644  -0.0169127 0.00265727   0.678492 0.00193963 -0.0100564 -0.0231029  0.0452576  0.0311992 -0.0324629 -0.0328143  0.0105744 -0.0099328 0.00290045    0.123408 0.000875913   0.0144226 0.033228 0.173698 -9.80741 
             9.79845  0.603187   1.57499 -0.340027 -0.00756938  -0.0316503  -0.0235557 0.00373812   0.682261 0.00207985 -0.0100568 -0.0231018  0.0452586  0.0245216 -0.0377329 -0.0388899   0.0105928 -0.00995885  0.00286952    0.124094 0.000661278     0.01495 0.0325656    0.1739   -9.8074 
             9.89908  -0.32537   2.26931 -0.512232 -0.0093096 -0.0405881 0.00629047 0.00110029   0.685896 0.00151431 -0.0100786 -0.0231253  0.0452024   0.0360859  -0.0423252 0.000439274  0.0116056  -0.010694 0.00305745   0.124926 0.00127671  0.0100734 0.0321919  0.173376  -9.80741 
             9.99948  -0.73468   2.46407 -0.555936 -0.00627279  -0.0435374   0.0224089 0.00256201   0.686539 0.00183727 -0.0100813 -0.0231363  0.0452056  0.0514628 -0.0287787  0.0202586  0.0120374 -0.0108887 0.00310618   0.125175 0.00102748 0.00773873 0.0321444  0.173597  -9.80741 
             10.1012  0.137207   1.89036 -0.518458 -0.00560348  -0.0389272   0.0101744 0.00781282   0.689053 0.00257555 -0.0100929 -0.0231446  0.0451817  0.0466174 -0.0152729  0.0029153  0.0111148 -0.0102688  0.0030626     0.125558 -3.77642e-05   0.00988347 0.0316592  0.174565   -9.8074 
             10.1983 -0.624878   2.67514 -0.338264 -0.00327276   -0.033821   -0.011604 0.00928622   0.692707 0.00287458 -0.0100829 -0.0231371  0.0451771  0.0760493  0.0224114 -0.0229312  0.0119143 -0.0110745 0.00287213     0.126128 -0.000386141    0.0127993 0.0309411  0.174887  -9.80739 
             10.2984  -0.65686   2.73317 -0.525745 -0.00337376  -0.0301559  -0.0129314  0.0100295   0.697917 0.00317137 -0.0100835 -0.0231389  0.0451692   0.082431  0.0367142 -0.0204882  0.0119291 -0.0111254   0.003052     0.127119 -0.000529842    0.0126985 0.0300533  0.175024  -9.80739 
             10.3985 -0.660849   2.77601 -0.488785 -0.00310555  -0.0267801  -0.0130554 0.00945914   0.703294 0.00327337 -0.0100835 -0.0231391  0.0451649   0.091057  0.0468845 -0.0202498  0.0119309  -0.011146 0.00301656     0.128145 -0.000419132    0.0124587 0.0291442  0.174936   -9.8074 
             10.4985 -0.765063   3.04057 -0.507224 -0.00243422  -0.0252955   -0.022832 0.00563711   0.709861 0.00294626  -0.010081 -0.0231372  0.0451585   0.105179  0.0537718 -0.0295309  0.0120231 -0.0113952 0.00303489    0.129323 0.000291738   0.0135542 0.0280095   0.17431  -9.80741 
             10.5985 -0.717359   2.92772 -0.490771 -0.000925361   -0.0237174   -0.0206605 0.00262322   0.715707  0.0027081 -0.0100821 -0.0231367  0.0451625  0.110431 0.0539331 -0.022839    0.01197 -0.0112621 0.00302362    0.130454 0.000877995    0.012939 0.0270364   0.17381  -9.80742 
             10.6985 -0.679343   2.86021 -0.490629 0.000625826  -0.0228421  -0.0175945 -0.00102623     0.72184  0.00239942  -0.010083 -0.0231359  0.0451696  0.112571 0.0530614 -0.017425  0.0119214 -0.0111768 0.00302001  0.131641 0.0015881 0.0122992 0.0260193  0.173208  -9.80744 
             10.7985 -0.642388   2.80988 -0.494205 0.00197228 -0.0223959 -0.0142506 -0.00496587    0.728249  0.00206599 -0.0100838 -0.0231352  0.0451768   0.113325  0.0516997 -0.0112887   0.011872 -0.0111052 0.00302054   0.132876 0.00235209  0.0117117 0.0249584  0.172562  -9.80745 
             10.8985 -0.630662   2.74293 -0.514234 0.00440077 -0.0231769 -0.0149194 -0.00984262    0.733995  0.00158853 -0.0100851 -0.0231357  0.0451823   0.114913  0.0467769 -0.0103182  0.0118472 -0.0110126 0.00304721  0.133951 0.0032836 0.0117775 0.0239817  0.171741  -9.80747 
             10.9986 -0.623924   2.69999  -0.53096 0.00597733 -0.0238246 -0.0144938 -0.0141466   0.740281  0.0011859 -0.0100862 -0.0231363  0.0451851    0.11431  0.0425409 -0.0107646  0.0118318 -0.0109503 0.00306648   0.135134 0.00410612  0.0117094 0.0229181  0.171023  -9.80748 
             11.0998 -0.615553   2.66429 -0.540116 0.00691808 -0.0244265 -0.0135137  -0.0179639     0.74686 0.000844961 -0.0100874 -0.0231367  0.0451857   0.112223  0.0390814 -0.0095267  0.0118103 -0.0108982 0.00307211   0.136376 0.00483612  0.0116036 0.0218039  0.170389   -9.8075 
             11.1985 -0.606896   2.63387 -0.543074  0.0068883 -0.0251807 -0.0123459  -0.0213867    0.753579 0.000560542 -0.0100888 -0.0231369  0.0451843     0.10807   0.0358977 -0.00935805  0.0117939 -0.0108471  0.0030718   0.137645 0.00549138  0.0115166 0.0206611  0.169821  -9.80751 
             11.2985 -0.600969   2.61544 -0.543949 0.00667709 -0.0256431 -0.0114946  -0.0242994     0.76014 0.000350091 -0.0100903 -0.0231368  0.0451812    0.104975   0.0343876 -0.00851795  0.0117775 -0.0108034 0.00307349   0.138883 0.00604884  0.0114919 0.0195382  0.169336  -9.80752 
             11.3985 -0.598604   2.54491 -0.604008  0.0118573 -0.0263558 -0.0108095  -0.0272478    0.763341 3.26723e-05 -0.0100905 -0.0231375  0.0451783    0.110791   0.0326203 -0.00654214  0.0117543 -0.0107326 0.00311057    0.13949 0.00661844  0.0114338 0.0189814  0.168838  -9.80753 
             11.4986 -0.591772   2.53253 -0.580728   0.0101861  -0.0263315 -0.00992953   -0.0293897     0.770533 -1.77442e-05 -0.0100915 -0.0231371  0.0451733    0.101288   0.0325435 -0.00563981  0.0117309 -0.0106823 0.00309547   0.140849 0.00702557  0.0114692 0.0177449   0.16849  -9.80754 
             11.5985 -0.583981   2.53629 -0.569516  0.00810968  -0.0263179 -0.00953616  -0.0315471    0.777274 -7.5213e-05 -0.0100927 -0.0231362  0.0451671  0.0927677  0.0334168 -0.0062492  0.0117073  -0.010644 0.00308805    0.14212 0.00743432  0.0115573 0.0165809  0.168139  -9.80754 
                11.7 -0.582426   2.54539 -0.554036  0.00620331  -0.0262594 -0.00955138   -0.0337586     0.783477 -0.000161234 -0.0100939 -0.0231351  0.0451603   0.0878856   0.0340982 -0.00558822  0.0116882 -0.0106182 0.00307665   0.143288 0.00785329  0.0116752 0.0155064  0.167778  -9.80755 
             11.7985  -0.57834   2.56115 -0.542717  0.00426557  -0.0263115 -0.00955431   -0.0360472     0.789175 -0.000283367 -0.010095 -0.023134 0.0451534   0.0827713    0.034096 -0.00497729  0.0116694 -0.0106026 0.00306751   0.14436 0.0082877 0.0117894 0.0145186  0.167406  -9.80756 
             11.8985  -0.57751   2.57858 -0.532488 0.00291577 -0.0262843 -0.0098639   -0.0383341     0.794372 -0.000433858 -0.0100957  -0.023133  0.0451469   0.0805441   0.0347137 -0.00687545  0.0116563  -0.010592 0.00305697   0.145335 0.00872072  0.0119127 0.0136188  0.167035  -9.80757 
             11.9985 -0.575478   2.59094 -0.525038 0.00191469 -0.0261721 -0.0104043   -0.0406884     0.799225 -0.000615227 -0.0100962 -0.0231322   0.045141  0.0780705  0.0350734 -0.0101066  0.0116428 -0.0105852  0.0030501   0.146245 0.00916736  0.0120192 0.012781 0.166655 -9.80758 
             12.0986 -0.576532   2.60282 -0.519279 0.00113768 -0.0261934 -0.0110452   -0.0430943     0.803846 -0.000830546 -0.0100966 -0.0231316  0.0451355  0.0785129  0.0343497 -0.0106436  0.0116367 -0.0105743 0.00304667   0.147114 0.00962724   0.012108 0.0119841  0.166264  -9.80758 
             12.1985 -0.574933   2.61609 -0.518279 0.000768148  -0.0262652  -0.0115206 -0.0454682   0.808246 -0.0010603 -0.0100967 -0.0231312  0.0451306   0.0786866    0.033859 -0.00967423  0.0116312 -0.0105649 0.00304116  0.147946 0.0100849 0.0121713 0.0112267  0.165879  -9.80759 
             12.2985 -0.586118   2.63551 -0.525219 0.00173269 -0.0259915 -0.0130443 -0.0477123   0.812078 -0.0012934 -0.0100967  -0.023131  0.0451263  0.0828966  0.0348044 -0.0124719  0.0116394 -0.0105647 0.00305064  0.148663 0.0105164 0.0123389 0.0105613  0.165504   -9.8076 
             12.3985  -0.58548   2.63069 -0.525474 0.00168837 -0.0261603 -0.0134742   -0.050176    0.816491 -0.00153791 -0.0100967 -0.0231309  0.0451223  0.0821656  0.0338289 -0.0123775  0.0116378 -0.0105451 0.00305121  0.149502 0.0109938 0.0123723 0.00980577   0.165105   -9.80761 
             12.4986 -0.586399   2.62935 -0.525287  0.0014955  -0.026364 -0.0136694  -0.0525931    0.820895 -0.00176927 -0.0100968 -0.0231308  0.0451187  0.0814519  0.0340435 -0.0112914  0.0116309 -0.0105282 0.00304502  0.150342 0.0114637 0.0123869 0.00905278   0.164715   -9.80761 
             12.5996 -0.586363   2.62627 -0.523802 0.00137908 -0.0264604 -0.0138565  -0.0549184     0.82525 -0.00198887 -0.0100971 -0.0231307  0.0451155   0.081552  0.0334052 -0.0113597  0.0116282  -0.010515 0.00304647  0.151174 0.0119159 0.0123987 0.0083092  0.164342  -9.80762 
             12.6986 -0.586644   2.62481 -0.523071 0.00104266 -0.0266936 -0.0138994  -0.0571854    0.829552 -0.00220307 -0.0100975 -0.0231306  0.0451126  0.0804493  0.0315475 -0.0118735  0.0116236 -0.0105025 0.00304307  0.151998 0.0123571 0.0124085 0.00757487   0.163978   -9.80763 
             12.7994 -0.542629   2.67358 -0.522441 0.000434856    -0.02658 -0.00914456  -0.0588175    0.833807 -0.00229617  -0.010098 -0.0231304  0.0451102    0.079883   0.0295241 -0.00447851  0.0115772 -0.0105382 0.00303948  0.152853 0.0126864 0.0118885 0.00687236   0.163759   -9.80763 
             12.8983 -0.760025   2.53171 -0.496083 0.00414922 -0.0231974 -0.0136931  -0.0592935    0.836076 -0.00228077 -0.0100981 -0.0231295  0.0451098  0.0844739  0.0439258 -0.0101247  0.0117784 -0.0103893 0.00301083  0.153251 0.0127647 0.0123794 0.00647144   0.163659   -9.80763 
             12.9988 -0.488084   2.62293 -0.504612 0.0090811 -0.021185 -0.016338  -0.0606663    0.838218 -0.00242616 -0.0100983 -0.0231297  0.0451099  0.0943872  0.0425938 -0.0122002  0.0115087 -0.0104636 0.00301703  0.153643 0.0130268 0.0126277 0.00609592   0.163421   -9.80764 
             13.0986 -0.429719   2.61679 -0.529678  0.0133267 -0.0200222 -0.0162453  -0.0624018    0.840806 -0.00261785 -0.0100985 -0.0231299  0.0451102  0.0990529   0.039114 -0.0100172  0.0114494 -0.0104456  0.0030374  0.154144  0.013368 0.0125737 0.00565377   0.163143   -9.80764 
             13.1986 -0.403226   2.65337 -0.565634  0.0149779 -0.0203471 -0.0159675  -0.0646876    0.844801 -0.00285184 -0.0100984 -0.0231305  0.0451084  0.0983543  0.0329549 -0.0123079  0.0114136 -0.0104693  0.0030724  0.154915 0.0138152 0.0125342 0.00497231    0.16278   -9.80765 
             13.3007 -0.407519   2.63837 -0.571315  0.0158433 -0.0210676 -0.0160086  -0.0669131    0.849074 -0.00305809 -0.0100986 -0.0231311  0.0451054  0.0961362  0.0276475 -0.0127524  0.0114067 -0.0104417  0.0030812  0.155739 0.0142496 0.0125211 0.00424321   0.162427   -9.80765 
             13.3988 -0.416305   2.61573 -0.587521   0.015768 -0.0219179 -0.0162207  -0.0688779    0.853388 -0.00320926 -0.0100988 -0.0231315  0.0451021  0.0918192  0.0234453 -0.0118107  0.0114041 -0.0104117 0.00310146  0.156572 0.0146332 0.0125307 0.00350497   0.162118   -9.80766 
             13.5078 -0.427071    2.6031 -0.590756  0.0163308 -0.0224451 -0.0165762   -0.070627    0.857564 -0.00331714 -0.0100992 -0.0231316  0.0450987   0.0893251   0.0214396 -0.00988375  0.0114071 -0.0103862 0.00310252   0.15738 0.0149748 0.0125564 0.00278827   0.161845   -9.80766 
             13.5985 -0.349209    2.5837 -0.631574  0.0172124 -0.0243929 -0.0112457  -0.0723796    0.860512 -0.00347914 -0.0100994 -0.0231318   0.045097   0.0869202   0.0142749 -0.00418703  0.0113304 -0.0103504 0.00313651  0.157999 0.0153373 0.0119916 0.00229001   0.161594   -9.80767 
             13.6986 -0.404976   2.54266 -0.597933  0.0153653 -0.0238179 -0.0123856  -0.0733124    0.864796 -0.00340063 -0.0100996  -0.023131  0.0450949   0.0794689   0.0164042 -0.00583434  0.0113776 -0.0102967  0.0031091  0.158816 0.0155089 0.0121669 0.00155894   0.161462   -9.80767 
             13.7986 -0.413016   2.53759 -0.581286  0.0135985 -0.0234559 -0.0131036  -0.0744099     0.86873 -0.00337342 -0.0101002 -0.0231299  0.0450924   0.0744356   0.0182557 -0.00742663  0.0113818 -0.0102842 0.00309842  0.159572 0.0157167 0.0122851 0.000885337    0.161305    -9.80767 
             13.8986 -0.403499   2.56972  -0.56641  0.0119191 -0.0231595    -0.0135  -0.0755882    0.872396 -0.00337301 -0.0101007 -0.0231288  0.0450892  0.0702164  0.0192738 -0.0079853  0.0113651 -0.0103047 0.00308424  0.160281 0.0159435 0.0123512 0.000256544    0.161135    -9.80768 
             13.9999 -0.397676   2.58588 -0.550447  0.0105287 -0.0229896 -0.0139972  -0.0768389     0.87578 -0.00340629 -0.0101012 -0.0231277  0.0450858   0.0681935   0.0202505 -0.00909465  0.0113515 -0.0103099 0.00306713  0.160935 0.0161861 0.0124141 -0.000325842     0.160953     -9.80768 
             14.0986 -0.389996   2.60852  -0.54121 0.00924882 -0.0228856 -0.0143459  -0.0781204    0.878949 -0.00346441 -0.0101017 -0.0231268  0.0450825   0.0663498   0.0197403 -0.00948345  0.0113405 -0.0103188 0.00305434   0.16155 0.0164367 0.0124601 -0.000872365     0.160763     -9.80768 
             14.1985 -0.385243   2.86306 -0.624282  0.0143747 -0.0249611 -0.0235004   -0.080574    0.880674 -0.00387641 -0.0100997 -0.0231268  0.0450791  0.0851269  0.0167985 -0.0231539  0.0113226 -0.0105316 0.00312889  0.161807  0.016901 0.0133367 -0.00119813    0.160335    -9.80769 
             14.2985 -0.445897   2.90221 -0.661986  0.0181284 -0.0260901 -0.0277467  -0.0823394    0.882848 -0.00413073 -0.0100987 -0.0231272  0.0450746  0.0938521  0.0158505 -0.0271325  0.0113665 -0.0105504 0.00315817  0.162209 0.0172453 0.0136042 -0.00158488    0.160047    -9.80769 
             14.3987 -0.506841   2.86361 -0.693627  0.0211832 -0.0270138 -0.0309741  -0.0839216    0.885379 -0.00433118 -0.0100981 -0.0231276  0.0450711  0.0984524  0.0158618 -0.0285952  0.0114123 -0.0104953 0.00318512  0.162697  0.017558 0.0137248 -0.00203075    0.159798     -9.8077 
             14.4987 -0.562567   2.80891 -0.717661  0.0235437 -0.0275731 -0.0333042 -0.0853918   0.888235 -0.0044796 -0.0100977 -0.0231281   0.045069   0.100926  0.0170651 -0.0289308  0.0114552 -0.0104294 0.00320651  0.163263 0.0178521 0.0137359 -0.00253246    0.159574     -9.8077 
             14.5986 -0.715686   2.59452 -0.769155  0.0282619 -0.0278179 -0.0409668  -0.0870445    0.890146 -0.00473302 -0.0100985 -0.0231274  0.0450677   0.100554  0.0243987 -0.0385948  0.0115837 -0.0102242 0.00325031  0.163588  0.018169 0.0143038 -0.00288468    0.159299    -9.80771 
             14.6985 -0.836066   2.36953 -0.801552  0.0326781 -0.0272417 -0.0470342  -0.0885764    0.892046 -0.00494047 -0.0100994  -0.023127  0.0450677  0.0953226   0.033485 -0.0422967  0.0116896 -0.0100033 0.00327718  0.163938 0.0184712 0.0145991 -0.00323375     0.15905    -9.80771 
             14.7986 -0.806899   2.29137 -0.760205  0.0326455 -0.0284184 -0.0488264  -0.0910163    0.895583 -0.00521253 -0.0101009 -0.0231266    0.04507  0.0852132  0.0317536 -0.0412466  0.0116527 -0.0099197 0.00324164   0.16466 0.0189761 0.0144295 -0.00387384    0.158675    -9.80772 
             14.8986  -0.81685   2.25575 -0.762069  0.0319503 -0.0290453 -0.0498512  -0.0931271    0.899091 -0.00541384 -0.0101021  -0.023126  0.0450715   0.076582  0.0311809 -0.0378116   0.0116548 -0.00987532  0.00324112  0.165385 0.0194155  0.014198 -0.00450727    0.158363    -9.80772 
             14.9992 -0.822796   2.24335 -0.759878  0.0308293 -0.0293519 -0.0503533  -0.0950598    0.902516 -0.00558078 -0.0101031 -0.0231252  0.0450717  0.068157 0.0322076 -0.034906   0.0116631 -0.00985589   0.0032412  0.166096 0.0198184 0.0139272 -0.00512508    0.158087    -9.80772 
             15.0986 -0.683902   2.52278 -0.714716  0.0237333 -0.0300808  -0.043314  -0.0970293    0.908291 -0.00559371 -0.0101058 -0.0231216  0.0450657  0.0617403  0.0269813 -0.0215877  0.0115363 -0.0100877 0.00319168  0.167351 0.0202482 0.0129149 -0.00614036    0.157876    -9.80773 
             15.1986 -0.599424   2.65134 -0.697034  0.0195185 -0.0302248 -0.0389162  -0.0985264    0.912521 -0.00561457 -0.0101078 -0.0231187  0.0450589  0.0577308  0.0238881 -0.0126713  0.0114565 -0.0101855 0.00317252  0.168259 0.0205698 0.0122936 -0.00688908    0.157715    -9.80773 
             15.2996 -0.524894   2.74483  -0.66746   0.016464 -0.0303694 -0.0356535  -0.0999011    0.916118 -0.00566009 -0.0101094 -0.0231162  0.0450524   0.0572477   0.0206186 -0.00772987  0.0113891 -0.0102597 0.00313949  0.169022  0.020861 0.0118454 -0.00752745    0.157561    -9.80773 
             15.3996 -0.426224   2.67475 -0.641285  0.0149281 -0.0304226 -0.0278878   -0.100889    0.918882 -0.00565986 -0.0101109 -0.0231127   0.045049  0.0551086  0.0156298 0.00415942  0.0112978 -0.0101831 0.00311539   0.16966 0.0210894 0.0109647 -0.00802298    0.157487    -9.80773 
             15.4985 -0.363111   2.58646 -0.642384  0.0152186 -0.0311261 -0.0205337   -0.101873    0.920798 -0.00572803 -0.0101112 -0.0231106  0.0450478  0.0567904 0.00998075  0.0123225  0.0112378 -0.0100953 0.00311137  0.170111 0.0213143  0.010251 -0.00837305    0.157388    -9.80773 
             15.5986 -0.313104   2.50246 -0.636433  0.0153849 -0.0314089 -0.0151559    -0.10257    0.922679 -0.00574232 -0.0101109 -0.0231097  0.0450472  0.0553382 0.00757521  0.0167085  0.0111936 -0.0100114 0.00310894   0.170528  0.0214694 0.00984107 -0.00870753     0.15732    -9.80773 
             15.6986  -0.27533   2.44063 -0.629809  0.0152708   -0.03142 -0.0103867   -0.103046    0.924528 -0.00570953 -0.0101108 -0.0231091   0.045047  0.0529012 0.00543464  0.0210922   0.0111519 -0.00994873  0.00309869   0.170926  0.0215751 0.00955355 -0.00903097     0.15728    -9.80773 
             15.7986 -0.217154   2.48042 -0.624578   0.0154301  -0.0312669 -0.00602855   -0.103326    0.926271 -0.00564484 -0.0101109 -0.0231088  0.0450463  0.0528188 0.00309856   0.024567   0.0110902 -0.00997284  0.00309123   0.171296  0.0216373 0.00935824 -0.00933247    0.157264    -9.80773 
             16.0985  0.792305   2.51155 -0.655052  0.0154051 -0.0403238  0.0171625  -0.102545   0.930433 -0.0051202 -0.0101112 -0.0231046  0.0450425  0.0578089 -0.0621839  0.0414527   0.0102181 -0.00998557  0.00311848  0.172255  0.021505 0.0083086 -0.010056  0.157503  -9.80773 
                16.2 -0.111999   1.81075 -0.546853 0.00511603 -0.0305641  0.0119844   -0.100399     0.93296 -0.00436732 -0.0101113 -0.0231033  0.0450622  0.0129024 -0.0134318  0.0319606   0.0109383 -0.00938814  0.00301731   0.172681  0.0210277 0.00909318 -0.0104214   0.157884   -9.80772 
             16.2985  -0.13221   1.70733 -0.513606 0.00351597 -0.0287314  0.0111064  -0.0998108     0.93358 -0.00419223 -0.0101115 -0.0231027   0.045065  0.00351613 -0.00705919   0.0254039   0.0109462 -0.00929058  0.00298185   0.172774  0.0208914 0.00942732 -0.0105062   0.157996   -9.80772 
             16.3985  0.261089   2.38759 -0.485319 -0.00531927  -0.0313926   0.0182407   -0.100022    0.936331 -0.00392278 -0.0101126 -0.0231014   0.045058 0.00420512  -0.022063  0.0293273   0.0106243 -0.00985288  0.00296277  0.173357 0.0209502 0.0091116 -0.0109802   0.157977   -9.80772 
             16.4985  0.342942   2.76175 -0.426607 -0.0105807 -0.0311334  0.0161105 -0.0995965   0.938378   -0.00359 -0.0101098 -0.0231012  0.0450454  0.0126156 -0.0234968  0.0220731  0.0105585 -0.0101576 0.00291163   0.173729   0.020834 0.00952895 -0.0112999   0.158091   -9.80772 
             16.5987  0.320914   3.47532 -0.306983   -0.0119113   -0.0242322 -6.24406e-05  -0.0979277    0.940673 -0.00283911 -0.0100942 -0.0231004  0.0450312   0.0450396 -0.00518552 0.000740771    0.01056 -0.0107438 0.00281344   0.17406 0.0203918 0.0109581 -0.011607   0.15849  -9.80771 
             16.6987  0.308543   3.58531 -0.277158 -0.0114186 -0.0203481 -0.0173305  -0.0976732    0.942854 -0.00247339  -0.010085 -0.0230989  0.0450234  0.0669167 0.00120833 -0.0194059  0.0105642  -0.010826 0.00278739  0.174364 0.0202543 0.0123246 -0.0119061   0.158664   -9.80771 
             16.7986  0.238646   3.71515 -0.270464 -0.00963829  -0.0188829  -0.0300611  -0.0980692    0.945044 -0.00232282 -0.0100802 -0.0230975  0.0450181  0.0893308  0.0022113 -0.0329149  0.0106186 -0.0109164 0.00278668   0.17472 0.0202851 0.0131821 -0.0122398   0.158692   -9.80771 
             16.8987  0.181448   3.46659 -0.530025 -0.0111396 -0.0275514  -0.015993    -0.10009    0.947169 -0.00273158  -0.010069 -0.0231041  0.0450162  0.0879818 -0.0289687 -0.0148262  0.0106368 -0.0107124 0.00297281    0.1753 0.0207771 0.0119252 -0.0126433   0.158226   -9.80772 
             16.9985 0.0268906   3.24574  -0.55404 -0.00818576  -0.0359883  0.00198645   -0.100699    0.948114 -0.00283897 -0.0100644 -0.0231097  0.0450173  0.0916335 -0.0497093 0.00540846  0.0107499 -0.0105247 0.00298883  0.175659 0.0209838 0.0104751 -0.0128328   0.157955   -9.80772 
             17.0985 0.0140347   2.61119 -0.490484 -0.00396441  -0.0359109 -0.00437999  -0.0992656    0.949384 -0.00236152 -0.0100666 -0.0231084  0.0450283    0.086313   -0.037971 -0.00144448  0.0107621 -0.0100009 0.00293298  0.175867 0.0206421 0.0110018 -0.0130502   0.158266   -9.80771 
             17.1985 -0.0181854    2.08466  -0.585342  -0.0070804  -0.0424024 -0.00411098   -0.100341    0.952501 -0.00237656 -0.0100666   -0.02311  0.0450477   0.0591998  -0.0466053 -0.00274701   0.0107818 -0.00954468  0.00301851  0.176509 0.0208594 0.0110286 -0.013581  0.158097  -9.80772 
             17.2987  0.207719  0.950625 -0.500306 -0.0106991 -0.0402061 0.00162611  -0.0969751    0.953974 -0.00151024 -0.0100591 -0.0231098  0.0450623 0.00992699 -0.0390452 0.00437274   0.0105978 -0.00859542    0.002942  0.176878 0.0201477 0.0106076 -0.013828  0.158624  -9.80771 
             17.3985   1.09101   1.04695 -0.417935 -0.0141866 -0.0363678 -0.0156454   -0.0945496     0.955795 -0.000904662 -0.0100576 -0.0231201  0.0450291 -0.00527166  -0.0436948  -0.0151315  0.00985343 -0.00866745  0.00287263  0.177114 0.0195347 0.0119426 -0.0141219   0.159227    -9.8077 
             17.5985  0.897142   1.97223 -0.167254 -0.0207914  -0.038146 -0.0244253   -0.0919194     0.959057 -0.000445442 -0.0100437 -0.0231159  0.0450162 -0.000726291   -0.0610272   -0.0210291   0.0100256 -0.00943467  0.00267294  0.177761 0.0189366 0.0122588 -0.0146488   0.159732   -9.80769 
             17.6986  0.251393    1.7733 -0.301566 -0.0259569 -0.0341113 -0.0062855  -0.0873841    0.959539 0.000633234  -0.010039 -0.0231178  0.0450313 -0.0180003  -0.041833 0.00319098   0.0105361 -0.00925563   0.0027705  0.178052 0.0180331  0.010754 -0.0147698   0.160288   -9.80768 
             17.7985  0.822174   1.80667 -0.188851 -0.0245172 -0.0302649  -0.015629 -0.0848437    0.95913 0.00135621 -0.0100359 -0.0231215  0.0450278  -0.0107651  -0.0414901 -0.00748246  0.0100634 -0.0092736 0.00267411  0.177894 0.0174393 0.0114483 -0.014655  0.160846  -9.80767 
             17.8985  0.545746   2.27039 -0.347609 -0.0184136 -0.0346075 -0.0187032 -0.0851772   0.957917 0.00113093 -0.0100362 -0.0231206  0.0450353   0.0128921  -0.0498661 -0.00978994    0.010283 -0.00964108  0.00280748  0.177629 0.0175138 0.0115629 -0.014445  0.160805  -9.80767 
             17.9988  0.122486   2.70229 -0.453017 -0.0172959 -0.0375713 -0.0087811 -0.0838681   0.958111 0.00138734  -0.010043 -0.0231248  0.0450363  0.0273855 -0.0490885 0.00164167   0.0106166 -0.00997994  0.00288815  0.177771 0.0172736 0.0107251 -0.0145645   0.160878   -9.80767 
             18.0986 0.0769363   2.90675 -0.471529  -0.0125019  -0.0385765 -0.00361186 -0.0821364   0.957761 0.00187178 -0.0100481 -0.0231259  0.0450428  0.0483064 -0.0449966 0.00664872  0.0106552 -0.0101327  0.0028981  0.177748 0.0169173 0.0103329 -0.0145648   0.161104   -9.80767 
             18.2985 -0.0572695    2.03396  -0.526621 -0.0125556 -0.0444352 -0.0113781 -0.0818385   0.958994 0.00212893 -0.0100515 -0.0231247  0.0450485   0.0267249  -0.0384592 -0.00338632   0.0107566 -0.00941492   0.0029356  0.177928 0.0168018 0.0109644 -0.0147079   0.161275   -9.80766 
             18.3985 0.137318   1.5059 -0.39222  -0.0124314  -0.0379646 -0.00306339 -0.0777905   0.958436 0.00317708 -0.0100455 -0.0231259  0.0450435 0.00577721 -0.0245384 0.00920784   0.0106005 -0.00897706   0.0028261  0.177905 0.0159415 0.0103142 -0.0147282   0.161855   -9.80765 
             18.4985  0.503894   1.57905 -0.356876 -0.0149722 -0.0300527 -0.0284946  -0.076201   0.960392 0.00388139 -0.0100424 -0.0231303  0.0450218  0.00292442 -0.00803552   -0.022006    0.010302 -0.00902882  0.00279528  0.178099 0.0154728 0.0121588 -0.0148337   0.162444   -9.80764 
             18.5986  0.566239   1.99856 -0.351627 -0.0207425 -0.0290526 -0.0274255 -0.0752101   0.961998 0.00417616 -0.0100416 -0.0231289  0.0450163 -0.00174939  -0.0156934  -0.0173034   0.0102569 -0.00935987  0.00279379   0.17847 0.0152666  0.011924 -0.0151429   0.162571   -9.80764 
             18.6987  -0.36034   2.51055 -0.402856 -0.0225622 -0.0359689 -0.0159141 -0.0766293   0.962364 0.00364921 -0.0100491 -0.0231377  0.0449915 0.00855618 -0.0204632 -0.0040433   0.0109887 -0.00976054  0.00283315  0.178651  0.015623 0.0109696 -0.0153411   0.162182   -9.80765 
             18.7986 -0.566402   2.70011 -0.422234 -0.0197972 -0.0382424 -0.0161349 -0.0769384   0.962214  0.0035632 -0.0100495 -0.0231381  0.0449901   0.0257447  -0.0127383 -0.00465324     0.01115 -0.00989995  0.00284715  0.178622 0.0156931 0.0109329 -0.0153211   0.162125   -9.80765 
             18.8986  0.299036   2.75378 -0.302539  -0.024543 -0.0347315  -0.016603 -0.0747654   0.963856 0.00439684 -0.0100464 -0.0231412  0.0449678   0.0258372  -0.0143128 -0.00492534  0.0104488 -0.0099324  0.0027533  0.178979  0.015188 0.0110013 -0.0156024   0.162516   -9.80764 
             18.9987 -0.447047   3.15183 -0.296802   -0.019638  -0.0326213 -0.00359777 -0.0733569   0.963258 0.00460758 -0.0100524 -0.0231459  0.0449721   0.0505346 5.04639e-05   0.0108431  0.0110342 -0.0102418 0.00274421   0.178981  0.0149228 0.00996284 -0.0156602   0.162629   -9.80764 
             19.1007 -0.430953   3.21618 -0.331122 -0.0149351 -0.0304816 0.00609573  -0.072244   0.963289 0.00492733 -0.0100553 -0.0231469   0.044973  0.0693021 0.00777566   0.018397  0.0110153 -0.0102858 0.00276902   0.179069  0.0147013 0.00933482 -0.0157626   0.162747   -9.80764 
             19.1986 -0.335703   3.20515 -0.361041 -0.00982065  -0.0286973    0.015701 -0.0715042   0.963626 0.00515765 -0.0100571 -0.0231472  0.0449733 0.0836168 0.0110726 0.0256852  0.0109346 -0.0102644 0.00278734   0.179213  0.0145573 0.00877955 -0.0158988   0.162815   -9.80764 
              20.799 -0.0806658     2.5321  -0.362195   0.245379 -0.0203125   0.040081 -0.0715533   0.963344 0.00507834 -0.0100595 -0.0231483  0.0449738   0.257658 0.00159466  0.0134866   0.0107278 -0.00971957  0.00278988   0.179127  0.0145592 0.00898497 -0.0158328   0.162822   -9.80764 
             21.9006 -0.225338    1.2174 -0.427511  -0.152033 -0.0182766 -0.0111723 -0.0720045   0.965279 0.00511606 -0.0100634 -0.0231494  0.0449745  -0.218229  0.0192972 -0.0174783   0.0108178 -0.00862198  0.00281199  0.179369 0.0146106  0.010461 -0.0161038   0.162782   -9.80764 
             21.9987 -0.0233755    2.44129  -0.295709 -0.0258662   -0.03414 -0.0336864 -0.0722179   0.965281 0.00508222 -0.0100627 -0.0231502  0.0449782 0.00677876 -0.0129118 -0.0291886  0.0106875 -0.0094337 0.00269924  0.179286 0.0146391 0.0110967 -0.0160337   0.162754   -9.80764 
             22.0987 -0.0124289     2.7835   -0.34667 -0.0199322 -0.0323328 -0.0302663 -0.0719145   0.965111 0.00521721 -0.0100633 -0.0231503    0.04498   0.0381151 -0.00871757   -0.025602   0.0106739 -0.00967456  0.00273736  0.179276 0.0145798 0.0108737 -0.0160372   0.162801   -9.80764 
             22.1987  0.292398   2.80698 -0.422742 -0.0328027 -0.0350112 -0.0134451 -0.0719346   0.966281  0.0051787  -0.010066 -0.0231497  0.0449836 -0.00356343  -0.0301218    -0.01075   0.0104615 -0.00967563  0.00277964   0.179655  0.0146046 0.00999026 -0.0164206   0.162789   -9.80764 
             22.2987  0.564949    3.1196 -0.267298  -0.0340234  -0.0350042 -0.00497321 -0.0714124   0.966354 0.00539643  -0.010067 -0.0231483   0.044982   0.0105519  -0.0366216 -0.00316554   0.0102708 -0.00988334    0.002671   0.179726  0.0144879 0.00955626 -0.0165234    0.16288   -9.80763 
             22.4993  0.964976   1.96929 -0.364873  -0.0217241  -0.0424911 -0.00959083 -0.0708482   0.965086 0.00556799 -0.0100767 -0.0231511  0.0449629  0.0205493 -0.0687668  -0.011111  0.00998199 -0.00904889  0.00272526   0.179399  0.0143211 0.00986903 -0.0162338   0.163008   -9.80763 
             22.5987  0.681092    2.5202 -0.222694 -0.0271927 -0.0304949 -0.0209576 -0.0675942   0.966392 0.00650882 -0.0100749 -0.0231488  0.0449844   0.028014 -0.0353445 -0.0179695   0.0101864 -0.00943744  0.00262293  0.179661 0.0135191 0.0102666 -0.0164202   0.163589   -9.80762 
             22.6987  0.286378   3.19068 -0.207713 -0.0281802 -0.0314939 -0.0186011 -0.0671538   0.967353 0.00663288 -0.0100784 -0.0231514  0.0449831  0.0500577 -0.0325359 -0.0102098   0.0104631 -0.00990667   0.0026167   0.179917  0.0134275 0.00994483 -0.0166509   0.163631   -9.80762 
             22.8989 -0.162904   2.80331  -0.46927  -0.0199181  -0.0410178 0.000667711 -0.0674115    0.96699 0.00663526  -0.010075 -0.0231618  0.0449782  0.0636428 -0.0385246  0.0142865   0.0107773 -0.00961828  0.00281103   0.179986  0.0135187 0.00880977 -0.0168159   0.163508   -9.80762 
              22.999 -0.601769   2.98624 -0.354164 -0.00799434  -0.0351327 -0.00329233 -0.0655953    0.96642  0.0071463 -0.0100734 -0.0231605  0.0449874   0.0930815 -0.00256778   0.0110225   0.0110946 -0.00973765  0.00272839   0.179846  0.0130773 0.00904257 -0.0167059   0.163836   -9.80762 
             23.0988  0.076951    2.2338 -0.425166 -0.00612485  -0.0372061   0.0239029  -0.064459   0.966465 0.00748318 -0.0100682 -0.0231633  0.0450021  0.0662768 -0.0220097  0.0412794   0.0105986 -0.00918319   0.0027834   0.180062  0.0128531 0.00758411 -0.0169757   0.163898   -9.80762 
             23.1988 0.0655171   2.42987 -0.492563 -0.0089425 -0.0374728  0.0327258 -0.0635018   0.968826 0.00790611 -0.0100675  -0.023164  0.0450016  0.0577465 -0.0216837  0.0450233   0.0106051 -0.00932069  0.00283149   0.180625   0.012631 0.00734742 -0.0174058   0.164023   -9.80761 
             23.2987  0.468823   2.58457 -0.484553 -0.00892965  -0.0369095   0.0372897 -0.0623045   0.970447  0.0083493 -0.0100661 -0.0231646  0.0449898  0.0583745 -0.0286632  0.0445478  0.0103144   -0.00943 0.00282542    0.18099  0.0123372 0.00737884 -0.0176781   0.164219   -9.80761 
             23.3988  0.552512   2.15165 -0.398527 -0.00961087  -0.0333121   0.0353596 -0.0605154   0.971929 0.00892047 -0.0100631  -0.023164   0.044981  0.0442451 -0.0218503    0.03671  0.0102517 -0.0091099 0.00276245  0.181282 0.0118826 0.0077547 -0.0178792   0.164549    -9.8076 
             23.4987  0.719644   2.10637 -0.353523 -0.0117744 -0.0326602   0.036882 -0.0594945   0.973598 0.00924345 -0.0100607 -0.0231626  0.0449775   0.032776 -0.0282264  0.0318638   0.0101352 -0.00907435  0.00272899   0.181645  0.0116236 0.00789517 -0.0181408   0.164733    -9.8076 
             23.5987 0.907051  1.57796 -0.36746 -0.0126279 -0.0347066  0.0308075 -0.0593595   0.974379 0.00931986 -0.0100654 -0.0231645  0.0449795  0.0133878 -0.0409117  0.0197763  0.00999291 -0.00867777  0.00273129   0.181752  0.0115561 0.00845472 -0.0182195   0.164819    -9.8076 
             23.6987  0.249432   2.05356 -0.252356 -0.0102933 -0.0337322 0.00395184 -0.0596355    0.97537 0.00930863 -0.0100664 -0.0231598  0.0449999  0.0289426 -0.0201889 -0.0110904    0.010436 -0.00900191  0.00266299   0.18178 0.0115438 0.0100669 -0.01824 0.164952  -9.8076 
              23.799  0.452032   2.71809 -0.344212 -0.0150503 -0.0358687  0.0116236 -0.0589744   0.977651  0.0095913 -0.0100693 -0.0231601  0.0449857   0.0329794  -0.0315963 -0.00133569    0.010293 -0.00946479  0.00273553  0.182369 0.0114065 0.0095732 -0.0186738   0.164992   -9.80759 
             23.8996 -0.219002   2.24173 -0.353309  -0.0198268  -0.0369275 -0.00123529 -0.0593516   0.979726 0.00963638 -0.0100693 -0.0231569  0.0449894  0.0179081 -0.0159334 -0.0161974   0.0107742 -0.00911658  0.00274298  0.182746 0.0114512 0.0103105 -0.0189597   0.165023   -9.80759 
             23.9997 0.0252318   2.75729 -0.318656  -0.0175411  -0.0355823 -0.00591219 -0.0585201   0.980184 0.00995534 -0.0100684 -0.0231569  0.0449908  0.0378075 -0.0142052 -0.0184228  0.0106156 -0.0094573 0.00272156  0.182832 0.0112272 0.0104914 -0.0190251   0.165194   -9.80759 
             24.0992 -0.0308854     3.0205  -0.392319 -0.0173947 -0.0349857 -0.0109238 -0.0580802   0.981523  0.0101681 -0.0100681 -0.0231571  0.0449848   0.0505091 -0.00914067  -0.0212881   0.0106494 -0.00962962  0.00277379  0.183121 0.0111028 0.0106876 -0.0192429   0.165291   -9.80759 
             24.1991 -0.309041   2.98105 -0.478068 -0.0185097 -0.0378233  -0.010012 -0.0586665   0.983143  0.0100615 -0.0100669 -0.0231593  0.0449803   0.0533507 -0.00987852  -0.0177184   0.0108414 -0.00959177  0.00283806  0.183513 0.0112467 0.0105214 -0.0195269   0.165166   -9.80759 
             24.2996 -0.899772   2.42978 -0.495018 -0.0182713 -0.0412338 0.00699761 -0.0589964   0.983725 0.00997113 -0.0100618 -0.0231696  0.0449813   0.0406829 -0.00303757  0.00494363   0.0111978 -0.00923426  0.00284692   0.183787  0.0113626 0.00941877 -0.0196976   0.164977   -9.80759 
             24.3995 -1.04427  2.12437  -0.4954 -0.0163215 -0.0448533  0.0244977 -0.0595787   0.983696 0.00975709 -0.0100572 -0.0231761  0.0449825  0.031173 0.0016907 0.0248162   0.0112829 -0.00902666  0.00284579   0.183903  0.0115425 0.00843979 -0.0197486   0.164773    -9.8076 
             24.4993 -0.957628   1.81438 -0.516047 -0.0147456 -0.0461489  0.0404822 -0.0595588   0.983497 0.00970109 -0.0100534 -0.0231791  0.0449879  0.0179507 0.00774396  0.0387314   0.0112193 -0.00880639   0.0028614   0.183957  0.0115652 0.00767161 -0.0197613   0.164705    -9.8076 
             24.6003 -0.880259   1.62936  -0.52116 -0.0127305 -0.0449902   0.055889 -0.0591353   0.982962 0.00975388 -0.0100499 -0.0231804  0.0449891 0.00715921  0.0179126  0.0524107   0.0111633 -0.00867357  0.00286546   0.183918  0.0114831 0.00702315 -0.0197111    0.16473    -9.8076 
             24.6991 -0.710045   1.53247 -0.504928 -0.0142253  -0.042622  0.0729461 -0.0585388   0.983048 0.00989268 -0.0100464 -0.0231798  0.0449893 -0.00841525   0.0230174   0.0639633   0.0110438 -0.00859898  0.00285396   0.184026  0.0113529 0.00636582 -0.01977   0.1648  -9.8076 
             24.7987 -0.52182   1.5661 -0.47175 -0.0166456  -0.041095   0.093367 -0.0582472   0.983015  0.0099363 -0.0100442 -0.0231778  0.0449906 -0.0192478  0.0234014   0.079138   0.0109195 -0.00861936  0.00282849   0.184117  0.0113027 0.00561284 -0.0198222    0.16483   -9.80759 
             24.8988  0.482946    1.6247 -0.439435  -0.026103 -0.0385947  0.0848891 -0.0579992   0.985269  0.0100286 -0.0100467  -0.023194   0.044974 -0.0345928    0.01006  0.0617541   0.0101861 -0.00865402  0.00280596   0.184532  0.0111915 0.00653924 -0.0201223   0.164877   -9.80759 
             25.0987   0.97585   1.81286 -0.314723 -0.0284681 -0.0282255  0.0458181 -0.0570019   0.985951  0.0104729 -0.0100369  -0.023217   0.044959 -0.0249266 0.00212396 0.00923715  0.00981463 -0.00877766   0.0027174   0.184402   0.010842 0.00890046 -0.0199931    0.16504   -9.80759 
             25.1987   0.73926   2.66826 -0.112514 -0.0331779 -0.0280752  0.0466552 -0.0570908   0.987502  0.0105682 -0.0100375 -0.0232173  0.0449479 -0.00340805 -0.00804208  0.00817779  0.00998726 -0.00936844   0.0025809    0.18478  0.0108545 0.00890054 -0.0202712   0.165028   -9.80759 
             25.2988   0.697536    2.20006 -0.0852813 -0.0245382 -0.0238609  0.0364808 -0.0562755   0.985555  0.0108943 -0.0100372 -0.0232233  0.0449523   0.0102881 -0.00553079 -0.00382015   0.0100179 -0.00902221  0.00255222   0.184248  0.0106299 0.00942619 -0.0198613   0.165184   -9.80759 
             25.3988 -0.0842692    2.44233  -0.276278 -0.0137312 -0.0291365  0.0481463 -0.0572596   0.983479  0.0105323 -0.0100332 -0.0232249  0.0449335  0.0365984 -0.0132931  0.0101474   0.0105259 -0.00917593  0.00267586  0.183831 0.0109026 0.0087655 -0.0195905   0.165018   -9.80759 
             25.4989 0.0862521   2.61098 -0.362218 -0.00814274  -0.0315746    0.048716 -0.0574338   0.983338  0.0104811 -0.0100321 -0.0232244  0.0449328  0.0519673 -0.0195099  0.0102985    0.010402 -0.00929001  0.00273715   0.183789  0.0109482 0.00879905 -0.0195545   0.164991   -9.80759 
             25.5988 0.0982214    2.6322 -0.415728 -0.00397805  -0.0328812   0.0487305 -0.0572582   0.983658  0.0105671 -0.0100328  -0.023225  0.0449333  0.0598162 -0.0221148   0.008369   0.0103893 -0.00929258  0.00276403    0.18386  0.0108993 0.00885052 -0.0196058    0.16502   -9.80759 
             25.6987 -0.177363   2.47235 -0.419886 0.00068232 -0.0310808   0.031992 -0.0570925   0.984458    0.01063 -0.0100322 -0.0232228  0.0449341   0.0655229 -0.00356591  -0.0090657   0.0105744 -0.00917607  0.00276891   0.183928  0.0108354 0.00978049 -0.019602  0.165072  -9.80759 
             25.8987 -0.299605    2.7533 -0.636098 0.00345502 -0.0372535  0.0322439 -0.0583257      0.987  0.0104749 -0.0100288  -0.023228  0.0449295   0.0746176 -0.00976701  -0.0104559  0.0106507 -0.0093594 0.00292568   0.184537  0.0111484 0.00970222 -0.02002 0.164829 -9.80759 
             25.9988 0.00723647    3.14013  -0.417377 0.00268332 -0.0280352 0.00519574 -0.0569867   0.989674  0.0111099 -0.0100137 -0.0232276  0.0449096 0.0855564 0.0156394  -0.03902   0.0104354 -0.00960914  0.00277164  0.185016 0.0107462 0.0110424 -0.0202942   0.165107   -9.80759 
             26.0989 -0.097629   2.39203 -0.580195 0.00213119 -0.0342214  0.0232522 -0.0578584   0.990319   0.011059 -0.0100101 -0.0232296  0.0449225    0.062893 -0.00500453  -0.0176676   0.0105094 -0.00908451  0.00288565  0.185306 0.0109774 0.0099858 -0.0205512   0.164927   -9.80759 
             26.1988   0.18618   2.92428 -0.410556 -0.00679645  -0.0328489   0.0308949 -0.0568862   0.993456  0.0115284 -0.0100089 -0.0232252  0.0449165   0.0580612  -0.0100198 -0.00800731   0.0103084 -0.00945762  0.00276247   0.186118  0.0107161 0.00957056 -0.0211316   0.165075   -9.80759 
             26.2987 0.414776  2.89145 -0.40985 -0.0112998 -0.0333958  0.0292862 -0.0566933   0.995664  0.0117048 -0.0100082 -0.0232233   0.044914   0.0534456  -0.0193899 -0.00891441   0.0101538 -0.00942934  0.00276339   0.186647  0.0106497 0.00965724 -0.0215003   0.165122   -9.80759 
             26.3987 0.639826  2.59135 -0.32448 -0.00734287  -0.0270141   0.0284647 -0.0544903   0.995871  0.0123684 -0.0100023  -0.023222  0.0449031  0.0555617  -0.011758 -0.0075013  0.00999141 -0.00921248  0.00269832    0.18672  0.0100543 0.00961846 -0.0215192   0.165507   -9.80758 
             26.4991  0.172417   2.95759 -0.392465 -0.00678074   -0.028763   0.0331209 -0.0546227   0.997316  0.0122972 -0.0100033 -0.0232236  0.0449002   0.0648395   -0.014058 -0.00126314   0.0103228 -0.00946618  0.00275209   0.187098   0.010096 0.00931963 -0.0217703   0.165471   -9.80758 
             26.5995  0.878045   2.80869 -0.323139 -0.0114513 -0.0309339  0.0181801 -0.0549259    1.00003  0.0123768 -0.0100056 -0.0232266  0.0449036  0.0571507 -0.0346158 -0.0204008  0.00983685 -0.00935898  0.00269755  0.187659  0.010136 0.0101758 -0.0222082   0.165487   -9.80758 
             26.7003  0.834159   2.47243 -0.472086 -0.00317153  -0.0359977   0.0153174 -0.0551748   0.999312  0.0123298 -0.0100053 -0.0232268  0.0449023  0.0632922 -0.0521428 -0.0233414   0.0098625 -0.00910855  0.00280124   0.18748 0.0101989 0.0102169 -0.0220891   0.165449   -9.80758 
             26.7994  0.782555   2.22711 -0.540551  0.0017392 -0.0405075  0.0127899 -0.0548865   0.999484  0.0124246 -0.0100061 -0.0232269  0.0449041  0.0609796 -0.0633535 -0.0242619  0.00989757 -0.00893459  0.00284619  0.187522 0.0101211 0.0102236 -0.0221168     0.1655   -9.80758 
             26.9006 0.0991465   2.68136 -0.713442 0.00661008 -0.0429143  0.0241609 -0.0538562    1.00015  0.0127048 -0.0100082 -0.0232339  0.0449115   0.0717623  -0.0533462 -0.00870113  0.0103046 -0.0092105  0.0029453   0.187776 0.00987015 0.00944038 -0.0222161   0.165594   -9.80758 
             26.9988 -0.0175975    2.85783  -0.746695  0.0101107 -0.0407375  0.0223036 -0.0522505    1.00113  0.0132365 -0.0100104 -0.0232348  0.0449248  0.0793231 -0.0351844 -0.0100464   0.0103887 -0.00932255  0.00296342   0.188016 0.00942791 0.00946828 -0.0223659    0.16588   -9.80757 
             27.0988 0.375241  2.07116 -0.54053 0.00120052 -0.0377138  0.0250565 -0.0505643    1.00407  0.0138601 -0.0100049 -0.0232322  0.0449341   0.0389329  -0.0309091 -0.00700573    0.010141 -0.00880193  0.00282399   0.188779 0.00894013 0.00931811 -0.0228568   0.166186   -9.80757 
             27.1997 0.107607  2.36846 -0.48811 -0.00194621  -0.0348407   0.0222395 -0.0494075    1.00577  0.0142831 -0.00999991    -0.02323   0.0449356  0.0332508 -0.0174624 -0.0106284    0.010339 -0.00899818  0.00279273   0.189194 0.00860945  0.0094136 -0.0231262   0.166411   -9.80756 
             27.2991 -0.115196   2.23934 -0.485945 -0.00638584  -0.0368206   0.0244923 -0.0494947    1.00732  0.0143242      -0.01 -0.0232292  0.0449352   0.020277 -0.0150767 -0.0071424   0.0104942 -0.00889862  0.00279345   0.189595 0.00862853 0.00926487 -0.0233932   0.166392   -9.80756 
             27.3994 -0.412846    1.7247  -0.56109 -0.00579154  -0.0405017   0.0371196 -0.0496702    1.00706  0.0142237 -0.00999612  -0.0232336   0.0449337 0.00378238 -0.0154897 0.00709731   0.0107052 -0.00854004  0.00284927   0.189611 0.00870033 0.00861577 -0.0233568   0.166277   -9.80756 
             27.4987 -0.784492   1.61752 -0.604924 -0.00622456  -0.0446428   0.0461508 -0.0502577    1.00694  0.0140465 -0.00999361  -0.0232367   0.0449287 -0.00839132 -0.00852783   0.0151007   0.0109594 -0.00846121  0.00288473    0.18963 0.00887887 0.00821481 -0.0233521   0.166124   -9.80757 
             27.5989  0.386075   2.26782 -0.436771 -0.0156029 -0.0388848  0.0274557 -0.0490418    1.00959  0.0149569 -0.00998549  -0.0232416   0.0448878 -0.00742435 -0.00760908 -0.00627347   0.0101461 -0.00890124  0.00276635   0.190186 0.00845667 0.00920791 -0.0237727   0.166498   -9.80756 
             27.7001  0.456985   2.42434 -0.413331 -0.0208298 -0.0348937  0.0180577 -0.0482232    1.01081  0.0153406 -0.0099822 -0.0232415  0.0448674 -0.00763199 -0.00372694  -0.0144219   0.0100956 -0.00900453  0.00274617   0.190446 0.00819966 0.00962421 -0.0239594     0.1667   -9.80755 
              27.799   1.03739   2.55965 -0.237431 -0.0285668 -0.0313033  0.0127097 -0.0470739    1.01237  0.0158312 -0.00997642  -0.0232414   0.0448379 -0.0125757 -0.0152593  -0.020938  0.00970891 -0.00909344  0.00262775   0.190821 0.00785464 0.00983332 -0.0242077   0.166939   -9.80755 
             27.8995 -0.305121   2.24014 -0.321501 -0.0234294 -0.0323282  0.0300057 -0.0467266    1.01062  0.0159324 -0.00997438  -0.0232549   0.0448317 -0.00385281 -0.00472657  0.00135046   0.0105646 -0.00888571   0.0026785   0.190526 0.00778536 0.00878379 -0.0239861   0.166905   -9.80755 
             27.9992  0.639676   2.76277 -0.274098 -0.0252346 -0.0308924  0.0186941 -0.0462172    1.01147  0.0162958 -0.00997094  -0.0232584   0.0448296  0.0117357  -0.016545 -0.0111723  0.00991356 -0.00923709  0.00264321   0.190649 0.00761266 0.00939601 -0.0240752    0.16706   -9.80755 
             28.0995  0.862785   2.67129 -0.249624 -0.0221711 -0.0295165 0.00920805 -0.0455943     1.0112  0.0165587 -0.0099708 -0.0232603  0.0448278  0.0236801 -0.0246282 -0.0222601  0.00976243 -0.00916904  0.00262576   0.190532 0.00742551 0.00979932 -0.0240024   0.167209   -9.80755 
             28.2001  0.940876   2.56274 -0.233983 -0.0208696 -0.0295883 0.00195505 -0.0450679    1.01148  0.0167762 -0.0099713 -0.0232613   0.044828  0.0283296 -0.0330741 -0.0285132 0.00971614 -0.0090955  0.0026131   0.190572 0.00726894  0.0100441 -0.024038  0.167324  -9.80754 
             28.2991  0.870647   2.47241 -0.222408  -0.0204536  -0.0298654 -0.00417864 -0.0443768      1.012   0.017034 -0.00997196  -0.0232615   0.0448327  0.0287506 -0.0392587 -0.0316677  0.00976491 -0.00903183  0.00260588  0.190688 0.0070703 0.0101969 -0.0241288   0.167456   -9.80754 
             28.3994  0.820502   2.43211 -0.226185  -0.0201018  -0.0305596 -0.00934304 -0.0435823    1.01255  0.0173047 -0.0099727 -0.0232617   0.044839   0.028714 -0.0444734  -0.034662   0.0097984 -0.00899897  0.00260842   0.190823 0.00684512  0.0102797 -0.0242348   0.167596   -9.80754 
             28.4999  0.773048   2.39374 -0.227194 -0.0191932 -0.0314491 -0.0135681 -0.0426644    1.01298  0.0176032 -0.00997323  -0.0232618   0.0448455  0.0291423  -0.048283 -0.0344403  0.00983346 -0.00896552  0.00261155   0.190937 0.00658758  0.0103004 -0.0243301    0.16775   -9.80754 
             28.5993  0.731434   2.38517 -0.249769 -0.0175723 -0.0327054 -0.0167535 -0.0417136    1.01327  0.0179026 -0.00997377  -0.0232621   0.0448509  0.0318215 -0.0526748 -0.0339913  0.00985903 -0.00895093  0.00262849   0.191026 0.00632246  0.0102683 -0.0244077   0.167903   -9.80753 
             28.6997  0.693878   2.36086 -0.262719 -0.0163938 -0.0337873 -0.0194525 -0.0405974    1.01368  0.0182533 -0.00997418  -0.0232626   0.0448556  0.0316265 -0.0539662 -0.0335364  0.00988593 -0.00892996  0.00263415    0.19115 0.00601181  0.0102116 -0.0245126   0.168075   -9.80753 
             28.8017  0.664476   2.34444 -0.271813 -0.0159946 -0.0345525 -0.0217169 -0.0393446    1.01426  0.0186512 -0.00997419  -0.0232633   0.0448591   0.030422 -0.0526387 -0.0306061 0.00990425 -0.0089167  0.0026359    0.19132 0.00566289  0.0101373 -0.0246487   0.168261   -9.80753 
             28.9004  0.635417   2.33743 -0.277148 -0.0160603 -0.0347193 -0.0231638 -0.0379968    1.01488  0.0190839 -0.00997378  -0.0232639   0.0448612  0.0286626 -0.0517057 -0.0271172  0.00992181 -0.00890845  0.00263914   0.191504 0.00528808  0.0100398 -0.0247942   0.168456   -9.80752 
             29.0015  0.620424   2.32197 -0.276855 -0.0157403 -0.0347678 -0.0239449 -0.0366033    1.01539   0.019528 -0.00997298  -0.0232644   0.0448618  0.0276089 -0.0491377 -0.0231429  0.00993306 -0.00889635  0.00263844   0.191663 0.00490327 0.00992222 -0.0249212   0.168653   -9.80752 
             29.1018   0.63357   2.36547 -0.274921 -0.0168022 -0.0347085 -0.0216082 -0.0350873    1.01617  0.0200048 -0.00997203   -0.023265   0.0448605  0.0257077 -0.0496103 -0.0173902  0.00992478 -0.00891778  0.00263698    0.19191 0.00449369 0.00966903 -0.0251072   0.168832   -9.80751 
             29.2005  0.642265   2.38148 -0.270325  -0.017535 -0.0344503 -0.0201472 -0.0336192    1.01682  0.0204753 -0.00997102  -0.0232651   0.0448584   0.024221 -0.0477516 -0.0118403   0.0099229 -0.00891779   0.0026356   0.192114 0.00409697 0.00948343 -0.0252617   0.169017   -9.80751 
             29.3015  0.652306   2.38837 -0.266776 -0.0179921 -0.0342468 -0.0187156 -0.0322189    1.01739   0.020927 -0.00997011   -0.023265   0.0448563   0.0232725  -0.0460446 -0.00693737  0.00992146 -0.00891812  0.00263338   0.192291 0.00371623 0.00932777 -0.0253968   0.169199   -9.80751 
             29.4022  0.617028   2.39561 -0.266695 -0.0182449 -0.0345518 -0.0148126 -0.0309261    1.01789  0.0213278 -0.00996954  -0.0232651   0.0448559   0.0222169  -0.0456602 -0.00115918  0.00994949 -0.00891896  0.00263377   0.192465 0.00337307 0.00906245 -0.0255284   0.169336   -9.80751 
             29.4991  0.669874   2.38134 -0.261622 -0.0181907 -0.0336833 -0.0138993 -0.0295137    1.01827  0.0217863 -0.0099689 -0.0232648   0.044854    0.0221227   -0.0436187 -0.000600267 0.00992226 -0.0089091 0.00262559   0.192584 0.00298759 0.00898837 -0.0256236    0.16954    -9.8075 
              29.599  0.690818    2.3808 -0.260499 -0.0180717 -0.0331592  -0.013188 -0.0282412    1.01865  0.0222069 -0.00996842  -0.0232644   0.0448526   0.0223174  -0.0423785 5.76474e-06  0.00991954 -0.00889994  0.00262293   0.192702  0.0026372 0.00892426 -0.0257169   0.169726    -9.8075 
             29.6997  0.702401   2.37824 -0.259865 -0.0180927 -0.0327527 -0.0124113 -0.0270666    1.01905  0.0226011 -0.00996805   -0.023264   0.0448519  0.0221726 -0.0435275  0.0019406 0.00992574 -0.0088918 0.00262589   0.192822 0.00230654 0.00886863 -0.0258106   0.169902   -9.80749 
             29.7997  0.725334   2.37177 -0.258014 -0.0188475 -0.0316647 -0.0148504 -0.0258819    1.01962  0.0230321 -0.00996765  -0.0232636   0.0448512  0.0212347 -0.0412879 -0.0025606  0.00991982 -0.00887409  0.00263103   0.192963 0.00195901 0.00899104 -0.0259184   0.170124   -9.80749 
             29.8993  0.711823   2.40822 -0.255355 -0.0186887 -0.0325708 -0.0126003 -0.0249974    1.01997   0.023324 -0.00996737  -0.0232633   0.0448517   0.022481 -0.0445343 0.00148056  0.00993605 -0.00888382   0.0026277   0.193083 0.00170807 0.00884606 -0.0260099   0.170235   -9.80749 
             30.0006  0.834562   2.27685 -0.266844  -0.018146 -0.0318182 -0.0176683 -0.0238853    1.02028  0.0237434 -0.0099678 -0.0232636  0.0448501   0.0203931  -0.0462741 -0.00715989   0.0098597 -0.00878963  0.00263375   0.193137 0.00136559 0.00911664 -0.0260606   0.170489   -9.80748 
             30.1003 0.739839  2.35129 -0.25964 -0.0183013 -0.0327319 -0.0161528 -0.0229176    1.02069  0.0240501 -0.00996746  -0.0232633   0.0448516   0.0207794  -0.0490378 -0.00412423  0.00992911 -0.00883541  0.00262884   0.193274  0.0010852 0.00898477 -0.0261641   0.170619   -9.80748 
             30.1991  0.694776   2.39693 -0.262001 -0.0186748 -0.0338238 -0.0138338 -0.0219134    1.02114  0.0243751 -0.00996726  -0.0232632   0.0448533   0.0209157  -0.0495501 -0.00107871  0.00995889 -0.00886006  0.00262925    0.193428 0.000792578  0.00882991 -0.0262793    0.17075   -9.80748 
             30.2991  0.682749   2.39844 -0.258731 -0.0191388   -0.03449 -0.0124608 -0.0208148    1.02161   0.024746 -0.00996695   -0.023263   0.0448549  0.0198913 -0.0499585   0.002192  0.00996394 -0.00885669  0.00262725    0.193579 0.000467585  0.00874529 -0.0263936   0.170914   -9.80748 
             30.3991  0.681988   2.40198 -0.257651 -0.0195309 -0.0346955  -0.011372 -0.0196462    1.02204  0.0251464 -0.00996659  -0.0232629   0.0448559  0.0190496 -0.0487449 0.00213904  0.00995718 -0.00885539  0.00262333    0.193717 0.000120341  0.00868698 -0.0265004   0.171096   -9.80747 
              30.499  0.688564   2.40467 -0.255722 -0.0197754 -0.0345836 -0.0105591 -0.0184678    1.02244  0.0255604 -0.0099662 -0.0232627  0.0448562  0.0200868 -0.0467105 0.00398868   0.0099528 -0.00885454  0.00261956     0.193844 -0.000229932   0.00864605 -0.0266005   0.171284   -9.80747 
              30.599  0.693509   2.40823 -0.254153   -0.019775  -0.0343145 -0.00972921 -0.0173239    1.02282  0.0259683 -0.0099658 -0.0232626  0.0448562  0.0217722 -0.0461172 0.00591289  0.00994355 -0.00885199  0.00262002     0.193965 -0.000571208   0.00861656 -0.0266952   0.171469   -9.80746 
             30.6989  0.700422   2.41016 -0.253946  -0.0196419  -0.0341425 -0.00883127 -0.0162144     1.0232  0.0263542 -0.00996545  -0.0232624   0.0448559  0.0226358 -0.0456025 0.00816258 0.00993375 -0.0088474 0.00262473   0.194082 -0.0009003 0.00859801 -0.0267876   0.171648   -9.80746 
             30.7991  0.706529   2.40935 -0.255124  -0.0194989  -0.0340687 -0.00801722 -0.0151144     1.0236  0.0267237 -0.00996514  -0.0232623   0.0448556  0.0226945 -0.0452901 0.00844509   0.0099256 -0.00884305  0.00262361    0.194199 -0.00122226  0.00859236 -0.0268793   0.171825   -9.80746 
             30.8988  0.709165   2.40869 -0.256095  -0.0194022   -0.033964 -0.00760179 -0.0140074    1.02401  0.0270913 -0.0099648 -0.0232621  0.0448554  0.0237331 -0.0458002 0.00631878 0.00991807 -0.0088354 0.00262175   0.194318 -0.0015431 0.00860061 -0.0269716   0.172003   -9.80745 
             30.9988 -0.465144   2.34235  -0.47029  -0.0170448  -0.0410786 -0.00559422 -0.0150475    1.02409  0.0267401 -0.00996118  -0.0232677   0.0448364  0.0256005 -0.0342402 0.00977096    0.010685 -0.00878521  0.00275929    0.194335 -0.00124821  0.00851146 -0.0269659   0.171816   -9.80746 
             31.0989  -0.23531   2.07568 -0.372064  -0.0185818  -0.0459999 -0.00177426 -0.0151394     1.0247  0.0266434 -0.00996098  -0.0232691   0.0448378  0.0145643 -0.0381739  0.0111516   0.0105325 -0.00860696  0.00269486   0.194514 -0.0012145 0.00836875 -0.0270796   0.171757   -9.80746 
             31.1989 -0.320488   2.78694 -0.289762  -0.0196751  -0.0425563 -0.00956998 -0.0140131    1.02576  0.0271316 -0.00995442   -0.023266   0.0448346    0.0296305   -0.0134087 -0.000160239   0.0105907 -0.00908168  0.00263961    0.194742 -0.00156838  0.00881012 -0.0272357   0.172022   -9.80745 
             31.2989   0.11167    1.7931 -0.605134 -0.0144566 -0.0451746 -0.0116081 -0.0143169    1.02487  0.0269206 -0.00995757  -0.0232676   0.0448365   0.0163155  -0.0200114 -0.00249497   0.0102901 -0.00840496  0.00284844    0.194483 -0.00150508   0.0089506 -0.027068  0.172019  -9.80745 
             31.3988 -0.668124   2.17192 -0.484849 -0.0105017 -0.0441335 -0.0173008 -0.0143105    1.02467  0.0270215 -0.00995745  -0.0232674   0.0448405   0.0265318  0.00612608 -0.00961312   0.0108069 -0.00864824  0.00276768    0.194408 -0.00152423  0.00918453 -0.0270188   0.172071   -9.80745 
             31.4991 -0.645399   1.80813 -0.388105 -0.00541783  -0.0388259  -0.0256833 -0.0136877    1.02412  0.0271902 -0.0099569 -0.0232668  0.0448383  0.0219744  0.0291852 -0.0182409   0.0107902 -0.00839321  0.00270441     0.19421 -0.00172116  0.00955182 -0.0268878   0.172228   -9.80745 
             31.6013 -0.276533   2.59064 -0.485605 -0.00886628  -0.0347165  -0.0286034 -0.0134097    1.02567  0.0274221 -0.00995588  -0.0232667    0.044826  0.0282485  0.0332325 -0.0196636   0.0105421 -0.00892027   0.0027688    0.194626 -0.00180789  0.00961109 -0.02715 0.172269 -9.80745 
             31.6988    -0.191   2.81714 -0.433179 -0.0121934  -0.031193 -0.0291312 -0.0133424    1.02694  0.0274656 -0.00995628  -0.0232652   0.0448159  0.0296358  0.0357373 -0.0182177   0.0104868 -0.00905671  0.00273399    0.19498 -0.0018378 0.00955002 -0.027376  0.172275  -9.80745 
             31.7989  0.454376   2.69855 -0.264812 -0.0164612 -0.0248567 -0.0273076 -0.0124189    1.02805  0.0278433 -0.00995371  -0.0232616   0.0447953  0.0228205  0.0294058 -0.0145426   0.0100758 -0.00897473   0.0026265    0.195323 -0.00213673   0.0093902 -0.027595  0.172433  -9.80745 
             31.8989  0.499516    2.5804 -0.232364 -0.0229989 -0.0215871 -0.0223329 -0.0121147    1.02941  0.0279574 -0.00995339  -0.0232557    0.044792   0.0123144   0.0220373 -0.00781073    0.010047 -0.00889011  0.00260592    0.195748 -0.00223896  0.00908485 -0.0278695   0.172486   -9.80744 
             31.9989 0.0756409   2.14905 -0.186104 -0.0161523 -0.0238341 -0.0241483 -0.0131846    1.02825   0.027677 -0.00995461  -0.0232595   0.0447784  0.0177482  0.0140934 -0.0104879   0.0103254 -0.00860493  0.00257445    0.19541 -0.0019068 0.00912786 -0.0276542   0.172302   -9.80745 
             32.0989   0.32374   1.84931 -0.354231 -0.0137706 -0.0263248 -0.0189902 -0.0137079    1.02772  0.0274723 -0.00994972  -0.0232584   0.0447739  0.00905775 -0.00219308 -0.00394333   0.0101616 -0.00840082   0.0026863    0.195313 -0.00175384  0.00882044 -0.0275948   0.172225   -9.80745 
             32.1989  0.312794   1.74355 -0.329487 -0.0159591 -0.0289438 -0.0161348 -0.0140605    1.02805  0.0273569 -0.00994796  -0.0232585   0.0447736  -0.0049154  -0.0122412 5.39422e-05   0.0101728 -0.00833096  0.00267293    0.195427 -0.00164463   0.0086618 -0.0276637   0.172161   -9.80745 
             32.2989 -0.604073   2.28995 -0.447024 -0.0155823 -0.0354206  -0.010417 -0.0154764    1.02805  0.0269449 -0.00994745  -0.0232662    0.044745  0.00380629 -0.00736837  0.00896543   0.0107656 -0.00868384  0.00274833    0.195461 -0.00122487  0.00834835 -0.0276756   0.171931   -9.80745 
             32.3989 -0.869003   2.17199 -0.449442 -0.00693807  -0.0368583 -0.00930152 -0.0159222    1.02661  0.0267501 -0.00994627  -0.0232642    0.044739   0.017694  0.0079087 0.00973369    0.010931 -0.00860175  0.00275036    0.195065 -0.00107939  0.00832906 -0.0274234   0.171871   -9.80746 
              32.499 -0.927404   1.80888   -0.5003  -0.009219   -0.03701 -0.0084523 -0.0162499    1.02709   0.026622 -0.00994596  -0.0232643   0.0447382 -0.000317865    0.0200774   0.00989395   0.0109678 -0.00836267  0.00278709    0.195189 -0.00098232  0.00835143 -0.0274968   0.171809   -9.80746 
             32.5989 -0.982209   1.70277 -0.488392   -0.011123  -0.0356369 -0.00884668 -0.0165669    1.02736   0.026518 -0.00994628  -0.0232636   0.0447379  -0.011586  0.0341756 0.00883136   0.0110007 -0.00829045  0.00277914     0.195246 -0.000882757   0.00843385 -0.0275257   0.171747   -9.80746 
              32.699  0.364574   1.75786 -0.298809 -0.0150281 -0.0282189 -0.0183706 -0.0153845    1.02805  0.0269321 -0.0099411 -0.0232761  0.0447054  -0.0182921   0.0307269 -0.00458829   0.0102201 -0.00832534  0.00266863    0.195346 -0.00125129   0.0089941 -0.0275563   0.171896   -9.80745 
             32.7989 0.0913474    2.4858 -0.299042 -0.0169183 -0.0235496 -0.0212037 -0.0151646    1.02844  0.0268637 -0.00994057   -0.023276   0.0447017 -0.00496586    0.036295 -0.00694578  0.0103579  -0.008689 0.00266819    0.195441 -0.00131419  0.00909602 -0.0276103    0.17192   -9.80745 
             32.8997  0.533753    2.6873 -0.179069 -0.0230605 -0.0239313 -0.0123585 -0.0156067    1.02919  0.0267444 -0.00994663  -0.0232698   0.0446997 -0.0066267  0.0129005 0.00433093   0.0101062 -0.00878821  0.00259592    0.195713 -0.00119313   0.0086355 -0.0278157   0.171891   -9.80745 
             32.9989   0.68366   2.82176 -0.203366  -0.0278036  -0.0266021 -0.00375889 -0.0160953     1.0297    0.02656 -0.00994988   -0.023266   0.0446974 -0.0044471 -0.0100848  0.0146574   0.0100107 -0.00885918  0.00261522   0.195913  -0.001054 0.00824559 -0.0279702   0.171848   -9.80745 
             33.0991  0.468614   2.28744 -0.432036 -0.0270749 -0.0355014  0.0285167 -0.0172676    1.02823  0.0263869 -0.00994082  -0.0232612   0.0446872 -0.0129231 -0.0395946  0.0527222   0.0101546 -0.00851993  0.00276482     0.195769 -0.000753984   0.00675573 -0.0279981   0.171833   -9.80745 
             33.1989  0.570073   2.14717 -0.438675 -0.0273056 -0.0424804  0.0499196 -0.0175619    1.02747  0.0263546 -0.00993784  -0.0232579   0.0446825 -0.0146582  -0.057184  0.0723058   0.0100989 -0.00842737  0.00276048     0.195695 -0.000683481   0.00597789 -0.0280106   0.171861   -9.80745 
              33.299  0.511516   2.22265 -0.244795 -0.0247788 -0.0440902  0.0452585 -0.0169244    1.02716  0.0265574 -0.00993568  -0.0232589   0.0446885 -0.00482283  -0.0530957   0.0564235   0.0101355 -0.00847744  0.00263392     0.19553 -0.00086396  0.00652717 -0.0278794   0.171934   -9.80745 
             33.3989  0.193631   1.97676 -0.219804 -0.0199327 -0.0458775  0.0500622 -0.0164003    1.02615  0.0267738 -0.00993411  -0.0232598   0.0446932 -0.00191614   -0.045864   0.0576572   0.0103466 -0.00831554  0.00261244   0.195261 -0.0010239 0.00652811 -0.0277218   0.172031   -9.80745 
             33.4989 -0.149077    1.8017 -0.460398 -0.0142576 -0.0482963   0.046169 -0.0163823    1.02533  0.0267969 -0.00993679  -0.0232562   0.0446905  -0.000949 -0.0334319  0.0463501    0.010558 -0.00819637  0.00276802    0.194952 -0.00102421  0.00694503 -0.0275063   0.172034   -9.80745 
             33.5989 -0.726423   1.94767 -0.327541 -0.0188685  -0.042914  0.0246091 -0.0155549    1.02657  0.0270555 -0.00993674   -0.023244   0.0447112 -0.00885029   0.0079702   0.0186673   0.0109318 -0.00828796  0.00268145    0.195103 -0.00125831  0.00812525 -0.027523  0.172127  -9.80745 
             33.6995 -0.120656   2.38655 -0.271996 -0.0154836 -0.0378679 0.00474481 -0.0150308    1.02657  0.0273638 -0.00992983  -0.0232453   0.0447095   0.0105887   0.0193026 -0.00642302    0.010523 -0.00857191  0.00264368    0.194931 -0.00142202  0.00912244 -0.0273492   0.172215   -9.80745 
             33.7999  -1.08493   2.07434 -0.421486 -0.00571499  -0.0341417  0.00318056 -0.0153084    1.02504  0.0272199 -0.00992911  -0.0232457   0.0447089   0.020588  0.0504605 -0.0102467   0.0111566 -0.00835726  0.00274462   0.194499 -0.0013353 0.00911591 -0.0270881   0.172193   -9.80745 
             33.9036 -0.276699   2.05469 -0.551472 -0.0122797 -0.0337833  0.0104947 -0.0157876    1.02627  0.0270906 -0.00992667   -0.023249    0.044722 0.00366351  0.0364967 -0.0022715   0.0106503 -0.00834649  0.00282197    0.194919 -0.00118544  0.00876865 -0.0273648   0.172098   -9.80745 
             33.9989  0.522115   2.52509 -0.253497  -0.0154132  -0.0294471 0.000641195 -0.0156025    1.02725  0.0272364 -0.00992127  -0.0232571   0.0447075 0.00964487  0.0259489 -0.0141286   0.0101277 -0.00864575  0.00262421    0.195108 -0.00126869  0.00925661 -0.0274387   0.172119   -9.80745 
             34.0989 -0.124205   2.89081 -0.450481   -0.0161425   -0.0319634 -0.000633296 -0.0166776    1.02797  0.0266689 -0.00992092  -0.0232592   0.0447065  0.0230008  0.0212581 -0.0147225    0.010508 -0.00886466  0.00274117     0.195288 -0.000902408   0.00925976 -0.0275385   0.171922   -9.80745 
             34.2074 -0.194373   2.61669 -0.424228  -0.012376 -0.0318436 0.00086054 -0.0170314    1.02768  0.0265111 -0.0099212 -0.0232596  0.0447065  0.0300866  0.0204196 -0.0133435   0.0105439 -0.00869072  0.00272364     0.195228 -0.000781593   0.00911301 -0.0275132   0.171866   -9.80746 
             34.2989  -0.17501   2.49289 -0.315879 -0.0136434 -0.0282868  -0.010201 -0.0169037    1.02853  0.0265409 -0.00992088   -0.023259   0.0447078  0.0281762  0.0282971 -0.0261385   0.0105304 -0.00860004  0.00265222     0.195387 -0.000818304   0.00961972 -0.0275747   0.171858   -9.80746 
             34.3989  0.118233   2.64083 -0.279687 -0.0076857 -0.0275109 -0.0251842 -0.0172891    1.02848  0.0263943 -0.00992112  -0.0232632     0.04471   0.044878  0.0238293 -0.0445133   0.0103317 -0.00869354  0.00262403      0.19525 -0.000672452    0.0102694 -0.0274599   0.171752   -9.80746 
             34.4989 -0.174471   1.91454 -0.445287 -0.00941544  -0.0307552  -0.0202813 -0.0183517    1.02896  0.0260934 -0.0099125 -0.0232656  0.0447128  0.0208283  0.0151622 -0.0335183   0.0105158 -0.00821831  0.00273123     0.195461 -0.000341734   0.00980768 -0.0275989   0.171598   -9.80746 
             34.5989   0.13027   2.06766 -0.389292 -0.0115699 -0.0384341 -0.0239791 -0.0198033    1.02971  0.0255907 -0.00991333  -0.0232664   0.0447205  0.0135484 -0.0105924 -0.0360574   0.0103293 -0.00830645  0.00269769    0.195656 0.000163496  0.00987778 -0.0277084    0.17132   -9.80746 
             34.6989 -0.232791   1.99135 -0.449601  -0.015428 -0.0419753 -0.0318392 -0.0204434    1.03057  0.0253649 -0.00991421  -0.0232668   0.0447185 0.000525226 -0.00780296   -0.042521   0.0105523 -0.00825564  0.00273454    0.195862 0.000388294   0.0101128 -0.0278223   0.171182   -9.80747 
             34.7989 -0.315008   2.02065 -0.290955 -0.0156614  -0.039194 -0.0389484 -0.0199166    1.03062  0.0255341 -0.00991262  -0.0232663   0.0447222 -0.00223111  0.00751861  -0.0454951   0.0106078 -0.00827253  0.00263462   0.195863 0.00021169  0.0102437 -0.02782 0.171268 -9.80747 
             34.8991 0.0593192   2.54327 -0.254238 -0.0244986 -0.0367357 -0.0353805 -0.0193676    1.03202  0.0257431 -0.00991202  -0.0232637   0.0447107 -0.00510067  0.00468068  -0.0360345   0.0103615 -0.00861046  0.00261223    0.196362 5.10654e-06  0.00983942 -0.0281246   0.171385   -9.80746 
             34.9991   0.46582   2.53753 -0.238563 -0.0283836 -0.0331183 -0.0289602 -0.0186053    1.03234  0.0260803 -0.00991184  -0.0232602   0.0446984 -0.00649533 0.000374441  -0.0257574   0.0101065 -0.00860137  0.00260351     0.196558 -0.000281045    0.0093402 -0.0282571   0.171558   -9.80746 
             35.0991  0.395257   2.72745 -0.206109 -0.0293228 -0.0296585 -0.0287739 -0.0179862    1.03243  0.0263095 -0.00991192  -0.0232593   0.0446952 0.00411584 0.00323776 -0.0229698  0.0101524 -0.0087219 0.00258079     0.196622 -0.000500604   0.00919111 -0.0283035   0.171678   -9.80746 
             35.1991  0.480719   2.66071 -0.189395 -0.0310662 -0.0285277 -0.0278101 -0.0177362    1.03273  0.0264166 -0.00991225  -0.0232584   0.0446938  0.00900724 -0.00515004  -0.0190664   0.0101027 -0.00867168  0.00257006     0.196743 -0.000594039   0.00903251 -0.0283813   0.171729   -9.80746 
             35.2991  0.439268   2.68085 -0.184768 -0.0298458  -0.028055 -0.0257012 -0.017486   1.03267 0.0265271 -0.00991272   -0.023258   0.0446944   0.0181004 -0.00884173  -0.0140015   0.0101209 -0.00867492  0.00256461     0.196765 -0.000686224   0.00882698 -0.0284028   0.171783   -9.80745 
             35.3991  0.503555   2.68738 -0.183809 -0.0297014 -0.0290327 -0.0230177 -0.017368   1.03292 0.0265754 -0.00991298  -0.0232578   0.0446944   0.0233611  -0.0169175 -0.00833061   0.0100808 -0.00867475  0.00256439     0.196878 -0.000731198   0.00863253 -0.0284728   0.171804   -9.80745 
             35.5001  0.514116   2.71212 -0.180459  -0.027922  -0.029679 -0.0203818 -0.0170702    1.03303  0.0266864 -0.00991337  -0.0232577   0.0446954     0.03213  -0.0214293 -0.00492678  0.0100708  -0.008685 0.00256151     0.196944 -0.000835431   0.00845521 -0.028518  0.171854  -9.80745 
             35.5991  0.522685   2.70511 -0.192311 -0.0261769 -0.0303341 -0.0183148 -0.0166942    1.03325  0.0268154 -0.00991376  -0.0232579    0.044697    0.038519   -0.027312 -0.00416424   0.0100636 -0.00867593  0.00256511      0.19704 -0.000963793   0.00832003 -0.028581  0.171909  -9.80745 
             35.6991  0.658716   2.75269 -0.214907 -0.0232318 -0.0337838 -0.0122923 -0.0165997    1.03342   0.026845 -0.00991391  -0.0232578   0.0446974  0.0466627 -0.0384552 0.00207349  0.00998136 -0.00869842  0.00257844     0.197142 -0.000996502   0.00800552 -0.028635   0.17191  -9.80745 
             35.7991  0.511606     2.651 -0.237419  -0.021222 -0.0342981 -0.0118131 -0.015943    1.0338 0.0270521 -0.00991449  -0.0232584   0.0447018  0.0490555 -0.0377003 0.00331209   0.0100727 -0.00862898  0.00258909    0.197269 -0.00122207  0.00798129 -0.0287223   0.172008   -9.80745 
             35.8991 0.660551  2.69623 -0.25478  -0.0192197   -0.036493 -0.00736087 -0.0154336    1.03426  0.0272009 -0.00991459  -0.0232589   0.0447024  0.0532159 -0.0464962 0.00967121  0.00997748 -0.00865327  0.00259937    0.197449 -0.00139661  0.00778035 -0.0288281   0.172066   -9.80745 
             35.9991  0.468454   2.51991 -0.340509 -0.0164671 -0.0402679 0.00189784 -0.0150529    1.03457  0.0273144 -0.00991356  -0.0232611   0.0447055  0.0505754 -0.0501622  0.0168141   0.0100958 -0.00853519  0.00265376    0.197606 -0.00152471  0.00736003 -0.0289006   0.172083   -9.80745 
             36.0991 0.424297  2.56748 -0.36709 -0.0151192 -0.0422803  0.0123048 -0.0142179    1.03511   0.027545 -0.00991322  -0.0232635   0.0447095  0.0509303 -0.0505196  0.0275261   0.0101193 -0.00856211  0.00266909    0.197842 -0.00180676  0.00692663 -0.029021  0.172162  -9.80745 
             36.1991  0.484431   2.45282 -0.356407 -0.0167327 -0.0423436  0.0215615 -0.0130911    1.03599  0.0278895 -0.00991138  -0.0232647   0.0447122  0.0411642 -0.0488065  0.0347804   0.0100869 -0.00848209  0.00266361    0.198172 -0.00219975  0.00660559 -0.0292018   0.172295   -9.80744 
             36.2991  0.544993   2.53926 -0.346242 -0.0174386 -0.0418913  0.0283834 -0.0120095    1.03669  0.0282355 -0.00990923  -0.0232648   0.0447103  0.0393683 -0.0448817  0.0386623   0.0100535 -0.00853156  0.00265692    0.198425 -0.00258395   0.0064409 -0.0293436   0.172447   -9.80744 
             36.3991  0.609506   2.57973 -0.345081 -0.0176751 -0.0413341   0.033694 -0.0110195     1.0373  0.0285831 -0.0099073 -0.0232645  0.0447067   0.038639 -0.0440084  0.0391243   0.0100132 -0.00855076  0.00265709   0.198638 -0.0029404 0.00636251 -0.0294634   0.172599   -9.80744 
             36.4992   0.65601   2.59016 -0.342897 -0.0180569 -0.0406011  0.0377039 -0.0100859    1.03792  0.0289326 -0.0099057 -0.0232639  0.0447033  0.0381457 -0.0420915  0.0403123  0.00998569 -0.00854999  0.00265297    0.198846 -0.00328201  0.00634981 -0.0295824   0.172753   -9.80743 
             36.6002  0.701994    2.4848 -0.333754 -0.0190012 -0.0403936  0.0421441 -0.00923778     1.03857    0.029259 -0.00990442   -0.023263   0.0447015  0.0334874 -0.0430748  0.0406711  0.00995466 -0.00847909  0.00264318    0.199066 -0.00359438  0.00632435 -0.0297046   0.172893   -9.80743 
             36.6991  0.752907   2.56571 -0.318845  -0.017313 -0.0405607  0.0455451 -0.00846153     1.03883   0.0295564 -0.00990326  -0.0232625   0.0447001  0.0375906 -0.0459683  0.0394742  0.00992709 -0.00852534  0.00263338    0.199159 -0.00387715  0.00633708 -0.0297581   0.173029   -9.80743 
              36.799  0.781064   2.60534 -0.349949 -0.0171924 -0.0406016  0.0469054 -0.00771655     1.03942   0.0298578 -0.00990325   -0.023262   0.0446987  0.0381141 -0.0455195  0.0375899 0.00991149 -0.0085468 0.00265023   0.199336 -0.0041538 0.00644841 -0.029865  0.173174  -9.80743 
             36.8994  -0.31385   2.57869 -0.456454 -0.0133039 -0.0426394  0.0564658 -0.00737757     1.03936   0.0299475 -0.00990385  -0.0232715   0.0447057 0.0435508 -0.029675 0.0424031   0.0105866 -0.00852726  0.00271518    0.199369 -0.00425935  0.00612678 -0.0298629    0.17317   -9.80743 
              36.999  0.722366   2.42106 -0.367845 -0.0155574 -0.0395563  0.0593129 -0.00609591     1.04022   0.0305056 -0.00990395  -0.0232738   0.0446993   0.034012 -0.0329406  0.0420492  0.00992264 -0.00842436  0.00265886     0.19965 -0.00473529  0.00620494 -0.0300261   0.173405   -9.80742 
              37.099   1.24634   2.45847 -0.283367 -0.0140518 -0.0369337   0.045903 -0.00559539      1.0406   0.0308093 -0.00990103  -0.0232791   0.0446751  0.0343638 -0.0407526  0.0223344  0.00959416 -0.00844233  0.00260609    0.199666 -0.00497948  0.00698108 -0.0300844   0.173647   -9.80742 
             37.1991 0.691748  3.17069 -0.31439 -0.0170281 -0.0355969  0.0571327 -0.00439319     1.04167     0.03106 -0.0099044 -0.0232804  0.0446725 0.0445883 -0.036519 0.0328771  0.00988179 -0.00883343  0.00262403     0.20007 -0.00537948  0.00655386 -0.0302818   0.173757   -9.80741 
              37.299  0.536742   2.34692 -0.344937 -0.0115408 -0.0354939  0.0482623 -0.00432669     1.04132   0.0310958 -0.0099068 -0.0232778  0.0446775    0.03894 -0.0297326  0.0188238  0.00997258 -0.00840435  0.00263237    0.199886 -0.00543486  0.00706873 -0.0302119   0.173875   -9.80741 
             37.3991  0.676542   2.99639 -0.407177 -0.0142897 -0.0421065  0.0427634 -0.0051207    1.04275  0.0308747 -0.00990394   -0.023278   0.0446718  0.0483776 -0.0485269 0.00793095  0.00989056 -0.00876601  0.00267591    0.200263 -0.00517534  0.00741088 -0.0304364   0.173796   -9.80741 
             37.4991  0.627888   3.11634 -0.414955 -0.0164424 -0.0464159  0.0391791 -0.00525951     1.04388   0.0308421 -0.00990289  -0.0232782   0.0446672  0.0536595 -0.0552516 0.00398261 0.00992251 -0.0088257 0.00268147   0.200582 -0.0051463 0.00761017 -0.0306226   0.173806   -9.80741 
             37.5992    1.0478   2.12358 -0.425781 -0.0147567 -0.0444143  0.0422835 -0.00391383     1.04377   0.0313252 -0.00990405  -0.0232786   0.0446589   0.032951 -0.0544747 0.00813756  0.00965847 -0.00819959  0.00268281    0.200595 -0.00564257  0.00747022 -0.0306247   0.174019   -9.80741 
             37.6992    1.2555   1.81741 -0.414694 -0.0168331 -0.0436708  0.0467995 -0.00270715     1.04413   0.0317229 -0.00990089  -0.0232774   0.0446538  0.0122452 -0.0616667  0.0115222  0.00953406 -0.00800333  0.00267306   0.200755 -0.0060728 0.00728634 -0.0306986   0.174186   -9.80741 
             37.7992   1.38716   1.64939 -0.393772 -0.0206062 -0.0430716  0.0517955 -0.00139361     1.04449   0.0321192 -0.00989575  -0.0232756   0.0446505 -0.00784991   -0.069098   0.0160053  0.00945834 -0.00790046  0.00265964    0.200916 -0.00653739    0.007097 -0.0307683   0.174366    -9.8074 
             37.9003   1.47892   1.76553 -0.352377 -0.0246294 -0.0430022  0.0560129 -4.995e-05    1.04478  0.0325173 -0.00988987  -0.0232736   0.0446493  -0.020811 -0.0735113   0.020749   0.0093952 -0.00797493  0.00263245    0.201048 -0.00701786  0.00696454 -0.0308232   0.174564    -9.8074 
             38.0004   1.57006   1.84591 -0.348451 -0.0266894 -0.0443971  0.0613432 0.00121064    1.04469  0.0329302 -0.00988635  -0.0232721   0.0446505 -0.0252433 -0.0852762  0.0269214  0.00934526 -0.00802066  0.00263292    0.201062 -0.00746559  0.00680579 -0.0308155   0.174741    -9.8074 
             38.1039   1.61187   1.88522 -0.339635 -0.0284695 -0.0459068   0.065578 0.00258168     1.0445  0.0334188 -0.00988449  -0.0232711   0.0446557 -0.0284458 -0.0918568  0.0272316    0.009318 -0.00804649  0.00262786   0.201041 -0.0079513  0.0067112 -0.0307946   0.174947   -9.80739 
             38.1992   1.64262    1.8913 -0.330604 -0.0305241 -0.0461751  0.0675582 0.00406522    1.04438  0.0339862 -0.0098839 -0.0232705  0.0446635 -0.0312273 -0.0939176  0.0262713  0.00929485 -0.00804425  0.00262009    0.201028 -0.00847844   0.0066983 -0.0307843   0.175187   -9.80739 
             38.3001   1.66792   1.89435 -0.316819 -0.0322657  -0.047183  0.0692442 0.00550968    1.04417  0.0345509  -0.009884 -0.0232703  0.0446719 -0.0330028  -0.100118  0.0245514 0.00928615 -0.0080429 0.00261365    0.200984 -0.00899826  0.00669649 -0.0307634   0.175425   -9.80738 
             38.3991    1.6656   1.92932 -0.288659 -0.0345423 -0.0471298  0.0697397 0.00705779    1.04405  0.0351756 -0.00988402  -0.0232704   0.0446807 -0.0342619 -0.0975073  0.0230533  0.00928242 -0.00806197   0.0025973    0.200968 -0.00957056  0.00673321 -0.0307627   0.175694   -9.80738 
             38.4992   1.67355   2.00348 -0.266906 -0.0354061  -0.048222  0.0725829 0.00855498     1.0437  0.0357587 -0.00988431  -0.0232708   0.0446884 -0.0322904  -0.102504  0.0243036  0.00927447 -0.00810833  0.00258288   0.200897 -0.0101205  0.0066718 -0.0307432   0.175924   -9.80737 
             38.5991   1.69199   2.01857 -0.281981 -0.0347196 -0.0495291  0.0743422 0.00996309     1.0432  0.0363237 -0.00988634  -0.0232713   0.0446942 -0.0276454   -0.10565  0.0235248  0.00926891 -0.00811453  0.00259525   0.200769 -0.0106489 0.00665713 -0.0306963   0.176158   -9.80737 
             38.6992   1.69261   2.03148 -0.291571 -0.0338159 -0.0501406  0.0750263 0.0114468   1.04275 0.0369243 -0.00988888  -0.0232718   0.0446988 -0.0239293  -0.102698   0.023302 0.00926684 -0.0081195 0.00260061   0.200649 -0.0112121 0.00667975 -0.0306584   0.176418   -9.80737 
             38.8003   1.69339   2.03508 -0.298671 -0.0329384 -0.0503763  0.0752615 0.0129548   1.04234 0.0375312 -0.00989114  -0.0232722    0.044702 -0.0190098  -0.103075  0.0209495   0.0092689 -0.00811641  0.00260265   0.200543 -0.0117887 0.00671685 -0.0306306   0.176687   -9.80736 
             38.8992   1.69385   2.02551 -0.300926 -0.0321349 -0.0502521  0.0751421 0.0144567   1.04199 0.0381254 -0.00989253  -0.0232726   0.0447041 -0.0171869    -0.1006  0.0205602 0.00927432 -0.0081059 0.00260443   0.200453 -0.0123618 0.00675749 -0.0306118   0.176954   -9.80736 
             38.9992   1.68748   2.02813 -0.309557  -0.031391 -0.0500572  0.0748497 0.0159599   1.04166 0.0387073 -0.00989336  -0.0232729   0.0447057 -0.0156431  -0.100529  0.0167682  0.00927342 -0.00809928  0.00260596   0.200373 -0.0129374 0.00679782 -0.030598  0.177222  -9.80735 
             39.0992   1.68822   2.03068 -0.311996 -0.0311944 -0.0501249  0.0744371 0.0174087   1.04143 0.0392572 -0.00989358  -0.0232732   0.0447066 -0.0144702 -0.0994274  0.0125729  0.00928201 -0.00809817  0.00260651   0.200321 -0.0134947 0.00682974 -0.030597  0.177476  -9.80735 
             39.1993   1.68449   2.01496 -0.312714 -0.0307627 -0.0499104  0.0737346 0.0188492   1.04115 0.0398111 -0.00989318  -0.0232734   0.0447073 -0.0140462  -0.097204  0.0118154  0.00929523 -0.00808604  0.00260647   0.200259 -0.0140607 0.00685709 -0.0305887   0.177734   -9.80734 
             39.2992   1.69398   2.02178 -0.321877 -0.0295894 -0.0501551  0.0736059 0.0201923    1.0408 0.0403448 -0.00989282  -0.0232735   0.0447073 -0.0129148 -0.0989712 0.00957314  0.00930002 -0.00808585    0.002612   0.200171 -0.0146004 0.00685837 -0.0305664   0.177972   -9.80734 
             39.3992   1.68508   2.01651 -0.329694  -0.029366 -0.0498676    0.07314 0.0215985   1.04057 0.0409049 -0.00989234  -0.0232736   0.0447078 -0.0147153  -0.097129 0.00906853 0.00931209 -0.0080785 0.00261918   0.200124 -0.0151723 0.00686369 -0.0305627   0.178225   -9.80733 
             39.4992   1.67907   2.01425 -0.331574 -0.0292097 -0.0498455  0.0728378 0.0229662   1.04035 0.0414821 -0.00989149  -0.0232735   0.0447086   -0.01306 -0.0969233  0.0107173 0.00931789 -0.0080729 0.00261754    0.20008 -0.0157362 0.00686638 -0.0305582   0.178473   -9.80733 
             39.6004   1.67967   2.00499 -0.329148 -0.0291886 -0.0500786  0.0725886 0.0243371   1.04016 0.0420611 -0.00989028  -0.0232734   0.0447091  -0.014324 -0.0989179 0.00867605  0.00932873 -0.00806516  0.00261526   0.200043 -0.0162945 0.00686652 -0.0305551   0.178717   -9.80732 
             39.6992   1.66847   2.06315 -0.338596 -0.0306265 -0.0501675  0.0718241 0.0256899   1.04017 0.0426089 -0.00988944  -0.0232732   0.0447099 -0.0156047 -0.0969369 0.00802252  0.00934546 -0.00809978  0.00262208   0.200073 -0.0168396 0.00688433 -0.0305813    0.17896   -9.80732 
             39.8991   1.65571    2.0971 -0.337186 -0.0333672 -0.0609041  0.0717124 0.0270611   1.04009 0.0431668 -0.00988843   -0.023273    0.044711 -0.0190076  -0.121887 0.00417187  0.00936054 -0.00812126   0.0026214   0.200073 -0.0173869 0.00689523 -0.0305911   0.179203   -9.80732 
             40.0012  0.726955   2.70404 -0.383683 -0.0263782 -0.0420087  0.0183289 0.0270636   1.04088 0.0440232 -0.00987935   -0.023256   0.0447654  0.0151177 -0.0392021 -0.0458391   0.0099279 -0.00847954  0.00265543    0.19995 -0.0176946 0.00882893 -0.0302268   0.180301    -9.8073 
             40.0991 -0.197645   3.31002 -0.359969 -0.0208504 -0.0403304  0.0192429 0.0277325   1.04067 0.0441526 -0.0098834 -0.0232629   0.044779  0.0496663 -0.0140361 -0.0386598   0.0104744 -0.00883299  0.00264263   0.199947 -0.0179201  0.0085686 -0.0302662   0.180272    -9.8073 
             40.1991 -0.0700613    3.12355  -0.500036  -0.019004 -0.0392497 0.00504435 0.0274124   1.04127 0.0441837 -0.0098826   -0.02326  0.0447765   0.0575242 -0.00499934  -0.0491864    0.010392 -0.00871065  0.00272736   0.200064 -0.0178681 0.00898165 -0.0302698   0.180441   -9.80729 
             40.2991 -0.819938   2.35742 -0.485125  -0.0145184  -0.0402047 -0.00220011 0.0269339   1.04119 0.0440039 -0.00987964  -0.0232592   0.0447754 0.0453883 0.0174052 -0.049689   0.0108334 -0.00824942  0.00271752    0.20002 -0.0176798 0.00905606 -0.0302306   0.180402   -9.80729 
             40.3997 -0.0626033    2.81372   -0.43336  -0.0106353  -0.0375154 -0.00530405 0.0273173    1.0414 0.0441974 -0.00987874  -0.0232624   0.0447719  0.0599042  0.0148217 -0.0491173   0.0104046 -0.00850538  0.00268605   0.200108 -0.0178325 0.00899881 -0.0302881   0.180432   -9.80729 
             40.4995 -0.0575454     2.7989  -0.566454 -0.00929517  -0.0363615  -0.0273759 0.0265169   1.04228 0.0439892 -0.00987965  -0.0232644   0.0447758  0.0602157   0.023272 -0.0707213   0.0103937 -0.00848889  0.00277106   0.200252  -0.017585 0.00974706 -0.0303168    0.18057   -9.80729 
             40.5991  -0.33886   3.07707 -0.515471 -0.00621531  -0.0345863  -0.0249231 0.0266634   1.04268  0.043954 -0.00988106  -0.0232649   0.0447752  0.0724674  0.0294109 -0.0581652    0.010567 -0.00865486  0.00273791   0.200462 -0.0176263 0.00932757 -0.0304345   0.180471   -9.80729 
             40.6991 -0.267653   2.78443 -0.589941 -0.0134758 -0.0340537  -0.029688 0.0262519   1.04438 0.0437058 -0.00988121  -0.0232659   0.0447857  0.0529331  0.0268598 -0.0574411   0.0105285 -0.00846595  0.00278473   0.201042 -0.0174795 0.00930467 -0.0307281   0.180391   -9.80729 
             41.0991 -0.563153   2.80849 -0.376468  0.0140601 -0.0119939 -0.0376164 0.0263864   1.04442   0.04374 -0.00987931  -0.0232658    0.044784  0.0934246  0.0820488 -0.0441974    0.010715 -0.00848089  0.00265359   0.201143  -0.017536 0.00878681 -0.0307609   0.180341   -9.80729 
             41.2002  0.243251   2.38322 -0.427781 -0.00446173  -0.0274047  -0.0287245 0.0248832   1.04661 0.0429338 -0.00987826  -0.0232614   0.0448023 0.0390213 0.0171409 -0.033372   0.0102213 -0.00822185  0.00268583   0.201945 -0.0169574  0.0083466 -0.0311408   0.180059    -9.8073 
             41.2993   0.58306   2.45618 -0.424387 -0.0125525 -0.0327279 -0.0231375 0.0244114   1.04764 0.0426051 -0.00987676  -0.0232569   0.0448057  0.0237497 -0.0114575 -0.0254683   0.0100431 -0.00825735   0.0026787   0.202345 -0.0167984 0.00801559 -0.0313055   0.179998    -9.8073 
             41.4001 0.0264355   2.12226  -0.44689 -0.0144312 -0.0358088 -0.0223237 0.0240619   1.04784 0.0424917 -0.00987507  -0.0232584   0.0448017  0.00909348 -0.00653394  -0.0227608  0.0103637 -0.0080581 0.00269302   0.202428 -0.0166805 0.00786879 -0.031329  0.179962   -9.8073 
             41.4991  0.174277   2.43544 -0.395754 -0.0150517 -0.0346346 -0.0244423  0.024238   1.04807 0.0425014 -0.0098747  -0.023258  0.0448037   0.0145911 -0.00521933  -0.0231879   0.0102804 -0.00823297  0.00266237   0.202509  -0.016758 0.00786653 -0.0313687   0.179996    -9.8073 
             41.6009 -0.227775   2.62107 -0.414739 -0.0200415 -0.0330074 -0.0220335 0.0242182   1.04861 0.0423596 -0.00987563  -0.0232592   0.0448015  0.0116035 0.00921143 -0.0147977   0.0105192 -0.00833894  0.00267539   0.202727 -0.0167896 0.00765829 -0.0314542   0.180037    -9.8073 
              41.703  0.135804   3.10519 -0.335215 -0.0216647 -0.0313373 -0.0237504 0.024351  1.04897 0.042409 -0.00987434  -0.0232596   0.0447959  0.0268017 0.00765544 -0.0174158  0.0102955 -0.0086243 0.00262653   0.202855 -0.0168523 0.00767535 -0.0315182   0.180058    -9.8073 
             41.7999 -0.0198177      2.953  -0.402375  -0.021662 -0.0308087 -0.0236685 0.0242413   1.04917 0.0423492 -0.00987455    -0.02326   0.0447947  0.0299621 0.00959608 -0.0139794   0.0103974 -0.00852567  0.00267116   0.202939 -0.0168257 0.00759561 -0.0315514   0.180058    -9.8073 
             41.8992 -0.0499939    3.02557  -0.465964 -0.0190442 -0.0316312 -0.0237435 0.0240017    1.0493 0.0422361 -0.00987381  -0.0232601   0.0447937  0.0429048  0.0112406 -0.0124193   0.0104089 -0.00856643  0.00271046   0.202985 -0.0167342 0.00754252 -0.0315676   0.180025    -9.8073 
             41.9992 -0.403532   2.66745 -0.438083 -0.0168366  -0.036292 -0.0100558 0.0229222   1.04948 0.0419069 -0.00987072  -0.0232643   0.0447868  0.0417627  0.0034193 0.00493002   0.0106401 -0.00833879  0.00269543   0.203129 -0.0164064 0.00688448 -0.0315672   0.179989    -9.8073 
             42.0992 -0.352464    2.6811 -0.453576  -0.0145071   -0.036877 0.000489175  0.022565   1.04972 0.0418294 -0.00987027  -0.0232658   0.0447885  0.0474521 0.00790681  0.0178629   0.0106176 -0.00834467  0.00270641   0.203271 -0.0163373 0.00644222 -0.0315895   0.180029    -9.8073 
             42.1991 -0.277038   2.30648 -0.407048 -0.00703396  -0.0331772  0.00249215 0.0229455    1.0493     0.042 -0.0098696 -0.0232661  0.0447848 0.0480093 0.0226032 0.0214736   0.0105663 -0.00811542  0.00267597   0.203134  -0.016494 0.00642511 -0.0315234   0.180101    -9.8073 
             42.2993  0.104468   2.44721 -0.473993 -0.0119502 -0.0301992 0.00277468  0.023159   1.05043 0.0419812 -0.00986978  -0.0232682   0.0447847 0.0362132 0.0202665 0.0191473   0.0103336 -0.00820582  0.00272151   0.203525 -0.0165666 0.00653542 -0.0317224   0.180102    -9.8073 
             42.3991  0.171825   2.55886 -0.430727 -0.0180436 -0.0295027 0.00414954 0.0229494   1.05168 0.0417839 -0.00987005  -0.0232681   0.0447862 0.0254979 0.0184216 0.0173901   0.0102901 -0.00827369   0.0026959   0.203944 -0.0164801 0.00658468 -0.0319261   0.180049    -9.8073 
             42.4993 0.0864335   2.87218  -0.50312 -0.0154476 -0.0299222   0.013869 0.0225468   1.05183 0.0416412 -0.00987121  -0.0232675   0.0447861 0.0399934  0.011851  0.025294   0.0103388 -0.00846338  0.00274076   0.204041 -0.0163735 0.00624777 -0.0319405    0.18006    -9.8073 
             42.6011  0.156366   2.93641 -0.506248 -0.0130692  -0.030118   0.023851 0.0223002   1.05212 0.0415676 -0.00987212  -0.0232668   0.0447847    0.04972 0.00568697  0.0340655  0.0103036 -0.0085024 0.00274405   0.204179 -0.0163239 0.00595108 -0.0319784   0.180086   -9.80729 
             42.6995  0.214681   2.93498 -0.508841  -0.012324 -0.0309827  0.0338023  0.022083   1.05269 0.0414742 -0.00987282   -0.023266   0.0447826  0.0526704 0.00179314  0.0403746  0.0102621 -0.0084984  0.0027462   0.204411   -0.01628 0.00569968 -0.0320653   0.180106   -9.80729 
             42.7991   0.31284   2.91033 -0.498626 -0.0109256 -0.0314398  0.0427722 0.0220462    1.0532 0.0414525 -0.00987322  -0.0232653   0.0447817   0.0560577 -0.00448075   0.0453124   0.0102082 -0.00848149  0.00273964   0.204619 -0.0162977 0.00552238 -0.0321463   0.180139   -9.80729 
             42.8992  0.341104   2.12139 -0.594024 -0.0110064 -0.0371843   0.052188 0.0212682   1.05366 0.0411285 -0.00987126  -0.0232656   0.0447876  0.0355944 -0.0219414  0.0471615   0.0101904 -0.00799674  0.00279304   0.204792 -0.0160149  0.0053695 -0.0322208   0.180049   -9.80729 
             42.9991 0.329649   2.1155 -0.52955 -0.0152525 -0.0403277  0.0744116 0.0212667   1.05448 0.0411467 -0.00986935  -0.0232636   0.0447927  0.0196268 -0.0279584  0.0644367   0.0102008 -0.00799547  0.00275656   0.205183 -0.0161103 0.00473074 -0.0323411   0.180174   -9.80729 
             43.0991  0.884704   2.38024 -0.313924 -0.0149912  -0.034421   0.066816 0.0224373    1.0549 0.0415597 -0.00985661  -0.0232672   0.0447767  0.0233406 -0.0193192  0.0520519  0.00986177 -0.00816012  0.00262391   0.205279 -0.0165727 0.00523701 -0.0324114   0.180304   -9.80729 
             43.1991  0.601111   2.03665 -0.291598 -0.0148062 -0.0287275   0.038146 0.022886  1.05532 0.041568 -0.00985818  -0.0232686   0.0447857   0.0119564 0.000777422   0.0192302   0.0100384 -0.00794897  0.00260806    0.20525 -0.0166216 0.00645746 -0.0324946   0.180194   -9.80729 
                43.3   0.26738   2.53265 -0.395428 -0.0118965  -0.028864  0.0370198 0.0227304   1.05537  0.041499 -0.00985891   -0.023269   0.0447848  0.0264698 0.00310537  0.0172617   0.0102395 -0.00825088  0.00267638   0.205245 -0.0165357 0.00656268 -0.032504  0.180147  -9.80729 
             43.3991  0.305973   1.81076 -0.333044 -0.0131766 -0.0330004  0.0526201 0.0224445   1.05536 0.0413859 -0.00985565  -0.0232695   0.0447829 0.00236208 -0.0140768  0.0296668   0.0102183 -0.00781553  0.00263628    0.20532 -0.0164729 0.00607346 -0.0325049   0.180159   -9.80729 
             43.4992  0.411159   2.90747 -0.268932 -0.0180311  -0.030517  0.0451139  0.022775   1.05647 0.0414659 -0.00985141  -0.0232687   0.0447734   0.0185224 -0.00740509   0.0195519   0.0101551 -0.00847856  0.00260011   0.205667 -0.0165833 0.00646106 -0.0326909   0.180178   -9.80729 
             43.5992   1.03092   2.21839 -0.386789 -0.0184871 -0.0365794  0.0516476 0.0224243   1.05648 0.0413519 -0.00985034  -0.0232697   0.0447857 0.00574825 -0.0396903  0.0202929  0.00977273 -0.00805822  0.00266649   0.205691 -0.0164604 0.00634027 -0.0326879   0.180142   -9.80729 
             43.6992  0.945876   2.61731 -0.239021 -0.0239427 -0.0362606  0.0609228 0.0231439   1.05716 0.0414763 -0.00985049  -0.0232689   0.0447769 0.0066379 -0.041938 0.0296286  0.00983763 -0.00830481  0.00258146  0.206001 -0.016802 0.0060521 -0.0328316   0.180271   -9.80729 
             43.7992 -0.0335482     2.7736  -0.370312 -0.0204143 -0.0406133  0.0621007 0.0228371     1.057 0.0413074 -0.00985017  -0.0232722   0.0447736  0.0216723 -0.0292916  0.0297665  0.0104321 -0.0083955 0.00266336   0.205926 -0.0166627 0.00608986 -0.032797  0.180213  -9.80729 
             43.8992  0.396099   3.10061 -0.422343 -0.0177407 -0.0420377   0.062692 0.0231034   1.05713 0.0414986 -0.0098504 -0.0232725  0.0447733  0.0392563 -0.0337416  0.0274347   0.0101745 -0.00859167  0.00270009   0.205957 -0.0167747 0.00618776 -0.0328176   0.180258   -9.80729 
             43.9994  0.297838   2.79317 -0.292614 -0.0168972 -0.0385798  0.0500213 0.0235634   1.05754 0.0416775 -0.00984756  -0.0232699    0.044774   0.038509 -0.0148001  0.0128823   0.0102396 -0.00840537  0.00261975   0.206018 -0.0169338 0.00676133 -0.0328687   0.180327   -9.80729 
             44.0992  0.457947   2.61411 -0.279849 -0.0166439 -0.0370516  0.0533339 0.0240694   1.05781 0.0418758 -0.00984706  -0.0232704   0.0447738  0.0367879 -0.0129039  0.0153109    0.010146 -0.00829738  0.00261262   0.206154 -0.0171555 0.00666908 -0.0329405   0.180399   -9.80729 
             44.2037  0.419777   2.38316 -0.326682 -0.0109686 -0.0311228 0.00998663 0.0238922   1.05817 0.0417538 -0.00985337  -0.0232659   0.0447664  0.0393179 0.00923458 -0.0336028   0.0101731 -0.00815597  0.00264391   0.205951 -0.0169946 0.00841788 -0.0328802   0.180427   -9.80729 
             44.2992 0.132743  2.41916 -0.53347 -0.0105439 -0.0364096  0.0104723 0.0231122    1.0586 0.0414028 -0.00984821  -0.0232681   0.0447626   0.0364953 -0.00100845  -0.0326341   0.0103259 -0.00817282  0.00275606   0.206108 -0.0166734 0.00830164 -0.0329338   0.180293   -9.80729 
             44.3992 -0.154299   2.02677 -0.608505 -0.0177139 -0.0395772 0.00062635 0.0225236   1.05978 0.0410667 -0.00984794  -0.0232689   0.0447657   0.0103572 -0.00186691  -0.0403164   0.0104658 -0.00798693  0.00278212   0.206471 -0.0164121 0.00860317 -0.0330957   0.180192   -9.80729 
             44.4997 0.0527782   2.69707 -0.326072 -0.0241189 -0.0347044  0.0132688 0.0234257   1.06047 0.0413312 -0.00984387    -0.02327   0.0447624  0.0114238 0.00824116  -0.020325   0.0103666 -0.00836472   0.0026105   0.206861 -0.0168605 0.00791343 -0.0332662   0.180305   -9.80729 
             44.6003  0.263587   2.89551 -0.276215 -0.0265534 -0.0306717  0.0281082 0.0241496   1.06063 0.0415992 -0.00984341   -0.023269   0.0447548   0.0157376  0.00732506 0.000842551   0.0102492 -0.00847503  0.00258236   0.207064 -0.0172135 0.00721901 -0.0333497   0.180395   -9.80728 
             44.6993  0.471524    2.9441 -0.208122 -0.0297852 -0.0278187  0.0448944 0.0247122   1.06088   0.04182 -0.00984366  -0.0232659   0.0447468  0.0171717 0.00252008  0.0186528    0.010135 -0.00849742  0.00254111   0.207294 -0.0175018  0.0065407 -0.0334437   0.180466   -9.80728 
             44.7993   0.63522   2.93574 -0.193224 -0.0290173 -0.0262071  0.0558917 0.0250727   1.06086 0.0419898 -0.00984384  -0.0232643   0.0447426  0.0261871 -0.0055751  0.0299148   0.0100396 -0.00848951  0.00253224   0.207362 -0.0176848 0.00617993 -0.0334682    0.18052   -9.80728 
             44.9005  0.742347    2.7967 -0.180935 -0.0268122 -0.0254861  0.0686866 0.0254205   1.06072 0.0421823 -0.00984375  -0.0232624     0.04474  0.0300955 -0.0132756  0.0417187  0.00998357 -0.00840065  0.00252391    0.20739 -0.0178641 0.00579628 -0.0334737   0.180574   -9.80728 
             44.9994 0.858316  2.81309 -0.19995 -0.0246173 -0.0257242  0.0752978 0.0256671   1.06079 0.0422876 -0.00984425  -0.0232618    0.044739  0.0380104 -0.0211545   0.045611   0.0099157 -0.00840178  0.00253334   0.207439 -0.0179794 0.00570057 -0.0334964   0.180613   -9.80728 
             45.0994  0.899395   2.75339 -0.203221 -0.0225043 -0.0264552  0.0794429 0.0259071   1.06097  0.042374 -0.00984497  -0.0232617   0.0447399  0.0427157 -0.0294413  0.0463277 0.00989429 -0.0083595 0.00253142   0.207509 -0.0180824 0.00571826 -0.0335347   0.180649   -9.80728 
              45.201  0.844687   2.63673 -0.225733 -0.0204685 -0.0277471  0.0828843 0.0261428    1.0612 0.0424414 -0.00984585  -0.0232618   0.0447429  0.0440459 -0.0361267  0.0455675  0.00993126 -0.00828726  0.00254341   0.207594 -0.0181786 0.00576513 -0.0335815   0.180681   -9.80728 
             45.2996   0.85037   2.57467 -0.230807  -0.019104 -0.0288042  0.0848378 0.0264913   1.06152 0.0425294 -0.0098468  -0.023262   0.044747  0.0409332 -0.0397321   0.042839  0.00992725 -0.00824734   0.0025499   0.207703 -0.0183173 0.00585968 -0.033646   0.18073  -9.80728 
             45.3993  0.876098   2.51172 -0.234794 -0.0193356 -0.0299594  0.0860103 0.0268825   1.06199 0.0426107 -0.00984751  -0.0232623   0.0447508   0.035519 -0.0455283   0.038239  0.00991823 -0.00820855  0.00255306   0.207866 -0.0184735 0.00597673 -0.0337371   0.180783   -9.80728 
             45.4994  0.859306   2.52951 -0.229264 -0.0197496  -0.030756  0.0858682 0.0273448   1.06245 0.0427393 -0.00984759  -0.0232625   0.0447541  0.0319512 -0.0457367  0.0325068  0.00993443 -0.00821807  0.00255185   0.208024 -0.0186636 0.00612512 -0.0338303   0.180851   -9.80727 
             45.5993  0.847943   2.53975 -0.228569 -0.0203931 -0.0313066  0.0848111 0.0278402    1.0629 0.0429104 -0.00984732  -0.0232626   0.0447564  0.0283994 -0.0445524  0.0268374  0.00994516 -0.00822292  0.00255343   0.208179 -0.0188768 0.00628744 -0.0339239   0.180931   -9.80727 
             45.6993  0.834531   2.55012 -0.226569 -0.0211511 -0.0313636  0.0832134 0.0283443   1.06332 0.0431169 -0.00984686  -0.0232625   0.0447577  0.0268747 -0.0437592  0.0221224  0.00996046 -0.00823008  0.00255236   0.208327 -0.0191049 0.00644868 -0.0340147   0.181018   -9.80727 
             45.7998  0.818175   2.56234 -0.223285 -0.0217586  -0.031471  0.0815186  0.028831   1.06371 0.0433368 -0.00984633  -0.0232625   0.0447582  0.0265656 -0.0426189  0.0193446  0.00997159 -0.00823758  0.00254884   0.208467 -0.0193332 0.00659813 -0.0341003   0.181107   -9.80727 
             45.8999   1.55121   2.63635 -0.248924 -0.0223751 -0.0332475  0.0491397 0.0285518   1.06476 0.0433345 -0.00984538  -0.0232766    0.044743  0.0336114 -0.0540458 -0.0202915  0.00951833 -0.00827413  0.00256207   0.208608 -0.0192446 0.00799237 -0.0342499   0.181236   -9.80727 
             46.0005   1.19184   3.22101 -0.281982  -0.020103 -0.0356264  0.0487767 0.0289973   1.06505 0.0433943 -0.00984702   -0.023277   0.0447416  0.0522829 -0.0594364 -0.0165418  0.00973526 -0.00861672   0.0025871   0.208749 -0.0194449 0.00790702 -0.0343179   0.181283   -9.80726 
             46.0994   1.03421   3.44008 -0.333607 -0.0197795 -0.0374353  0.0495109 0.0296418   1.06564  0.043614 -0.0098491 -0.0232777  0.0447407  0.0647525 -0.0628244 -0.0121072  0.00982793 -0.00874411  0.00262193   0.209013  -0.019732 0.00780654 -0.0344414   0.181348   -9.80726 
             46.1994  0.498173   2.88968 -0.379433 -0.0185315 -0.0382539  0.0477056 0.0302038   1.06605 0.0438913 -0.00984937  -0.0232789   0.0447602   0.057541 -0.0508907 -0.0117414   0.0101574 -0.00841179  0.00264883   0.209185  -0.019987 0.00779969 -0.0345257   0.181422   -9.80726 
             46.2992  0.412658   2.65188 -0.377661 -0.0175367 -0.0381326  0.0461515 0.0308863   1.06645  0.044146 -0.00984966  -0.0232791    0.044774  0.0498714 -0.0405295 -0.0134434    0.010207 -0.00827034  0.00264345   0.209359 -0.0202824 0.00779534 -0.0346124   0.181512   -9.80726 
             46.4992  0.772919   2.84503 -0.432422 -0.0109553  -0.047447  0.0466295 0.0311982   1.06697 0.0442555 -0.00984936  -0.0232807    0.044774  0.0652393 -0.0641492  -0.011175 0.00999839 -0.0083806 0.00267608   0.209589 -0.0204171 0.00769835 -0.0347079   0.181528   -9.80726 
             46.5993   1.37167    1.7063 -0.303125 -0.0109535 -0.0365682 0.00950216 0.0322449   1.06718 0.0447127 -0.00985592  -0.0232847    0.044735  0.0250903   -0.04093 -0.0514044  0.00978294 -0.00785956  0.00260227    0.20948 -0.0210052 0.00902108 -0.03479 0.182002 -9.80725 
             46.6995 -0.0168883     2.3395  -0.478426 -0.00545398  -0.0376412 -0.00545718 0.0319252    1.0673  0.044453 -0.00986178  -0.0232879   0.0447389  0.0429488 -0.0212805 -0.0598886   0.0105515 -0.00818413  0.00270554   0.209458 -0.0208682 0.00934782 -0.0348076   0.182018   -9.80725 
             46.7993 -0.228708   2.28312  -0.60621 -0.0131255 -0.0421022 -0.0120227  0.031594   1.06829 0.0442773 -0.0098606 -0.0232894  0.0447302  0.0207416 -0.0148641 -0.0605266   0.0106796 -0.00814878  0.00278896   0.209838 -0.0207202 0.00940197 -0.0349751   0.181964   -9.80725 
             46.8993 -0.00762563     2.34147   -0.389458  -0.020093  -0.036964 -0.0147442 0.0323565   1.06903 0.0445272 -0.00985505  -0.0232885   0.0447272  0.00748289 1.69344e-05  -0.0547023   0.0105417 -0.00818154  0.00266262   0.210171 -0.0210957 0.00928705 -0.0351005   0.182068   -9.80725 
             47.2993 -0.254173   3.11269 -0.372598 -0.00117086   -0.020166  -0.0493871 0.0326411    1.0691 0.0446463 -0.00985027  -0.0232869   0.0447279  0.0763734  0.0441556 -0.0647788   0.0106789 -0.00860195  0.00265521   0.210162 -0.0212518 0.00961597 -0.0351153   0.182183   -9.80725 
             47.3993 -0.508688   2.15739  -0.64381 0.00409326 -0.0366128 -0.0149602 0.0318377   1.06854 0.0443468 -0.00984213  -0.0232896    0.044737  0.0455086  0.0179709 -0.0261554  0.0108318 -0.0080332 0.00281353   0.210133 -0.0208662 0.00833876 -0.035017  0.181918  -9.80725 
             47.4994   -1.2903   1.68165 -0.878279 0.00851714 -0.0411096 -0.0274496 0.0309347   1.06842 0.0441481 -0.00983855  -0.0232872   0.0447282 0.0259533 0.0402839 -0.034667   0.0112661 -0.00776474  0.00294576    0.21001 -0.0204298 0.00869059 -0.03499 0.181782 -9.80725 
             47.5994 -0.960836   1.96056 -0.794957 0.00716399  -0.038549 -0.0304151 0.0308431   1.06872 0.0441822 -0.00983901  -0.0232884   0.0447302  0.0186817  0.0513249 -0.0357106   0.0110822 -0.00792466  0.00289605    0.21013  -0.020395 0.00870063 -0.0350413   0.181762   -9.80725 
             47.6994  -1.42096   1.67267 -0.897253 0.00707561 -0.0383296  -0.037589 0.0303405   1.06875 0.0440952 -0.0098396 -0.0232885  0.0447258 0.00206433  0.0689127 -0.0399827   0.0113507 -0.00774923  0.00295939   0.210131 -0.0201564  0.0088281 -0.0350632   0.181678   -9.80725 
             47.8004  -1.50358   1.65129 -0.859896 0.00623764 -0.0366581 -0.0433091 0.0298987   1.06877 0.0439904 -0.00984282  -0.0232886   0.0447249 -0.00908261   0.0822845  -0.0425018   0.0113995 -0.00773417  0.00293889   0.210136 -0.0199341 0.00891246 -0.0350905   0.181587   -9.80726 
             47.8993  -1.33086   2.44334 -0.730572 -0.000659257   -0.0298829   -0.0480677 0.0297107   1.06933 0.0439702 -0.00984328  -0.0232872   0.0447203 -0.00515108     0.10049  -0.0418536    0.011299 -0.00819295  0.00284683   0.210348  -0.019857 0.00897937 -0.035186  0.181551  -9.80726 
             48.0078 -0.382381   2.12271 -0.538362 -0.0073447  -0.026268 -0.0462925 0.0291809   1.06961 0.0438215 -0.0098525  -0.023285  0.0447484 -0.0209638   0.084951 -0.0357609   0.0107246 -0.00799404  0.00273298   0.210501 -0.0196278 0.00881302 -0.0352776   0.181499   -9.80726 
             48.1005 -0.14077  2.28971 -0.48435 -0.0150019 -0.0263447 -0.0460345 0.0283858   1.07003 0.0434162 -0.00985849  -0.0232826   0.0447683 -0.0262938  0.0678942  -0.030455  0.0105917 -0.0080921 0.00269862   0.210689 -0.0192607  0.0087398 -0.0354008   0.181395   -9.80726 
             48.1993 -0.0556515    2.05756  -0.464377 -0.0204604 -0.0275679 -0.0457906 0.0275122   1.07015  0.043043 -0.00986009  -0.0232827   0.0447788 -0.0366043  0.0542117 -0.0267307   0.0105388 -0.00795394  0.00268539   0.210752 -0.0188613  0.0086645 -0.0354718   0.181273   -9.80726 
             48.2993 0.112753  1.80163 -0.45588 -0.0267366 -0.0298486 -0.0566932 0.0270392   1.07042 0.0426896 -0.00986024  -0.0232906    0.044784 -0.0512234  0.0362707 -0.0374166   0.010439 -0.0078004 0.00267914    0.21076 -0.0185125 0.00906705 -0.0354817   0.180999   -9.80727 
             48.3993 -0.131808   2.23524 -0.302732 -0.0287972 -0.0267204 -0.0553156 0.0267114   1.07014 0.0426263 -0.00986215  -0.0232904   0.0447821 -0.0402718  0.0405045 -0.0306817  0.0105867 -0.0080504 0.00259278   0.210701 -0.0184356 0.00884556 -0.0354786   0.181048   -9.80726 
             48.4993 -0.731779   3.02631 -0.404477 -0.0298203 -0.0317247 -0.0601706 0.0255808   1.07023 0.0420107 -0.00985555  -0.0232924   0.0447383  -0.011608  0.0390266 -0.0326221  0.0109278 -0.0085069 0.00264686   0.210673 -0.0178659  0.0089752 -0.0354729   0.180791   -9.80727 
             48.5993 -0.808399   2.15828 -0.363178 -0.0282893 -0.0336112 -0.0491575 0.0244182   1.06944 0.0416562 -0.00984955  -0.0232952   0.0447201 -0.0199118  0.0379696 -0.0152342   0.0109786 -0.00798747  0.00262891   0.210487 -0.0174921  0.0083781 -0.0354583   0.180855   -9.80727 
             48.6993 -0.0153789    2.87316  -0.339082 -0.0272713 -0.0331506  -0.046213  0.024046   1.06934 0.0415645 -0.00984954   -0.023295   0.0447298 0.00372978  0.0254246 -0.0086744   0.0105173 -0.00840694  0.00261374   0.210469 -0.0173764 0.00821745 -0.0354632   0.180874   -9.80727 
             48.7994 -0.483849   2.52264 -0.407017 -0.0219358 -0.0336313  -0.037121 0.0231962    1.0686   0.04144 -0.00984605  -0.0232952   0.0447267  0.0126211  0.0307157 0.00349097  0.0107864 -0.0081997 0.00265457   0.210265 -0.0171072 0.00779099 -0.0354151   0.180926   -9.80727 
             48.9993 -0.614256   2.44597 -0.375677 -0.0256296 -0.0290349 -0.0263224 0.0225312   1.06896 0.0412438 -0.0098446 -0.0232977  0.0447265 0.00736528  0.0498942  0.0212573   0.0108673 -0.00815323  0.00263338   0.210484 -0.0169084 0.00742404 -0.0355314   0.180976   -9.80727 
             49.0993 -0.149974   2.45614 -0.365247 -0.0207432 -0.0330133 -0.0235558 0.0217544   1.06867 0.0409516 -0.0098451 -0.0232974  0.0447338 0.0193945 0.0297638 0.0206701   0.0106041 -0.00815793  0.00262152   0.210339 -0.0165349  0.0074448 -0.0354591   0.180856   -9.80727 
             49.1993 -0.143377   2.92158  -0.33373  -0.0188995  -0.0345782 -0.00770965 0.0209949   1.06864 0.0407565 -0.00984932  -0.0232965   0.0447361 0.0358624 0.0217739 0.0372861   0.0106047 -0.00843362  0.00260201   0.210439 -0.0163451 0.00688022 -0.0355335   0.180965   -9.80727 
             49.2993 -0.240979   3.03554  -0.47784 -0.0206636 -0.0356413 -0.0181782 0.0209243   1.06956 0.0404297 -0.0098447 -0.0232973  0.0447323 0.0421063 0.0254475 0.0195274   0.0106672 -0.00849301  0.00267901   0.210651 -0.0161424  0.0075051 -0.0355711   0.180709   -9.80727 
             49.4993 -0.870382   3.02557  -0.44503 -0.0112361 -0.0260213 -0.0286935 0.0210539   1.06988 0.0402897 -0.00984262  -0.0232924   0.0447298  0.0669295  0.0710106 0.00370203   0.0110311 -0.00848879  0.00265839   0.210671 -0.0160534 0.00804468 -0.0355504   0.180527   -9.80727 
             49.5995 -0.653067   2.77273 -0.542112 -0.0137985 -0.0289005 -0.0179968 0.0199529   1.07061 0.0398598 -0.00984016  -0.0232946   0.0447334 0.0565968 0.0582246 0.0166142   0.0108982 -0.00833405  0.00271828   0.211021 -0.0156258 0.00767727 -0.0356848   0.180478   -9.80727 
             49.6993 -0.555821   2.78449 -0.530266 -0.0145315 -0.0290358 -0.0104192 0.0192789   1.07122 0.0395932 -0.0098402 -0.0232949  0.0447387 0.0549624 0.0549547 0.0221309   0.0108493 -0.00834666  0.00270681   0.211296 -0.0153562  0.0074689 -0.0357872   0.180441   -9.80727 
             49.7993 -0.370076   2.70384 -0.546628 -0.00947812  -0.0302781 -0.00595348 0.0186511    1.0713 0.0393729 -0.00984116   -0.023295   0.0447466 0.0615194 0.0439608 0.0242543   0.0107365 -0.00830203    0.002715   0.211333  -0.015054 0.00741662 -0.0358069   0.180359   -9.80728 
             49.8994 -0.163183   3.16598 -0.402769 -0.00502039  -0.0256137  -0.0109159 0.0188269   1.07165 0.0393099 -0.00983987  -0.0232963   0.0447459 0.0791975 0.0487172  0.016018   0.0106244 -0.00854423  0.00263169   0.211433 -0.0150597 0.00774039 -0.0358658   0.180272   -9.80728 
             49.9994 0.0461212   3.47937 -0.530801 -0.00512302  -0.0230154  -0.0037849 0.0185263   1.07247  0.039122 -0.00984064  -0.0232948     0.04474 0.0888852 0.0418397 0.0240124   0.0104933 -0.00870444  0.00270828   0.211808 -0.0149646 0.00754191 -0.0359965   0.180293   -9.80728 
             50.0993  0.121666   3.01899 -0.496071   -0.003577  -0.0249981 -0.00823917 0.0180458   1.07303 0.0387424 -0.0098429 -0.0232968  0.0447469 0.0825908 0.0280564 0.0148127   0.0104386 -0.00841835  0.00268814      0.212 -0.0146385 0.00786675 -0.036116  0.180106  -9.80728 
             50.1993 0.0307015   3.05071 -0.585367 -0.00484794  -0.0295305   -0.015286  0.01741  1.07388 0.038241 -0.00984248  -0.0232992    0.044745  0.0788585  0.0170417 0.00458876  0.0104784 -0.0084304 0.00271953   0.212303 -0.0142182 0.00827458 -0.036299  0.179874  -9.80728 
              50.306 -0.0395791    2.41758  -0.425331 -0.00425062  -0.0349438 -0.00193163 0.0164305   1.07442 0.0379443 -0.00983785  -0.0232983   0.0447454  0.0582103 0.00284648  0.0212485   0.0105124 -0.00809512  0.00263218   0.212573 -0.0138524  0.0077758 -0.0363435   0.179874   -9.80728 
             50.4993 -0.0883386    2.51339   -0.32613 -0.00291706  -0.0333956  0.00949234 0.0163196   1.07523 0.0378856 -0.00983473  -0.0232957   0.0447515  0.0491993 0.00955812   0.029239    0.010555 -0.00813701  0.00257702   0.212937 -0.0138651 0.00751397 -0.0364342   0.179939   -9.80728 
             50.5995 -0.501323   3.04997  -0.51882 -0.00375315  -0.0292789   0.0070072 0.0164886   1.07592 0.0378512 -0.00983627  -0.0232953   0.0447498 0.0591234 0.0320873 0.0241097   0.0107841 -0.00844162  0.00268757   0.213203 -0.0139014 0.00772161 -0.0365642   0.179912   -9.80728 
             50.6995 -0.558244   3.08851 -0.591236  0.00245802  -0.0252265 0.000879031  0.016554   1.07595 0.0378085 -0.00983648  -0.0232936    0.044748 0.0741975 0.0484377 0.0191354   0.0108086 -0.00846155  0.00273083   0.213185 -0.0138638 0.00804755 -0.0366098   0.179842   -9.80728 
             50.7999 -0.558535   3.13297 -0.564801  0.00217897  -0.0237299 -0.00130626 0.0161359   1.07667 0.0375348 -0.0098356 -0.0232928  0.0447439 0.0739153  0.053442 0.0144575   0.0108077 -0.00848698  0.00271716   0.213467 -0.0136293 0.00823447 -0.036748   0.17974  -9.80728 
             50.8995 -0.456109   3.15012 -0.562498  0.00194646  -0.0237098 0.000591632 0.0154945   1.07741  0.037181 -0.00983528  -0.0232924   0.0447469 0.0748982 0.0490219 0.0127888   0.0107516 -0.00849834  0.00271357    0.21377 -0.0133248  0.0082589 -0.0368694   0.179648   -9.80729 
             51.0006 -0.434184   3.10487 -0.607209 0.00649293 -0.0224206 0.00128167 0.0150334   1.07775 0.0369124 -0.00983462  -0.0232925   0.0447503 0.0833103 0.0491615 0.0112429   0.0107366 -0.00847117  0.00274149   0.213899 -0.0130934 0.00830808 -0.0369302   0.179572   -9.80729 
             51.0995 -0.360494   2.95081 -0.618065 0.00902929 -0.0219932 0.00259052 0.0144849   1.07827 0.0365981 -0.00983453  -0.0232928   0.0447569 0.0811939 0.0473804 0.0108172   0.0106994 -0.00838237  0.00275012   0.214113 -0.0128202 0.00834824 -0.0370237   0.179487   -9.80729 
             51.1994 -0.212536   2.81208  -0.57655 0.00768687 -0.0220073  0.0141065 0.0139707   1.07908 0.0364018 -0.00983487  -0.0232919   0.0447664 0.0701596 0.0378288 0.0224881   0.0106172 -0.00830705  0.00272516   0.214493 -0.0126371 0.00803855 -0.0371214   0.179495   -9.80729 
             51.2995 -0.174783   2.85044 -0.600795 0.00937823 -0.0225629  0.0177728 0.0134874   1.07961 0.0361371 -0.00983563  -0.0232922   0.0447701 0.0689252 0.0312787 0.0233132   0.0106001 -0.00833292   0.0027376  0.214717 -0.012398 0.0080342 -0.0372147    0.17943   -9.80729 
             51.3994 -0.168558   2.82904 -0.599112  0.0101572 -0.0225031  0.0206284  0.013116   1.08019 0.0359131 -0.00983631  -0.0232924   0.0447708 0.0659066 0.0287366 0.0233862    0.010599 -0.00831741  0.00273628   0.214961 -0.0122136 0.00805926 -0.0373187   0.179377   -9.80729 
             51.4995 -0.105346   2.83329 -0.607286  0.0106815 -0.0231754  0.0238764 0.0127469   1.08076 0.0356864 -0.00983676  -0.0232926   0.0447706 0.0625454 0.0217327 0.0234401   0.0105647 -0.00831799  0.00273992   0.215205 -0.0120315 0.00807317 -0.0374218   0.179328   -9.80729 
             51.6003 -0.0647269    2.83388  -0.615961 0.0107473 -0.024448 0.0251035 0.0123904   1.08135  0.035445 -0.00983708   -0.023293   0.0447697 0.0604767 0.0163881 0.0212629   0.0105407 -0.00831414  0.00274661   0.215448 -0.0118386   0.008164 -0.0375379   0.179263   -9.80729 
             51.6995 -0.0358609    2.84488  -0.616744  0.0106653 -0.0252987   0.026849 0.0121394   1.08192 0.0352693 -0.00983723  -0.0232931   0.0447681  0.058036 0.0124843 0.0207648   0.0105245 -0.00831688  0.00274394   0.215692 -0.0117085 0.00822099 -0.0376444   0.179225   -9.80729 
             51.7994 -0.0249913    2.84486  -0.616845  0.0104641 -0.0258961  0.0276778 0.0119432   1.08248 0.0351233 -0.0098373  -0.023293  0.0447664   0.056482 0.00984334  0.0186183   0.0105166 -0.00831635  0.00274331   0.215933 -0.0116035 0.00830579 -0.0377519    0.17919   -9.80729 
             51.8994 -0.288868   2.81722 -0.643483  0.0100856 -0.0290732  0.0251297 0.0114463   1.08304 0.0348094 -0.00983701  -0.0232931   0.0447582  0.0545181 0.00905563  0.0126114   0.0106747 -0.00829597  0.00276018   0.216148  -0.011312 0.00851822 -0.0378827   0.179079   -9.80729 
             51.9996 -0.144196   2.40997 -0.539831 0.00359561 -0.0294873  0.0157571 0.0112447     1.084 0.0345707 -0.0098406 -0.0232911  0.0447634   0.0305113   0.0113352 -0.00167679   0.0105956 -0.00805773   0.0026969   0.216522 -0.0111481  0.0089758 -0.038096   0.17898  -9.80729 
             52.0993 -0.227022    2.4241 -0.487997 -0.00120251  -0.0290521  0.00736629 0.0110856   1.08472 0.0344292 -0.00984252  -0.0232891   0.0447639  0.0206385  0.0179582 -0.0095799   0.0106461 -0.00806529  0.00266738   0.216802 -0.0110159 0.00932297 -0.0382547   0.178904   -9.80729 
             52.1995 0.0155576   2.57114 -0.487051 -0.00724434  -0.0301795   0.0194584 0.0109422   1.08543 0.0344341 -0.00984199  -0.0232871    0.044765   0.012344 0.00621776 0.00499981   0.0105065 -0.00815023  0.00266608   0.217191 -0.0110337 0.00887763 -0.0383322   0.178993   -9.80729 
             52.2994  0.155272   2.66944 -0.461624 -0.0113177 -0.0315646  0.0325107 0.0108528   1.08589 0.0344515 -0.00984193  -0.0232854   0.0447643  0.00975506 -0.00269127   0.0182309   0.010427 -0.0082069 0.00264842   0.217463 -0.0110747 0.00843768 -0.0383706    0.17908   -9.80729 
             52.3994   0.19332   2.91924 -0.590312 -0.0123938 -0.0339923 0.00107724 0.0105176   1.08634 0.0341321 -0.00983618  -0.0232894   0.0447628   0.0210508 -0.00262247  -0.0192937   0.0103942 -0.00835451  0.00272851   0.217484 -0.0106799 0.00969919 -0.0385425   0.178792   -9.80729 
             52.4996  0.159064   2.77847 -0.373379 -0.0124422 -0.0300008 -0.0140506 0.0107948   1.08653 0.0341683 -0.00983426  -0.0232895   0.0447625  0.0232481 0.00982896  -0.031815   0.0104179 -0.00826825   0.0025952   0.217519 -0.0107545  0.0101733 -0.0386056   0.178753    -9.8073 
             52.5994 0.0821485   2.74229 -0.364565 -0.0121876 -0.0278254 -0.0235898 0.0108319   1.08676 0.0341449 -0.00983418  -0.0232891   0.0447626   0.025917  0.0158548 -0.0396529   0.0104636 -0.00824417  0.00259247   0.217589 -0.0107437  0.0104109 -0.038655  0.178723   -9.8073 
             52.6994 -0.232137   2.86416 -0.452988 -0.0134807 -0.0311613 -0.0184156 0.0103027   1.08718 0.0339112 -0.00983283   -0.023292   0.0447518  0.0290679 0.00991159 -0.0284761   0.0106458 -0.00831327  0.00264236   0.217814 -0.0105056  0.0100918 -0.0387084   0.178689    -9.8073 
             52.7994 -0.0910399    2.92668  -0.423012 -0.0165054 -0.0285019 -0.0260044 0.0104102   1.08778 0.0339574 -0.00983269  -0.0232922     0.04475  0.0292994  0.0155876 -0.0335766   0.0105635 -0.00834654  0.00262373   0.218066 -0.0105541  0.0102837 -0.038815  0.178686   -9.8073 
             52.8994 -0.807088   2.63844 -0.500339 -0.0096395 -0.0309709 -0.0289509 0.00980613    1.08743  0.0336849 -0.00982907  -0.0232924   0.0447322  0.0374513  0.0273075 -0.0334375   0.0109723 -0.00817753  0.00266671  0.217892 -0.010222  0.010277 -0.0387513    0.17859    -9.8073 
             52.9995 -0.261972   2.54523 -0.514692 -0.0101851 -0.0328271 -0.0156152 0.0094627    1.0877 0.0335845 -0.00982764  -0.0232941   0.0447439  0.0322604  0.0136688 -0.0174365  0.0106592 -0.0081206 0.00267664    0.21811 -0.0101023 0.00968173 -0.0387822   0.178609    -9.8073 
             53.0995 -0.0401374    2.49512  -0.530892 -0.00910448  -0.0360163 -0.00244356 0.00907974    1.08778  0.0334573 -0.00982668  -0.0232929   0.0447553   0.0295616  -0.0003098 -0.00163352   0.0105259 -0.00808905  0.00268631    0.218231 -0.00994388  0.00914258 -0.0387863   0.178614    -9.8073 
             53.1996 0.0565632   2.41194 -0.528052 -0.00933961  -0.0375927  0.00795386 0.00896612    1.08795  0.0334522 -0.00982635   -0.023292   0.0447587   0.0243263 -0.00669138  0.00999372   0.0104707 -0.00803611  0.00268516   0.218375 -0.0099244 0.00875539 -0.0388128   0.178645    -9.8073 
             53.2995 0.0610503   2.38341 -0.519148 -0.00982215  -0.0372307   0.0137801 0.00905725    1.08815  0.0335112  -0.009826 -0.0232916  0.0447581   0.0197064 -0.00423837    0.017229  0.0104688 -0.0080148 0.00267844     0.2185  -0.010001 0.00857761 -0.0388459   0.178684    -9.8073 
             53.3995  0.182292   2.44034 -0.516741  -0.010305 -0.0375841  0.0215535 0.00910002    1.08831  0.0335458 -0.0098259  -0.023291  0.0447572   0.0169367 -0.00694849   0.0242228   0.0103983 -0.00804918  0.00267767   0.218615 -0.0100542 0.00835395 -0.0388747   0.178722   -9.80729 
             53.4997 -0.113064   2.21369 -0.548021 -0.00754334  -0.0407453   0.0220497 0.00879788    1.08817  0.0334285 -0.00982611  -0.0232915    0.044754   0.0136834 -0.00747417   0.0211006   0.0105721 -0.00790892  0.00269512    0.218534 -0.00987111  0.00842507 -0.0388551   0.178661    -9.8073 
             53.5996 -0.295036   1.97705 -0.554944 -0.00610722  -0.0419814   0.0185986 0.0086777   1.08814 0.0333498 -0.00982712   -0.023291   0.0447523   0.00488505 -0.000377001    0.0151986    0.010677 -0.00776716  0.00270174    0.218482 -0.00977595  0.00863828 -0.038846  0.178612   -9.8073 
             53.7012 -0.614147   1.94543 -0.599632 -0.00417604    -0.04166   0.0174498 0.00857733    1.08803  0.0333108 -0.00982746  -0.0232909   0.0447504 0.000477835   0.0148098   0.0118238    0.010865 -0.00774775  0.00273033    0.218411 -0.00970629  0.00872453 -0.0388264   0.178583    -9.8073 
             53.7995 -0.630342    2.0557 -0.571175 -0.00502186  -0.0409831   0.0211541 0.00847138    1.08808  0.0332149 -0.00982816  -0.0232895   0.0447548 -0.00381161   0.0236116   0.0145677   0.0108721 -0.00780266  0.00271566    0.218447 -0.00965228  0.00863277 -0.0388408   0.178576    -9.8073 
             53.8995 -0.630052    2.0109 -0.573612 -0.00608522  -0.0378377   0.0232453 0.00849042     1.0881  0.0332117 -0.00982812  -0.0232896   0.0447553 -0.010319 0.0359057 0.0154122    0.010871 -0.00777981  0.00271343     0.21846 -0.00966665  0.00860976 -0.038845  0.178583   -9.8073 
             53.9996 -0.597273   2.00793 -0.550787 -0.0074335 -0.0350825  0.0256304 0.00838641    1.08811  0.0331587 -0.00982849  -0.0232894   0.0447595 -0.0154055  0.0451483  0.0177918   0.0108474 -0.00777703   0.0027008     0.21846 -0.00960539  0.00859094 -0.0388474   0.178567    -9.8073 
             54.1039 -0.509773   2.02537 -0.546452 -0.00823081  -0.0334514   0.0292108 0.00812802    1.08802  0.0330143 -0.00982846  -0.0232899   0.0447514 -0.0173473  0.0469161   0.021519   0.0107957 -0.00778588  0.00269537   0.218429 -0.0094588   0.008548 -0.0388447   0.178529    -9.8073 
             54.1996 -0.289446   1.90402 -0.545704 -0.00752321  -0.0325101   0.0242206 0.00787257    1.08798  0.0328105 -0.00982887  -0.0232898   0.0447501 -0.0203929  0.0453014    0.01274   0.0106675 -0.00771922  0.00269468    0.218321 -0.00925895  0.00884257 -0.0387903   0.178427    -9.8073 
             54.2996   0.29613   2.25962 -0.553026 -0.00916385  -0.0317499   0.0308341 0.00771201    1.08794  0.0327502 -0.00982879  -0.0232897   0.0447565 -0.016233 0.0267995 0.0174569   0.0103359 -0.00791378  0.00269751    0.218343 -0.00919267  0.00867535 -0.0388111   0.178431    -9.8073 
             54.3996  0.497724   2.18827 -0.520721 -0.0155495 -0.0335314  0.0366433 0.00739953     1.0882  0.0325267 -0.00982938  -0.0232888   0.0447619 -0.0281282 0.00690424   0.020191   0.0102316 -0.00787316  0.00267961    0.218496 -0.00903706  0.00855845 -0.0388781   0.178407    -9.8073 
             54.4995  0.571793    2.2119 -0.504664 -0.0200031  -0.035526  0.0402586 0.00721108    1.08831  0.0323955 -0.00982964  -0.0232886   0.0447631 -0.0321956 -0.0071504   0.022403   0.0101924 -0.00788986  0.00266824    0.218554 -0.00893625  0.00851871 -0.0389046   0.178385    -9.8073 
             54.5996  0.626774   2.28836 -0.494598 -0.0231813 -0.0383955  0.0424411 0.00707813    1.08834   0.032309 -0.00982965  -0.0232888   0.0447631 -0.0303726 -0.0201543  0.0225284    0.010162 -0.00793425  0.00266352    0.218562 -0.00885629  0.00853349 -0.0389074   0.178359    -9.8073 
             54.6996  0.589867   2.32407 -0.495046 -0.0249146 -0.0395934  0.0405292 0.00717675    1.08835  0.0323457 -0.00982921  -0.0232891   0.0447645 -0.0268931 -0.0262793  0.0184555   0.0101809 -0.00795219  0.00266137    0.218525 -0.00889215  0.00867884 -0.0388739   0.178349    -9.8073 
             54.7995  0.567603   2.37336 -0.472015 -0.0273844 -0.0412721  0.0385466 0.00727091    1.08845  0.0323674 -0.0098287 -0.0232893  0.0447657 -0.0250533  -0.029347  0.0166165   0.0101898 -0.00797829  0.00264654    0.218529 -0.00893094  0.00881899 -0.0388543   0.178345    -9.8073 
             54.8995  0.767257      3.05 -0.261194 -0.0262731 -0.0387449 0.00548143 0.00760297    1.08925  0.0324987 -0.0098088 -0.0232945  0.0447693 0.00412124 -0.0190958 -0.0213904   0.0100959 -0.00834669  0.00253931    0.218549 -0.00903648   0.0100781 -0.0386774   0.178263    -9.8073 
             55.1995  0.418904    1.6678 -0.254063  -0.032666 -0.0457147 -0.0209273 0.00728419    1.08938  0.0321044 -0.00981728  -0.0232934   0.0447683 -0.0477695 -0.0279931 -0.0373858   0.0102888 -0.00756983  0.00252785    0.218391 -0.00884518   0.0106937 -0.0385384   0.178169   -9.80731 
             55.2996 -0.169571   2.07613 -0.327538  -0.027173 -0.0391335 -0.0253091 0.00772927    1.08885  0.0323188 -0.00981826  -0.0232942   0.0447746 -0.0277039 0.00505931 -0.0371442   0.0106015 -0.00778778  0.00256563    0.218167 -0.00908961   0.0106578 -0.0384721   0.178231   -9.80731 
             55.3996 -0.115882   2.29825 -0.281873 -0.0291997 -0.0310414 -0.0299795 0.00823259    1.08886  0.0326104 -0.0098183  -0.023295  0.0447767 -0.0235423  0.0243913 -0.0375084   0.0105759 -0.00790607  0.00253988    0.218185 -0.00938101   0.0106706 -0.0384839   0.178306    -9.8073 
             55.5043 -0.102124   2.36076 -0.253787 -0.0321903 -0.0269483  -0.032713 0.00833983    1.08886  0.0326798 -0.00981838  -0.0232954   0.0447763 -0.0242025  0.0307033 -0.0358628   0.0105711 -0.00794192   0.0025233    0.218204 -0.00944328   0.0106274 -0.0384993    0.17832    -9.8073 
             55.6008  -0.10194   2.40895 -0.242732 -0.0332516 -0.0251527 -0.0329009 0.00829331     1.0887  0.0326298 -0.00981862  -0.0232956   0.0447781 -0.0205604  0.0300558 -0.0302686   0.0105676 -0.00797135   0.0025138    0.218164 -0.00941103   0.0105103 -0.038502  0.178311   -9.8073 
             55.6999 -0.128216   2.29239 -0.174079 -0.0324065 -0.0254877 -0.0300269 0.00810196    1.08834  0.0324689 -0.00981904  -0.0232963    0.044781 -0.0175274  0.0257473 -0.0242396   0.0105831 -0.00790626  0.00247132    0.21805 -0.0092869  0.0102928 -0.0384888   0.178281    -9.8073 
             55.8002 -0.331693   2.41305 -0.160261 -0.0354578  -0.029425 -0.0331746 0.00754633    1.08851  0.0321064 -0.00981967  -0.0232963   0.0447806 -0.0181207  0.0202086 -0.0242517   0.0106956 -0.00797928  0.00246351    0.218084 -0.00895106   0.0103347 -0.0384688   0.178196   -9.80731 
             55.9005 -0.406005   2.48947  -0.20399 -0.0352186 -0.0314414 -0.0352942 0.00714967    1.08842  0.0318559 -0.00981882  -0.0232963   0.0447813 -0.0119647  0.0199506 -0.0234877   0.0107373 -0.00802304  0.00248826    0.218013 -0.00871372   0.0103296 -0.0384265   0.178142   -9.80731 
             56.0009 -0.438491   2.48576 -0.184072 -0.0335486 -0.0312966 -0.0361977 0.00691161    1.08819  0.0317111 -0.00981866  -0.0232963   0.0447823 -0.00504225   0.0254706  -0.0209466   0.0107561 -0.00802057  0.00247876    0.217903 -0.00857608   0.0102692 -0.038387  0.178117  -9.80731 
                56.1 -0.453185   2.52457 -0.225416 -0.0332216 -0.0309545 -0.0372775 0.00667381    1.08812  0.0315689 -0.00981806  -0.0232962   0.0447833 -0.000510675    0.0286406   -0.0207812    0.010761 -0.00802961  0.00249661    0.217868 -0.00843532   0.0102343 -0.0383673   0.178085   -9.80731 
             56.1997 -0.462616   2.48299 -0.202623 -0.0312319 -0.0302935 -0.0373838 0.00640342    1.08792  0.0314246 -0.0098179 -0.0232961  0.0447843 0.00292976  0.0322069  -0.019906   0.0107646 -0.00800672  0.00248412    0.217774 -0.00828082   0.0101568 -0.0383321   0.178057   -9.80731 
             56.3078 -0.463709   2.45884 -0.213362 -0.0296444 -0.0294155  -0.037271 0.00610721    1.08777  0.0312716 -0.00981765  -0.0232959   0.0447853 0.00693624  0.0349369  -0.015707   0.0107637 -0.00799667  0.00248828    0.217708 -0.00810963   0.0100722 -0.0383048   0.178024   -9.80731 
             56.3998 -0.475975    2.4923 -0.244308 -0.0300467 -0.0304559 -0.0369998 0.00571378    1.08782  0.0310438 -0.0098172  -0.023296  0.0447864 0.00606082   0.034108 -0.0126832    0.010768 -0.00801829  0.00250985    0.217729 -0.00786454   0.0100177 -0.0382956   0.177962   -9.80731 
             56.4996 -0.487963   2.50129 -0.241495 -0.0302386 -0.0308649 -0.0370078 0.00536082    1.08787  0.0308384 -0.00981723  -0.0232962    0.044787 0.0071471 0.0352139 -0.010125    0.010771 -0.00802251   0.0025083    0.217743 -0.00764316  0.00998052 -0.0382853   0.177905   -9.80731 
             56.5997 -0.491522   2.50487 -0.241589 -0.0301703  -0.030721 -0.0368645 0.00503724    1.08791  0.0306536 -0.00981748  -0.0232963   0.0447873  0.00756736   0.0364248 -0.00911101   0.0107689 -0.00802609  0.00251198   0.217752 -0.0074429   0.009943 -0.0382757   0.177855   -9.80731 
             56.6997 -0.471372   2.46107 -0.221107 -0.0286614 -0.0293962 -0.0358462 0.00476589    1.08779  0.0305218 -0.00981784  -0.0232962   0.0447876  0.00949233   0.0396445 -0.00762007  0.0107575 -0.0079969 0.00249966      0.2177 -0.00728798  0.00986881 -0.0382529   0.177828   -9.80731 
             56.7997 -0.468609   2.48298 -0.249856 -0.0290282 -0.0295366 -0.0352964 0.00438116    1.08788  0.0302995 -0.00981799  -0.0232963   0.0447877  0.00974156   0.0388798 -0.00550859   0.0107544 -0.00800947  0.00251753    0.217734 -0.00704888  0.00983168 -0.0382501   0.177767   -9.80731 
             56.9063 -0.466287   2.48837 -0.248676 -0.0291015 -0.0294558 -0.0348729 0.00400829    1.08796  0.0300814 -0.00981831  -0.0232964   0.0447877   0.0104201   0.0393305 -0.00522621   0.0107493 -0.00801272  0.00251552     0.21776 -0.00681326  0.00980451 -0.0382445   0.177705   -9.80732 
             57.0118 -0.460705   2.48853 -0.247797 -0.0291772 -0.0295349 -0.0343484 0.00363108    1.08804  0.0298655 -0.00981868  -0.0232965   0.0447875   0.0101151   0.0375503 -0.00191246   0.0107477 -0.00800925  0.00251315    0.217783 -0.00657206  0.00978153 -0.0382383   0.177641   -9.80732 
              57.101 -0.457518   2.48733  -0.24658  -0.029458 -0.0302383  -0.033816 0.0032622   1.08811  0.029657 -0.00981905  -0.0232966   0.0447872  0.00912348   0.0360323 -0.00188636   0.0107437 -0.00800292  0.00251171   0.217804 -0.0063345 0.00976693 -0.0382315   0.177578   -9.80732 
             57.1996 -0.458219   2.48244 -0.244259  -0.029287 -0.0304387  -0.033656 0.00292991    1.08816  0.0294647 -0.00981939  -0.0232967   0.0447868   0.00949609    0.0353988 -0.000981408   0.0107369 -0.00799799  0.00250918    0.217811 -0.00611772  0.00977015 -0.038221  0.177518  -9.80732 
             57.2996 -0.440174   2.43023 -0.223134 -0.0277123 -0.0293562 -0.0328438 0.00266228    1.08807  0.0293276 -0.00981973  -0.0232968   0.0447867   0.00972384    0.0379194 -0.000603332   0.0107216 -0.00797146  0.00249604    0.217759 -0.00595631  0.00973802 -0.0381958   0.177486   -9.80732 
             57.3996 -0.456288   2.45386 -0.244933 -0.0283793 -0.0305808 -0.0325956 0.00224189    1.08821  0.0290781 -0.00981983  -0.0232969   0.0447859  0.00802917   0.0348689 0.000460121   0.0107191 -0.00798039  0.00250733    0.217801 -0.00568009  0.00974782 -0.0381933   0.177406   -9.80732 
             57.4997 -0.449239   2.46015 -0.248817 -0.0287525  -0.030598 -0.0326245 0.00194673    1.08831  0.0288947 -0.00981987  -0.0232969   0.0447855   0.00607474    0.0348197 -0.000611954   0.0107113 -0.00798384  0.00250939    0.217828 -0.00548238  0.00976492 -0.0381899   0.177348   -9.80732 
             57.5996 -0.430843    2.4181 -0.225228  -0.027615 -0.0294528 -0.0320268 0.00170511    1.08824  0.0287538 -0.0098201  -0.023297  0.0447855    0.0084094    0.0372274 -0.000597429   0.0107023 -0.00795667  0.00249694    0.217786 -0.00533187   0.0097447 -0.038168  0.177317  -9.80732 
             57.6996 -0.432898   2.44538 -0.251799 -0.0281694 -0.0297684 -0.0320408 0.00136279    1.08836  0.0285261 -0.00981999   -0.023297   0.0447851  0.00790345   0.0376821 -0.00158022   0.0107008 -0.00797071  0.00251181    0.217824 -0.00510087  0.00975848 -0.0381658    0.17725   -9.80732 
             57.7996 -0.434597   2.45645 -0.249447 -0.0285857 -0.0299417 -0.0322058 0.00103606    1.08846  0.0283099 -0.00982003   -0.023297   0.0447846   0.00743252    0.0355549 -0.000797699   0.0107041 -0.00797242  0.00251464    0.217852 -0.00487581  0.00977522 -0.0381607   0.177186   -9.80733 
             57.8995 -0.437586   2.46151 -0.246761 -0.0288658 -0.0302243 -0.0323123 0.000716906     1.08855   0.0281027 -0.00982015   -0.023297   0.0447841   0.00721202    0.0339894 -0.000968927   0.0107042 -0.00797348  0.00251492    0.217874 -0.00465314  0.00979194 -0.0381534   0.177123   -9.80733 
             57.9996  0.100546   2.18305 -0.241159 -0.0253371 -0.0319612 -0.0316127 0.000336681     1.08822   0.0278468 -0.00982078  -0.0232979   0.0447913  0.00514751   0.0184442 -0.00124892   0.0103969 -0.00781039  0.00251366     0.21767 -0.00440039   0.0097805 -0.0380743   0.177075   -9.80733 
             58.0997 -0.0603728     2.1752  -0.278124 -0.0240261 -0.0349512 -0.0293363 -0.000158805       1.0881    0.0275976 -0.0098199 -0.0232978  0.0447917  0.0027854  0.0105344 0.00184502   0.0104945 -0.00780543  0.00253322    0.217604 -0.00409175  0.00968931 -0.0380378    0.17702   -9.80733 
             58.1995 -0.139492   2.18203 -0.308309 -0.0207232 -0.0365451 -0.0378679 -0.000365329      1.08804    0.0273996 -0.00982033  -0.0232982   0.0447902  0.0075337  0.0127317 -0.0100256   0.0105398 -0.00780487  0.00255267    0.217443 -0.00387414   0.0100494 -0.0379631   0.176901   -9.80733 
             58.2995  -0.18747   2.27188 -0.247883 -0.0202057 -0.0344169 -0.0405497 -0.000292706       1.0881    0.0274251 -0.00982018  -0.0232982   0.0447906 0.00771188  0.0192135 -0.0116968    0.010565 -0.00785468  0.00251707    0.217461 -0.00390821   0.0101155 -0.0379679   0.176895   -9.80733 
             58.3995 -0.316824   2.46227 -0.307471 -0.0218495 -0.0373764 -0.0406635 -0.00071341      1.0884   0.0271768 -0.00982034  -0.0232988   0.0447826 0.00736549  0.0139167 -0.0123751   0.0106388 -0.00796092   0.0025537    0.217604 -0.00362102   0.0100957 -0.0379986   0.176817   -9.80733 
             58.4997 -0.339521   2.29503 -0.419847 -0.0203989 -0.0406333 -0.0284702 -0.00120695      1.0881   0.0270007 -0.00981808  -0.0233003   0.0447802 0.00417848 0.00660338 0.00471414   0.0106524 -0.00785794  0.00262287    0.217589 -0.00338985  0.00955289 -0.0380136   0.176852   -9.80733 
             58.5995 -0.221619   2.17974 -0.437574 -0.0193413  -0.044633 -0.0179342 -0.00160984     1.08789   0.0268398 -0.00981648  -0.0232999    0.044782  0.00117334 -0.00230982   0.0158669   0.0105875 -0.00779076  0.00263366    0.217589 -0.00317841  0.00914703 -0.0380294   0.176864   -9.80733 
             58.6996 -0.635443   2.23333 -0.456178 -0.0244526 -0.0422476 -0.0121653 -0.00153816     1.08821   0.0269253 -0.00981664  -0.0233027   0.0447842 -0.00828926   0.0164704   0.0217223   0.0108202 -0.00781728  0.00264525    0.217833 -0.00326137  0.00895809 -0.0381202   0.176901   -9.80733 
             58.7997 -0.670032   2.25563 -0.421052  -0.0273013  -0.0392829 -0.00751456 -0.00150053      1.0883    0.026974 -0.00981653  -0.0233034   0.0447847 -0.0142048   0.030501  0.0263614   0.0108389 -0.00783008   0.0026275    0.217922 -0.00330767  0.00885268 -0.0381563   0.176924   -9.80733 
             58.8997 -0.626766   2.27366 -0.396799  -0.0291025  -0.0366121 -0.00329123 -0.0015704    1.08831  0.0269471 -0.00981691  -0.0233036    0.044785 -0.0152179  0.0385962  0.0260309   0.0108163 -0.00784354  0.00261323    0.217947 -0.00327083  0.00878676 -0.0381691   0.176924   -9.80733 
             58.9996 -0.575892   2.29159 -0.379459  -0.0300559  -0.0345938 0.000425606 -0.00173558     1.08828   0.0268521 -0.00981772  -0.0233037   0.0447866 -0.014458 0.0440459 0.0274135   0.0107847 -0.00784873  0.00260142    0.217934 -0.00315994  0.00875191 -0.0381679   0.176902   -9.80733 
             59.0996  -0.45529   2.15382 -0.375635 -0.0233848 -0.0307911 0.00778298 -0.00176321     1.08761   0.0268307 -0.00981776  -0.0233051   0.0447872 -0.00518886   0.0503473   0.0327118   0.0107139 -0.00776396  0.00259819    0.217609 -0.00316066  0.00856665 -0.0380849   0.176934   -9.80733 
             59.1996 -0.368768   2.88967 -0.342847 -0.0203253 -0.0318299  0.0190305 -0.00228306     1.08744   0.0265642 -0.00982314  -0.0233048   0.0447957 0.0177841 0.0410565 0.0419449   0.0106705 -0.00817088  0.00257702    0.217596 -0.00285329  0.00825876 -0.0381074   0.176909   -9.80733 
             59.2996 -0.314816    2.4297 -0.255473 -0.0220717 -0.0298368  0.0197229 -0.00244937     1.08769   0.0264254 -0.00982448  -0.0233048   0.0447986 0.00693071  0.0432743   0.038636   0.0106405 -0.00790701  0.00252899    0.217674 -0.00270607  0.00842555 -0.0381159   0.176843   -9.80733 
                59.4  0.227291   2.92732 -0.291851 -0.0269342 -0.0253757    0.01859 -0.00233734     1.08828   0.0264613 -0.00982239  -0.0233066   0.0447927 0.0157461 0.0359684 0.0307525   0.0103147 -0.00819791  0.00255211    0.217957 -0.00274329  0.00863582 -0.0381853   0.176813   -9.80733 
             59.4995  0.425326   3.57709 -0.274474 -0.0238364 -0.0247504  0.0336003 -0.00263787     1.08813   0.0262948 -0.00983023  -0.0233009   0.0447932 0.0439709  0.019283 0.0457658   0.0102061 -0.00856767  0.00254474    0.218017 -0.00263241  0.00814509 -0.0382356   0.176869   -9.80733 
             59.6995 0.240633  2.84199 -0.38749 -0.0171507 -0.0294991  0.0383613 -0.00321725     1.08831   0.0258777 -0.00982527  -0.0233037   0.0447936    0.0465458 -0.000269537    0.0401925   0.0103059 -0.00813972  0.00260791    0.218026 -0.00219814  0.00833785 -0.0382158   0.176729   -9.80733 
             59.7997  0.416041   3.13019 -0.428354 -0.0115718 -0.0287327  0.0545042 -0.00311703     1.08814   0.0260197 -0.0098278 -0.0233013  0.0447938   0.0632993 -0.00927519   0.0541546   0.0102028 -0.00830193  0.00262976    0.218064 -0.00234272  0.00786192 -0.0382398   0.176829   -9.80733 
             59.8996  0.242729   2.43913 -0.520664 -0.00498688  -0.0369013   0.0342702 -0.00372422     1.08848   0.0254045 -0.00982927  -0.0233029   0.0447824  0.0591787 -0.0204981  0.0233355  0.0102942 -0.0079025 0.00268023    0.217972 -0.00178981  0.00885515 -0.0382017   0.176575   -9.80734 
             59.9996 -0.0402281    2.16186  -0.486836 -0.00277293  -0.0418317   0.0351841 -0.0039887     1.0887  0.0252581 -0.00982997  -0.0233032   0.0447784  0.0473207 -0.0222115  0.0225128   0.0104599 -0.00773963  0.00266035     0.21807 -0.00159435  0.00892359 -0.0382306   0.176517   -9.80734 
             60.0996  0.165688   2.10669 -0.457307 -0.00603556  -0.0405511     0.03352 -0.00370468     1.08919   0.0254041 -0.00982966  -0.0233031   0.0447857  0.0293908 -0.0175235  0.0175641   0.0103465 -0.00770823   0.0026473    0.218326 -0.00178887  0.00908187 -0.0383076   0.176548   -9.80734 
             60.1996  0.888453   1.99114 -0.418878 -0.0142882 -0.0379036   0.034746 -0.00323545     1.08979   0.0256738 -0.00982664   -0.023304   0.0447747 0.00208046 -0.0254812  0.0157119  0.00993145 -0.00764216  0.00262112    0.218685 -0.00215039  0.00912716 -0.0384062   0.176632   -9.80733 
             60.2997 0.530439  2.41561 -0.49099 -0.0183687 -0.0419868  0.0335647 -0.00338889     1.09017   0.0255038 -0.00982834  -0.0233046   0.0447728 0.00168905 -0.0337078  0.0129405   0.0101406 -0.00788821  0.00266403    0.218881 -0.00203261  0.00923667 -0.0384717   0.176596   -9.80733 
             60.3996   0.47944   2.43388 -0.461782 -0.0219256 -0.0442963  0.0439807 -0.00319372     1.09029   0.0256096 -0.00982867  -0.0233048    0.044771 -0.00533487  -0.0384225   0.0244995   0.0101688 -0.00789576   0.0026468   0.219027 -0.0021736 0.00887813 -0.038501  0.176634  -9.80733 
             60.5005  0.423346   2.07239 -0.273292 -0.0191154 -0.0369722  0.0133395 -0.00270354     1.09042   0.0258242 -0.00982442  -0.0233027   0.0447818 -0.00551264  -0.0102415  -0.0109938   0.0102061 -0.00768819  0.00253797    0.218837 -0.00256666   0.0101277 -0.0384472   0.176733   -9.80733 
             60.5998 -0.430227   2.52607 -0.406152 -0.0182755 -0.0423571  0.0173389 -0.00313624     1.09037   0.0255635 -0.00982679   -0.023309   0.0447604  0.00382157 -0.00669841 -0.00450136   0.0107076 -0.00795107  0.00262019    0.218843 -0.00225033  0.00992192 -0.0384607   0.176649   -9.80733 
             60.6996 -0.529862   2.50625 -0.433735 -0.0156696   -0.04336  0.0190554 -0.0031846    1.09022  0.0255033 -0.00982674  -0.0233101   0.0447594   0.00996615   0.00153324 -0.000520127  0.0107601 -0.0079363 0.00263497    0.218769 -0.00220751  0.00984033 -0.03844 0.176636 -9.80733 
             60.7996 -0.474911   2.75813 -0.369391   -0.01567 -0.0365431  0.0152023 -0.00269087     1.09038   0.0258425 -0.00982598  -0.0233094   0.0447591   0.0185894   0.0250991 -0.00375314   0.0107327 -0.00807836  0.00259703    0.218845 -0.00255888   0.0099649 -0.0384568    0.17672   -9.80733 
             60.8996 -0.485037   2.70129 -0.512746 -0.0117399 -0.0360002  0.0112804 -0.00293599     1.09032   0.0256837 -0.00982397  -0.0233077    0.044761   0.0282427   0.0299053 -0.00782263   0.0107293 -0.00804604  0.00268138    0.218767 -0.00239844   0.0101108 -0.0384342    0.17669   -9.80733 
             60.9996  0.312367   2.37323 -0.411473 -0.0174975 -0.0320161 0.00285327 -0.00285424     1.09093   0.0258129 -0.00982631  -0.0233129   0.0447556  0.0104383  0.0228917 -0.0162138   0.0102804 -0.00785838   0.0026248    0.219042 -0.00250286   0.0104469 -0.0385096   0.176724   -9.80733 
             61.0997 -0.0957718    2.23873  -0.265191 -0.0223478 -0.0302974 0.00564964 -0.00292406     1.09125   0.0258174 -0.00982578  -0.0233121   0.0447599 -0.00422542   0.0258986  -0.0123122  0.0105183 -0.0077824 0.00253937    0.219252 -0.00244984   0.0102736 -0.0385691    0.17671   -9.80733 
             61.1996 -0.361382   1.81786 -0.306391 -0.0180042 -0.0292764  0.0126019 -0.00303964     1.09069   0.0257611 -0.00982313  -0.0233149   0.0447527 -0.0105506  0.0285507 -0.0015734   0.0106717 -0.00753824   0.0025636    0.219014 -0.00235855  0.00994532 -0.0385064   0.176686   -9.80733 
             61.3005 -0.0281778    2.53226  -0.311916 -0.0224828 -0.0333959  0.0327394 -0.00336338     1.09078   0.0256102 -0.00982804   -0.023313   0.0447566 -0.00989428  0.00680745   0.0239323   0.0104778 -0.00794535  0.00256763    0.219249 -0.00209057  0.00916131 -0.0385844   0.176621   -9.80733 
                61.4 -0.258151   2.40472 -0.396961  -0.024364 -0.0390925  0.0343154 -0.00393311     1.09089   0.0253026 -0.00982531  -0.0233139   0.0447538  -0.0113891 -0.00287476   0.0206785   0.0106099 -0.00787044  0.00261718    0.219271 -0.00168553  0.00921654 -0.0385823   0.176525   -9.80734 
             61.4999  -0.37272   2.44082 -0.406867 -0.0269277 -0.0440146  0.0341913 -0.00437462     1.09108   0.0250559 -0.00982366  -0.0233143     0.04475  -0.0126622 -0.00484296   0.0183156  0.0106771 -0.0078887 0.00262062     0.21933 -0.00137148  0.00932991 -0.0385875   0.176447   -9.80734 
             61.5997 -0.699362    2.4141 -0.307497 -0.0242886 -0.0442415  0.0485329 -0.00434575     1.09058   0.0250755 -0.00982439  -0.0233179     0.04475 -0.00662325  0.00733721   0.0326934   0.0108523 -0.00787159  0.00256359    0.219192 -0.00139231  0.00881524 -0.0385722   0.176474   -9.80734 
             61.6996  0.753866   3.31346 -0.341339 -0.0288439 -0.0391549  0.0496049 -0.00372819     1.09097   0.0255679 -0.00981962  -0.0233245   0.0447215  0.0143628 -0.0074661  0.0290031   0.0100266 -0.00838499  0.00258544   0.219457 -0.0018575 0.00892415 -0.0386531   0.176569   -9.80733 
             61.7998  0.102673    2.1559 -0.257641 -0.0297049 -0.0383634  0.0630119 -0.00368119     1.09071   0.0259795 -0.0098161 -0.0233229  0.0447236  -0.00940689 -0.000541527    0.0448349   0.0104079 -0.00771491  0.00253451     0.21942 -0.00191934    0.008502 -0.0386625    0.17661   -9.80733 
             61.8996 -0.0300086    1.74795  -0.210247 -0.0289841 -0.0373483   0.076905 -0.00357067     1.09033   0.0260874 -0.00981272  -0.0233222   0.0447212 -0.0214158 0.00374946  0.0573085   0.0104833 -0.00748007  0.00250259    0.219315 -0.00201031  0.00813418 -0.0386518   0.176658   -9.80733 
             61.9996  0.579857   1.54432 -0.315871 -0.0234427 -0.0348199  0.0355698 -0.00368035     1.09053   0.0258147 -0.00982848  -0.0233375   0.0447157 -0.0201075 0.00325662 0.00268255   0.0101385 -0.00736142  0.00256111    0.218876 -0.00191396  0.00985027 -0.0384512    0.17655   -9.80734 
             62.0997 -0.699643    1.5734 -0.265967 -0.0199553 -0.0320292  0.0139639 -0.00387904     1.09047   0.0256738 -0.00983346  -0.0233341   0.0447178 -0.0200367  0.0352134 -0.0215275    0.010849 -0.00737875  0.00253466   0.218615 -0.0017477  0.0106158 -0.0383383   0.176476   -9.80734 
             62.1997 -0.695564    1.2884 -0.368505 -0.021571 -0.036782 0.0295446 -0.00448394     1.09012   0.0254152 -0.00982533  -0.0233403   0.0446933  -0.0416628    0.026175 -0.00295977  0.0108402 -0.0072186 0.00259509    0.218575 -0.00134485    0.009986 -0.0383549   0.176421   -9.80734 
             62.2997 -0.133933   1.92477 -0.349384 -0.0262885 -0.0416441  0.0424925 -0.00485478     1.09009   0.0253213 -0.00982588  -0.0233406   0.0447041 -0.0408422 0.00223563  0.0139542   0.0105213 -0.00757604  0.00258134    0.218673 -0.00108437   0.0095356 -0.0384088   0.176383   -9.80734 
             62.4015 0.0317727   2.03871 -0.371938 -0.0294487  -0.043427  0.0604425 -0.00485883     1.08966   0.0253247 -0.0098284 -0.0233392  0.0447076  -0.0443009 -0.00757806   0.0314245   0.0104273 -0.00764534  0.00259533    0.218635 -0.00110116  0.00893061 -0.0384655   0.176429   -9.80734 
             62.4997 0.0766709   2.04645 -0.368098 -0.0280254 -0.0455958   0.062048 -0.00496551     1.08932   0.0252398 -0.00982831  -0.0233391   0.0447139 -0.0389009 -0.0105826  0.0307747   0.0104028 -0.00764711  0.00259767    0.218402 -0.00101678   0.0089822 -0.0383906   0.176418   -9.80734 
             62.6011  0.181655   2.32353 -0.381651 -0.0322706 -0.0481534  0.0673352 -0.00502593     1.08934   0.0252036 -0.00982885  -0.0233389   0.0447141  -0.035947 -0.0178522  0.0320035 0.0103461   -0.0078 0.0026075      0.21844 -0.000974125   0.00890777 -0.0384108   0.176412   -9.80734 
              62.701  0.260771   2.54085 -0.395514 -0.0365659 -0.0505815  0.0719318 -0.00503721      1.0894   0.0251994 -0.00982923  -0.0233387   0.0447127 -0.0309314 -0.0221961  0.0338712   0.0103005 -0.00792567  0.00261479     0.218498 -0.000967811    0.0088604 -0.038434  0.176411  -9.80734 
             62.7998  0.358595    2.4315 -0.384753  -0.040669 -0.0517943    0.07158 -0.00496697     1.08956   0.0252396 -0.00982851  -0.0233392   0.0447123 -0.0328666 -0.0260093  0.0303902   0.0102509 -0.00786535  0.00260824    0.218536 -0.00101881  0.00900428 -0.0384211   0.176412   -9.80734 
             62.8998  0.228938   2.32313 -0.274262 -0.0397337 -0.0460284  0.0727165 -0.00437552     1.08918   0.0256085 -0.00982477  -0.0233399   0.0447188  -0.0281876 -0.00894458   0.0302963   0.0103269 -0.00780406  0.00254524    0.218335 -0.00145786  0.00901496 -0.038374  0.176516  -9.80734 
             62.9997  0.335459   2.35629 -0.376647  -0.042106 -0.0473618  0.0704821 -0.00442465     1.08932   0.0255702 -0.00982451  -0.0233402   0.0447186  -0.026673 -0.0144106  0.0237332   0.0102638 -0.00782224  0.00260595    0.218328 -0.00141912  0.00922689 -0.0383364   0.176498   -9.80734 
             63.0997  0.257137   2.07462 -0.154999 -0.0402402 -0.0393011  0.0657922 -0.00377495     1.08899    0.025908 -0.00981874  -0.0233417   0.0447222 -0.0289806 0.00720907  0.0163244   0.0103152 -0.00766113  0.00248286    0.218088 -0.00189314  0.00944005 -0.0382453     0.1766   -9.80734 
             63.2046 0.0903382   1.99168  -0.13347 -0.0368053 -0.0322355  0.0612248 -0.00338077     1.08859     0.02611 -0.00981734  -0.0233428   0.0447244 -0.0262943  0.0224033  0.0104978   0.0104052 -0.00761422  0.00247134    0.217791 -0.00219744  0.00963502 -0.0381405   0.176669   -9.80733 
             63.2997 -0.258554   1.64994 -0.137494 -0.0334882  -0.030438  0.0645642 -0.00345847     1.08803   0.0260631 -0.00981653  -0.0233449   0.0447155 -0.0315524  0.0284879  0.0124173   0.0106109 -0.00741695   0.0024742    0.217486 -0.00214468   0.0095246 -0.0380736   0.176669   -9.80733 
             63.3998 -0.204937   1.84465 -0.151411 -0.0302486 -0.0283965  0.0468353 -0.0037772    1.08814  0.0259022 -0.00981967   -0.023341   0.0447109 -0.0235493  0.0349289 -0.0107449   0.0105778 -0.00752825  0.00248043     0.21724 -0.00194806   0.0102318 -0.0378936   0.176633   -9.80734 
             63.4998  0.257781   1.47208 -0.253667 -0.0270019 -0.0323122  0.0595458 -0.00410992     1.08743    0.025636 -0.00981188  -0.0233392   0.0447201 -0.0320019  0.0103751 0.00349403   0.0103102 -0.00731344  0.00253721    0.216952 -0.00164916  0.00974738 -0.0378712   0.176585   -9.80734 
             63.5997 -0.241826   1.34803 -0.176211 -0.0223825 -0.0280318   0.036985 -0.00426472     1.08739   0.0256012 -0.00981789  -0.0233353   0.0447153  -0.035319  0.0290324 -0.0222103   0.0105916 -0.00724071  0.00249671     0.21659 -0.00158745   0.0105495 -0.0376451   0.176592   -9.80734 
             63.6998 -0.456258   1.32564 -0.217666 -0.0215116 -0.0272895  0.0202247 -0.00466844     1.08752    0.025407 -0.00982023  -0.0233313   0.0447105 -0.0418761  0.0365102  -0.039837   0.0107086 -0.00722606  0.00252043    0.216402 -0.00130113   0.0110776 -0.0374853   0.176544   -9.80734 
             63.7997 -0.699357   1.17921 -0.197707 -0.0227484 -0.0265119 0.00408728 -0.00508858     1.08769   0.0251816 -0.00982237  -0.0233273   0.0447049 -0.0555868  0.0464118 -0.0536218   0.0108489 -0.00714683  0.00251063     0.216264 -0.000982123    0.0115262 -0.037342  0.176485  -9.80734 
             63.8996 -0.640693  0.856919 -0.249553 -0.0237359 -0.0307526  0.0163893 -0.00557968     1.08696    0.024843 -0.00981577   -0.023329   0.0447064 -0.0755818  0.0356947 -0.0366183   0.0108099 -0.00696091  0.00254373     0.216002 -0.000552893    0.0109303 -0.0373553   0.176419   -9.80734 
             63.9996   0.198957    1.47712 -0.0949434 -0.0316244  -0.025877 0.00859364 -0.00541881     1.08716   0.0249869 -0.00981248  -0.0233326   0.0446989 -0.0782416  0.0285403 -0.0407294   0.0103348 -0.00731697  0.00245445    0.216061 -0.00072773   0.0110823 -0.037346  0.176449  -9.80734 
             64.0996  0.244848   1.59832 -0.151772 -0.0361563 -0.0283731  0.0260099 -0.00557774      1.0863   0.0248123 -0.00981571   -0.023328    0.044713 -0.0839462 0.00993931 -0.0192319  0.0103133 -0.0073915 0.00248706     0.215865 -0.000579626    0.0103388 -0.0374663   0.176456   -9.80734 
             64.1996 -0.0274324    1.73152  -0.203934 -0.0357118 -0.0295906  0.0150167 -0.00586276     1.08615   0.0246643 -0.00981389  -0.0233281   0.0447246 -0.0755485  0.0115722  -0.030735   0.0104698 -0.00747114  0.00251601      0.21558 -0.000360685    0.0106398 -0.0372922   0.176425   -9.80734 
             64.2996  0.101664   2.09704 -0.200708 -0.0365997 -0.0302271  0.0180339 -0.0059473    1.08562   0.024626 -0.00981587  -0.0233269   0.0447321  -0.064156 0.00524376  -0.022615  0.0104071 -0.0076535 0.00252021     0.215332 -0.000314183    0.0104257 -0.0372831   0.176446   -9.80734 
             64.3997  0.481978   2.36537 -0.119826 -0.0391788 -0.0309174  0.0216245 -0.00593141     1.08524   0.0246541 -0.00981832  -0.0233259   0.0447355  -0.0546373 -0.00809516  -0.0168171   0.0101952 -0.00779881  0.00247444     0.215187 -0.000344023    0.0102263 -0.0373053   0.176475   -9.80734 
             64.4996 -0.0445101    2.02962 -0.0776666 -0.042937 -0.030502  0.017504 -0.00595441     1.08515   0.0246771 -0.00981768  -0.0233265   0.0447402 -0.0603147 0.00182591 -0.0182901   0.0105009 -0.00760964  0.00244871     0.215086 -0.000325585    0.0103009 -0.0372551   0.176476   -9.80734 
             64.5996   0.784468    2.74834 -0.0544745 -0.0416588 -0.0273647  0.0121651 -0.00566921     1.08496    0.024909 -0.00981561  -0.0233281    0.044741 -0.0304266 -0.0112243  -0.023062   0.0100213 -0.00803417   0.0024369     0.214929 -0.000595296    0.0104148 -0.037204  0.176547  -9.80734 
             64.6997   0.52199    2.3971 -0.194324 -0.0407003 -0.0284443 0.00468259 -0.00575393     1.08489   0.0248979 -0.00981463  -0.0233285   0.0447416 -0.0272379 -0.0149747 -0.0296869  0.0101742 -0.0078317 0.00251537    0.214767 -0.00054759   0.0105934 -0.037104  0.176547  -9.80734 
             64.7997  0.121381   2.23376 -0.200858 -0.0361436 -0.0329373 0.00986986 -0.00599467     1.08418   0.0248184 -0.00981338  -0.0233291     0.04473 -0.0200096 -0.0210176 -0.0217496   0.0104053 -0.00774037  0.00251749     0.214456 -0.000380223    0.0102874 -0.0370933   0.176547   -9.80734 
             64.9009  0.113808   2.38011 -0.097251 -0.0347199 -0.0302799 0.00333091 -0.00576102      1.0841   0.0249684 -0.00981151  -0.0233293   0.0447348  -0.0103139 -0.00982151  -0.0264262   0.0104202 -0.00781928  0.00246439      0.21436 -0.000592487    0.0104243 -0.0370523     0.1766   -9.80734 
             64.9999 -0.179909   1.92543 -0.227227 -0.0266172 -0.0312854 0.00947683 -0.00583016     1.08323   0.0249372 -0.00980971  -0.0233301   0.0447234 -0.00716528 -0.00478432  -0.0170772   0.0105783 -0.00757209  0.00253866     0.213952 -0.000579748    0.0100793 -0.0370289   0.176636   -9.80734 
             65.0998 -0.255445   1.64056 -0.239422 -0.0195571 -0.0316592  0.0135897 -0.00585195     1.08256   0.0248873 -0.00980785  -0.0233305   0.0447124 -0.00856903 -0.00138052  -0.0107851    0.010624 -0.00741396    0.002548     0.213612 -0.000583854   0.00984846 -0.0369934   0.176667   -9.80734 
             65.2007 -0.254669   1.46684 -0.267117 -0.0152205 -0.0317194   0.017741 -0.00584827     1.08207     0.02485 -0.00980611  -0.0233309   0.0447063  -0.0144734  0.00244283 -0.00493653   0.010624 -0.0073129 0.00256085     0.213376 -0.000599385   0.00964422 -0.0369766   0.176689   -9.80734 
             66.0039  -0.20995    1.3753 -0.294034 -0.0683474 -0.0171732  0.0233838 -0.00585647     1.08168   0.0248082 -0.00980476  -0.0233311   0.0447035  -0.135053  0.0368354 0.00492272    0.010597 -0.00726095  0.00257739    0.213188 -0.00059837  0.00947083 -0.0369633   0.176703   -9.80734 
             66.0997  0.255302   1.46662 -0.140637 -0.0411901 -0.0320984 0.00602112 -0.00602234     1.08155   0.0247482 -0.00980656  -0.0233336   0.0447074 -0.0838945  -0.011146  -0.010822   0.0103372 -0.00730919  0.00248801     0.212849 -0.000495473   0.00994494 -0.0367568   0.176689   -9.80734 
             66.1997   0.23647    2.0626 -0.119689 -0.0398733 -0.0298298 0.00390657 -0.00602867     1.08155     0.02479 -0.00980707  -0.0233329   0.0447178  -0.0597199 -0.00615119 -0.00996238   0.0103454 -0.00764672  0.00247653     0.212856 -0.000534463   0.00998013 -0.0367529   0.176698   -9.80734 
             66.2997   0.172667    2.22864 -0.0813714   -0.0401313    -0.028759 -1.30827e-05 -0.00602415     1.08156   0.0248091 -0.00980695  -0.0233327   0.0447227  -0.0477404 -0.00199727  -0.0124134   0.0103847 -0.00774304  0.00245468     0.212827 -0.000540938    0.0100644 -0.0367252   0.176697   -9.80734 
             66.3997 -0.563674   1.70642 -0.248921 -0.0351873  -0.034293  0.0245442 -0.00616122     1.08069   0.0247272 -0.00980121  -0.0233395   0.0447056   -0.052714 -0.00324767   0.0122199   0.0108077 -0.00744296  0.00255351    0.212638 -0.00048161   0.0093067 -0.0368787   0.176728   -9.80734 
             66.5997   -0.3935    1.3515 -0.190749 -0.0385846 -0.0331182  0.0308981 -0.00614147     1.08044   0.0246519 -0.0098016 -0.0233392  0.0447003 -0.0743466  0.0118724  0.0168434   0.0107094 -0.00723766  0.00252115     0.212512 -0.000496778   0.00922485 -0.0368718   0.176743   -9.80734 
             66.6997 -0.0596207    1.85021 -0.0875294 -0.0338479 -0.0274586  0.0277355 -0.00598611     1.08028    0.024729 -0.00980083  -0.0233403   0.0446977 -0.0494444  0.0191468   0.010781   0.0105198 -0.00752102  0.00245766      0.21237 -0.000648852   0.00935775 -0.0368147    0.17678   -9.80734 
             66.7997  0.542456   1.53634 -0.118327 -0.0360791 -0.0285082  0.0308912 -0.00602748     1.08011   0.0247298 -0.00980092  -0.0233407   0.0447009  -0.0627083 -0.00264868   0.0111196   0.0101802 -0.00734503  0.00247555     0.212287 -0.000623025   0.00931147 -0.0368062   0.176784   -9.80734 
             66.8997   0.858237    1.76725 -0.0916371 -0.0418205 -0.0294648  0.0212166 -0.00600433     1.08043   0.0247258 -0.00980001  -0.0233435   0.0447007   -0.0639624   -0.0210214 -0.000311391  0.00999916 -0.00748222  0.00245909     0.212313 -0.000638783   0.00964599 -0.0367144   0.176766   -9.80734 
             66.9997   0.812318    2.05221 -0.0777018 -0.0377832 -0.0304818  0.0164114 -0.00597059     1.08016   0.0248138 -0.00979913   -0.023344   0.0447062  -0.0439338  -0.0286026 -0.00362768  0.0100305 -0.0076415 0.00245274     0.212067 -0.000708963   0.00978577 -0.0366191   0.176797   -9.80734 
             67.0998 0.152212  2.12447 -0.23505 -0.0326183 -0.0340329  0.0273502 -0.00610581      1.0794   0.0248229 -0.00980118  -0.0233451   0.0447068 -0.0312794 -0.0252932 0.00885133   0.0103938 -0.00768174  0.00253909     0.211765 -0.000625697   0.00938907 -0.0366573   0.176824   -9.80734 
             67.2997 0.00581626     2.1685  -0.263565 -0.0286446 -0.0418979  0.0461948 -0.00625831     1.07854   0.0247836 -0.00980293  -0.0233468   0.0447019 -0.0191399 -0.0295302  0.0260634   0.0104802 -0.00770456  0.00255602     0.211451 -0.000512126   0.00887137 -0.0367235   0.176845   -9.80734 
             67.5997 -0.603689   1.42676  -0.30306 -0.0282342 -0.0365244   0.055028 -0.00619375     1.07777   0.0247311 -0.0098028 -0.0233461  0.0446976 -0.0593737  0.0268557  0.0268629   0.0108195 -0.00728384  0.00258031     0.210961 -0.000594027   0.00881536 -0.0366249   0.176904   -9.80734 
             67.6997  0.112714   1.69671 -0.333702 -0.0332627 -0.0449859  0.0818514 -0.00628608     1.07722   0.0247147 -0.00980401   -0.023346   0.0447072  -0.063263 -0.0108641  0.0478328   0.0104335 -0.00742386  0.00259298     0.210942 -0.000475978   0.00809742 -0.0368053   0.176892   -9.80734 
             67.8011 0.0644752   1.25317 -0.224502 -0.0391062 -0.0481001   0.107464 -0.00624704     1.07654   0.0247503 -0.00980284  -0.0233464   0.0447082 -0.0888254 -0.0177409  0.0661538   0.0104605 -0.00718228  0.00252865      0.21078 -0.000479967   0.00747366 -0.036929  0.176915  -9.80733 
                67.9 0.0988624   1.61651 -0.223794 -0.0344543 -0.0393907  0.0652353 -0.00612789     1.07725   0.0248554 -0.00979914  -0.0233486   0.0447088 -0.0657991  0.0151696  0.0223515   0.0104488 -0.00740066  0.00252625     0.210555 -0.000652352   0.00890266 -0.0365021   0.176923   -9.80734 
             68.0001  0.136834   1.80077 -0.258918 -0.0285247 -0.0359002  0.0610893 -0.0060786    1.07694  0.0249561 -0.00979825  -0.0233491   0.0447153 -0.0475518  0.0193441  0.0155739   0.0104289 -0.00752021  0.00254448     0.210236 -0.000711427   0.00908257 -0.0363768   0.176943   -9.80734 
             68.0998  0.678983   1.95822 -0.285134 -0.0295278 -0.0332953  0.0611337 -0.00598083     1.07685   0.0250643 -0.00979787  -0.0233499   0.0447144 -0.0435313 0.00636661  0.0128145   0.0101133 -0.00761669  0.00255755     0.210138 -0.000806055   0.00913417 -0.0363405   0.176963   -9.80734 
             68.2027 0.0207708   1.44574 -0.168194 -0.0366089 -0.0343933  0.0680943 -0.00609378     1.07669   0.0250915 -0.00979697  -0.0233514   0.0447138 -0.0710421  0.0096799  0.0192968   0.0104868 -0.00732476  0.00249287      0.21012 -0.000690052   0.00895514 -0.0363802   0.176946   -9.80734 
             68.3036   0.311303    1.72105 -0.0775018 -0.0372697 -0.0259694  0.0552831 -0.0057923     1.0768  0.0253205 -0.00979269  -0.0233537   0.0447169 -0.0619433  0.0239337  0.0046243   0.0103236 -0.00748347  0.00244192         0.21 -0.000988453   0.00940534 -0.0362448      0.177   -9.80734 
             68.3999  0.731018   1.56133 -0.202982  -0.036289 -0.0239621  0.0357984 -0.00590463     1.07708   0.0252893 -0.00979411  -0.0233589   0.0447159  -0.060892  0.0156343 -0.0180682   0.0100664 -0.00739035   0.0025133     0.209832 -0.000914301    0.0100716 -0.0360303   0.176983   -9.80734 
             68.5064  0.768473    2.2051 -0.165123 -0.0314563  -0.028197  0.0337009 -0.00626596     1.07673   0.0251313 -0.00979392  -0.0233585   0.0447297  -0.0323506 -0.00870803  -0.0185655   0.0100523 -0.00776601  0.00249394     0.209537 -0.000625791    0.0100717 -0.0359435   0.176946   -9.80734 
             68.6002   1.01446    1.5173 -0.314168 -0.0382107 -0.0412849  0.0622348 -0.00668964     1.07593   0.0249468 -0.00978353  -0.0233523   0.0447408 -0.0655956 -0.0574122    0.01204   0.0099221 -0.00736574  0.00258099     0.209437 -0.000186129   0.00909013 -0.0361417   0.176861   -9.80734 
             68.7006   1.16457   1.34371 -0.154489 -0.0329088  -0.042839  0.0461059 -0.00659881      1.0758   0.0250571 -0.00978525  -0.0233573   0.0447324  -0.0574943  -0.0632483 -0.00797754  0.00983039 -0.00725941  0.00248325     0.209067 -0.000345933    0.0096557 -0.0359229   0.176932   -9.80734 
             68.8005 -0.307162   1.49662 -0.239878  -0.027667 -0.0370545  0.0206869 -0.00633493     1.07588   0.0253243 -0.00978808  -0.0233478   0.0447905 -0.0463319 -0.0118558 -0.0319068    0.010657 -0.00733551  0.00253315     0.208787 -0.000629459    0.0104278 -0.0356822    0.17703   -9.80734 
             68.9001 -0.811246   1.36136 -0.278187   -0.0247174   -0.0353413 -0.000761936 -0.00654775     1.07604   0.0251856 -0.00978988  -0.0233332   0.0447903 -0.0475449  0.0184864 -0.0522582   0.0109517 -0.00725358  0.00255485     0.208557 -0.000519432    0.0110766 -0.0354603   0.177069   -9.80734 
             69.1034 -0.419738   1.90308 -0.300847  -0.0364948  -0.0308592 -0.00832227 -0.00644331     1.07609    0.025348 -0.00979076  -0.0233343   0.0447948 -0.0555967  0.0288561 -0.0489314   0.0107208 -0.00756961  0.00256369     0.208654 -0.000593971    0.0109752 -0.0355128   0.177068   -9.80734 
             69.2035 -0.270289   2.25729 -0.250842 -0.0338083 -0.0309058 0.00199979 -0.0063987    1.07531  0.0252428 -0.00979619  -0.0233366   0.0448062 -0.0366701  0.0242739 -0.0310699   0.0106355 -0.00776392  0.00253452      0.20836 -0.000555765    0.0103927 -0.0355903   0.177038   -9.80734 
             69.2998 -0.802758   1.58581 -0.237167 -0.0243432 -0.0322947 0.00669843 -0.00666227     1.07434   0.0249426 -0.00979588  -0.0233405   0.0448022 -0.0379956  0.0337909 -0.0210893   0.0109334 -0.00738039  0.00252783    0.207761 -0.00026754   0.0100903 -0.0355133   0.177001   -9.80734 
             69.4998 -0.0654125    1.39069  -0.209048 -0.0319796 -0.0277045 0.00850841 -0.00658327     1.07401   0.0248215 -0.00979613  -0.0233431   0.0448028 -0.0673347  0.0273817 -0.0163197  0.0105138 -0.0072638 0.00251092     0.207601 -0.000328183   0.00990799 -0.035524  0.177009  -9.80734 
             69.5999 -0.241743   1.72267 -0.245751 -0.0310022 -0.0333942  0.0229336 -0.00689759     1.07332   0.0246509 -0.0097967 -0.0233432  0.0448107  -0.0578512    0.014201 0.000500773   0.0106076 -0.00743459  0.00253128     0.207346 -2.80718e-05    0.0093567 -0.0355881   0.176961   -9.80734 
             69.6999 0.0796657   1.99426 -0.228501 -0.0324565 -0.0350446  0.0317803 -0.00691748     1.07292   0.0246407 -0.00979765  -0.0233423   0.0448144 -0.0507383 0.00151588 0.00918604   0.0104338 -0.00758092  0.00252092     0.207202 -8.45859e-06   0.00905419 -0.0356274   0.176964   -9.80734 
             69.7997  0.174498   2.05356 -0.198157 -0.0338745 -0.0350857  0.0382197 -0.00687193     1.07258   0.0246668 -0.00979825  -0.0233414   0.0448143  -0.0474979 -0.00388643   0.0135456  0.0103819 -0.0076113 0.00250497     0.207056 -5.69721e-05   0.00885207 -0.0356444   0.176984   -9.80734 
             69.9998  0.653542   1.77509 -0.254656 -0.0374932 -0.0427701  0.0242476 -0.00715675     1.07276   0.0244736 -0.00979893  -0.0233487   0.0448236  -0.0541349  -0.0330944 -0.00437092    0.010132 -0.00745787   0.0025372    0.206871 0.000230045   0.0093925 -0.0354598   0.176922   -9.80734 
             70.0998 0.0821507   2.00099 -0.243019   -0.03197 -0.0408821  0.0363844 -0.00696977     1.07194   0.0246191 -0.00979955  -0.0233481   0.0448273 -0.0360178 -0.0165918  0.0126715   0.0104414 -0.00757385  0.00253182    0.206518 1.03757e-05  0.00889778 -0.0354991   0.177002   -9.80734 
             70.1997 -0.494527   2.06474 -0.287334 -0.0263564 -0.0434438  0.0496574 -0.00700116     1.07123     0.02461 -0.00979997  -0.0233516   0.0448218  -0.0225059 -0.00843122   0.0272302   0.0107771 -0.00760836  0.00255838    0.206198 1.97513e-05  0.00846156 -0.0355213   0.177028   -9.80734 
             70.2999 -0.0263732    2.26583  -0.299282 -0.0196806 -0.0422467  0.0449604 -0.00694488     1.07107   0.0246192 -0.00979929  -0.0233519    0.044825  -0.0048382 -0.00358538   0.0204974   0.0105099 -0.00771385  0.00256288     0.205957 -5.50314e-05   0.00869094 -0.0354184   0.177053   -9.80734 
             70.3998 0.0944208   2.22036 -0.319115   -0.01616 -0.0400492  0.0399408 -0.00685309     1.07104   0.0246268 -0.00979918  -0.0233524    0.044823  0.00175775 -0.00138416   0.0130558   0.0104382 -0.00768044  0.00257456     0.205838 -0.000149366   0.00890616 -0.0353496   0.177073   -9.80734 
             70.5998   0.32904   1.65461 -0.249828 -0.0192745 -0.0400865  0.0510025 -0.00671981     1.07077   0.0247075 -0.00979806  -0.0233514   0.0448223  -0.0303987 -0.00669764   0.0198703   0.0103181 -0.00736141  0.00253556     0.205755 -0.000270531   0.00864451 -0.0353863   0.177105   -9.80734 
             70.6998 -0.024641   1.48581  -0.29346 -0.0194882  -0.036438  0.0456856 -0.00663391     1.07071   0.0247218 -0.00979886  -0.0233514   0.0448222 -0.0393945 0.00717747  0.0106631   0.0105109 -0.00726509  0.00255963     0.205636 -0.000357628     0.008852 -0.0353225   0.177122   -9.80734 
             70.8038 -0.429649   1.56471 -0.205344 -0.0234466 -0.0324096  0.0443533 -0.00658149     1.07072   0.0247374 -0.00979841  -0.0233517   0.0448254 -0.0503752  0.0304593  0.0098326   0.0107411 -0.00731145  0.00250628     0.205627 -0.000409634   0.00891301 -0.03531  0.17713 -9.80734 
             70.9002  -0.17664   1.57594 -0.194826  -0.023054 -0.0281146  0.0306473 -0.00660878     1.07078   0.0247198  -0.009799 -0.0233516  0.0448258  -0.0496006   0.0363359 -0.00702174   0.0105882 -0.00731556  0.00249938     0.205478 -0.000405637   0.00941059 -0.0351915   0.177131   -9.80734 
             71.0009   0.681469      1.727 -0.0875272 -0.0317769 -0.0197244 0.00328252 -0.00645536     1.07143   0.0248941 -0.00979502  -0.0233627   0.0448084 -0.0572933  0.0301339 -0.0355261    0.010137 -0.00740217  0.00244814     0.205671 -0.000619722    0.0103252 -0.0350845   0.177152   -9.80734 
             71.2004   0.660948    2.18925 -0.0737918   -0.0381041    -0.020043 -0.000449844 -0.00662327      1.0713   0.0247493 -0.00979719  -0.0233623   0.0448168 -0.0452148 0.00308778 -0.0312957   0.0101458 -0.00766049     0.00244    0.205589 -0.00044408     0.01022 -0.0350785   0.177126   -9.80734 
              71.603 -0.0863746    1.99497  -0.370549 -0.0395393 -0.0319603  -0.024108 -0.00736472     1.07103   0.0244121 -0.00978629  -0.0233578   0.0448008   -0.0402208 -0.000758279   -0.0414364   0.0105565 -0.00755266  0.00260531    0.205174 0.000250122   0.0105403 -0.034891  0.177032  -9.80734 
                71.7  -0.31558   1.96012 -0.259441 -0.0311237 -0.0367868 -0.0294905 -0.00761383     1.07073   0.0242848 -0.00978701  -0.0233584   0.0448003  -0.0251147 0.000589074  -0.0440501   0.0106824 -0.00752647  0.00254667    0.204891 0.000458217   0.0105887 -0.0348104   0.177016   -9.80734 
             71.8007  -0.39615   1.85652 -0.293944 -0.0304383 -0.0340523    -0.0399 -0.00760391      1.0707   0.0242745 -0.00978864  -0.0233568   0.0448002 -0.0271801  0.0151194 -0.0489357    0.010725 -0.00746859  0.00256241    0.204809 0.000431948   0.0107884 -0.0347628    0.17703   -9.80734 
             71.9004 -0.419583   1.88947 -0.304188 -0.0309945 -0.0331645 -0.0444763 -0.007647   1.07064  0.024253 -0.00978837  -0.0233567   0.0447995 -0.0272617  0.0224808 -0.0503808   0.0107367 -0.00748813  0.00256841    0.204759 0.000469028   0.0107759 -0.0347529   0.177025   -9.80734 
             71.9998 -0.160222   1.70093  -0.26197 -0.0320282 -0.0342374 -0.0472754 -0.00773859     1.07055   0.0241852 -0.00978875  -0.0233568   0.0448024 -0.0364146  0.0158792  -0.047336   0.0105914 -0.00738245  0.00254306   0.204688 0.00056887  0.0107119 -0.0347458    0.17701   -9.80734 
             72.0998  -0.18159   1.97709 -0.195447 -0.0322647 -0.0324743 -0.0418461 -0.0077094     1.0703  0.0241754 -0.00978892  -0.0233569   0.0448034  -0.030539  0.0193812 -0.0361771   0.0106059 -0.00753826   0.0025083    0.204607 0.000539456   0.0103409 -0.0347792   0.177021   -9.80734 
             72.2036 -0.489146   1.79629 -0.185637 -0.0315612 -0.0322168 -0.0251008 -0.00779269     1.06983   0.0241807 -0.00978728  -0.0233607   0.0448023 -0.0362707  0.0241982 -0.0118288    0.010786 -0.00743485  0.00250428    0.204462 0.000604694  0.00959027 -0.0348483   0.177032   -9.80734 
             72.2999 -0.576867   1.78119 -0.231403  -0.0282948  -0.0349768 -0.00953415 -0.00807192     1.06935   0.0241055 -0.00978549  -0.0233632   0.0448001 -0.0332426  0.0185862 0.00790782   0.0108351 -0.00742361  0.00253419    0.204241 0.000838587  0.00897417 -0.0348769   0.177022   -9.80734 
             72.3999 -0.129609   1.13346  -0.30051  -0.0152801  -0.0317623 -0.00801266 -0.00801446      1.0686   0.0240091 -0.00978733  -0.0233636   0.0447826 -0.0309376  0.0221078 0.00730312   0.0105731 -0.00704533  0.00257652    0.203632 0.000751208  0.00894792 -0.0347493   0.177057   -9.80734 
             72.4998 -0.521926   1.58498 -0.293512 -0.0225251 -0.0314137 0.00222557 -0.00821046     1.06868   0.0239168 -0.00978817  -0.0233653   0.0447802 -0.0447734  0.0277853  0.0180317    0.010785 -0.00729589  0.00256953    0.203795 0.000894423  0.00857198 -0.0348324   0.177055   -9.80734 
                72.6  0.776499   1.66176 -0.168562 -0.0260392 -0.0322902 0.00863171 -0.00820927     1.06857   0.0240031 -0.00978838  -0.0233668    0.044791  -0.0504641 -0.00517595   0.0207304   0.0100515 -0.00734176  0.00249653    0.203722 0.000889531  0.00842848 -0.0348327   0.177066   -9.80734 
             72.7002   1.47713   2.00128 -0.146188 -0.0291374 -0.0331724  0.0103025 -0.00808071      1.0685   0.0240344 -0.00978681  -0.0233683   0.0447838 -0.0441359 -0.0358422  0.0181812  0.00966165 -0.00752979  0.00248748    0.203676 0.000751148  0.00844107 -0.0348254   0.177091   -9.80734 
             72.7998   1.57795   2.01475 -0.203168 -0.0314865 -0.0340754  0.0018872 -0.00788769     1.06856   0.0241316 -0.00978576  -0.0233744   0.0447814 -0.0432178 -0.0517263 0.00387192   0.0096082 -0.00753781  0.00251783    0.203617 0.000571553  0.00879436 -0.0347622     0.1771   -9.80734 
             72.8998 0.0751658   2.90414 -0.214782  -0.0359066  -0.0374402 -0.00500144 -0.00793152     1.06883   0.0238871 -0.00978772  -0.0233861   0.0447813   -0.0227794   -0.0347692 -0.000667849    0.010489 -0.00805392   0.0025287    0.203759 0.000653039  0.00902347 -0.0347536   0.177055   -9.80734 
                  73 -0.240843   2.24246 -0.152089 -0.0351518 -0.0427498 0.00597734 -0.00804925     1.06837   0.0236715 -0.00978649  -0.0233921    0.044771 -0.0273606 -0.0318993  0.0119866   0.0106561 -0.00769619   0.0024983   0.203522 0.00076456 0.00859476 -0.0347679   0.177056   -9.80734 
             73.1001 -0.369059   1.84104 -0.170497 -0.0335626 -0.0455996  0.0167803 -0.00803602     1.06789   0.0236532 -0.00978332  -0.0233965    0.044769 -0.0322244 -0.0240882  0.0241593   0.0107226 -0.00747517  0.00250876    0.203256 0.000732494  0.00820874 -0.0347713   0.177078   -9.80734 
                73.2 -0.114439   2.24759 -0.277767 -0.0343493  -0.047664  0.0370538 -0.00783978     1.06748   0.0237494 -0.00978364  -0.0233989   0.0447773 -0.0217308 -0.0276314  0.0449902   0.0105726 -0.00771135  0.00257043    0.203173 0.000538176  0.00751615 -0.0348619   0.177111   -9.80734 
             73.2999  0.281654   1.69692 -0.170783 -0.0211827 -0.0422217  0.0259583 -0.00754311     1.06676   0.0236306 -0.00978849  -0.0234042   0.0447412 -0.0128005 -0.0119118  0.0260977   0.0103502 -0.00739782  0.00250793    0.202398 0.000151761  0.00804647 -0.0346477    0.17723   -9.80734 
             73.4007 -0.0132303    2.04064  -0.353373 -0.0144896 -0.0402042   0.030333 -0.0073919    1.06633  0.0236387 -0.00979042  -0.0234033   0.0447395   0.00230868 -0.000836981    0.0264402   0.0105154 -0.00759258  0.00261434     0.202088 -2.10169e-05   0.00793802 -0.0346029   0.177274   -9.80734 
                73.5 -0.0295321      2.018  -0.393744 -0.00915985  -0.0353508   0.0319968 -0.00714933     1.06601   0.0236947 -0.00979167  -0.0234029   0.0447356 0.00682126  0.0115754  0.0242783   0.0105228 -0.00757746  0.00263455     0.201829 -0.000305868   0.00793889 -0.0345599   0.177335   -9.80734 
                74.3 -0.451119   1.87346 -0.413323 -0.0167229 0.00692829  0.0520869 -0.0071457    1.06577  0.0236847 -0.0097915 -0.0234029  0.0447349 -0.0402148   0.091289  0.0242815    0.010761 -0.00749102  0.00264321      0.20164 -0.000313163   0.00789686 -0.0345244   0.177345   -9.80734 
             75.7999  0.186687   1.77567 -0.421038  -0.118276 -0.0730474  0.0572529 -0.00746221     1.06568   0.0235706 -0.00979331  -0.0234044   0.0447405  -0.132622 -0.0436718 0.00896135   0.0103966 -0.00744384  0.00264826    0.201449 9.56562e-05  0.00820424 -0.0344539   0.177265   -9.80734 
                75.9  0.664374   1.01308 -0.416511 -0.0255354 -0.0406228  0.0717609 -0.00736827     1.06533   0.0236455 -0.00979314  -0.0234041   0.0447416 -0.0905941 -0.0370947  0.0163387   0.0101384 -0.00701763  0.00264753      0.20124 -6.60174e-06   0.00793306 -0.0344483    0.17729   -9.80734 
             76.0086  0.582901   2.64205 -0.176609 -0.0274456 -0.0275506  0.0446831 -0.00731012     1.06557   0.0238077 -0.00977989  -0.0234054   0.0447534  -0.0129634   0.0172511 -0.00232762   0.0101741 -0.00791588   0.0025208     0.201305 -0.000138014   0.00851449 -0.0343813   0.177296   -9.80734 
             76.1047   1.22471   2.32798 -0.176794 -0.0212093 -0.0274748  0.0390947 -0.00733589     1.06557   0.0238312 -0.00977914  -0.0234091   0.0447551  0.00311088 -0.00710465 -0.00844297  0.00980768 -0.00773237  0.00251757    0.201231 -0.00014037  0.00870152 -0.0343353   0.177305   -9.80734 
                76.2   1.09042   2.32513 -0.245422 -0.0198215 -0.0330726  0.0388094 -0.00739311     1.06556   0.0238265 -0.00977768  -0.0234092   0.0447557  0.00664149  -0.0344183 -0.00749286  0.00988759 -0.00772827  0.00255526     0.201225 -6.67897e-05   0.00867532 -0.0343373   0.177292   -9.80734 
             76.3001  1.09951  2.26097 -0.14214 -0.0367423 -0.0330696  0.0285547 -0.00740594     1.06595   0.0237739 -0.00977658  -0.0234091   0.0447597 -0.0299281 -0.0403528 -0.0172987  0.00988375 -0.00769856  0.00249551     0.201462 -0.000131267   0.00899045 -0.0343378   0.177314   -9.80734 
             76.4035    1.18174     2.2483 -0.0591958 -0.0471086 -0.0339586  0.0208876 -0.00735579     1.06614   0.0237744 -0.00977602  -0.0234089   0.0447623 -0.0419044 -0.0512898 -0.0254461  0.00983326 -0.00769069  0.00244782    0.201574 -0.00024468  0.00919432 -0.0343351   0.177346   -9.80734 
             76.4999    1.11322    2.50976 -0.0766252 -0.0391937 -0.0378997  0.0350844 -0.00703994     1.06563   0.0238268 -0.00977945  -0.0234091   0.0447643  -0.0134081  -0.0667964 -0.00445623  0.00987138 -0.00783136  0.00246499     0.201354 -0.000369135   0.00852769 -0.0343821   0.177292   -9.80734 
             76.6037  0.661561   2.34628 -0.199363 -0.0349689 -0.0467333  0.0340293 -0.00714854     1.06552   0.0238046 -0.00977816  -0.0234091   0.0447591 -0.00407084  -0.0748901 -0.00345879   0.0101303 -0.00773369  0.00253454     0.201236 -0.000257929   0.00853028 -0.0343528   0.177279   -9.80734 
             76.7038  0.620252    2.3008 -0.256466 -0.0326002    -0.0523  0.0320778 -0.00706915     1.06544   0.0238209 -0.00977954  -0.0234083   0.0447605  0.00238444  -0.0781817 -0.00297921   0.0101534 -0.00770612  0.00256597     0.201164 -0.000365903   0.00857372 -0.0343411   0.177306   -9.80734 
             76.8013  0.514867   2.09725 -0.316703 -0.0306051 -0.0563682  0.0316093 -0.00684594     1.06532   0.0238654 -0.00978143  -0.0234081   0.0447626 -0.000621363   -0.0764268  -0.00260835   0.0102104 -0.00758478  0.00259608     0.201095 -0.000593732   0.00855109 -0.0343424   0.177338   -9.80734 
             76.9041  0.570907   2.13186 -0.242322 -0.0278598 -0.0560214  0.0228218 -0.00654963     1.06519   0.0239358 -0.00978054  -0.0234079     0.04476 0.00249109 -0.0639416 -0.0110586   0.0101789 -0.00760105  0.00255173    0.200983 -0.00104984  0.00883769 -0.0343237   0.177467   -9.80733 
             77.0001  0.522575   2.17776 -0.289276 -0.0246536 -0.0555883  0.0172519 -0.00623818     1.06502   0.0240118 -0.00978009  -0.0234077   0.0447577 0.00807803 -0.0535347 -0.0160747  0.0102074 -0.0076228 0.00257599     0.20086 -0.00144741  0.00897144 -0.0343069   0.177556   -9.80733 
             77.1001  0.517607   2.28203 -0.333249 -0.0227125 -0.0538324  0.0164096 -0.00570561     1.06491   0.0241401 -0.00978002  -0.0234081   0.0447547  0.0111713 -0.0445411 -0.0121596   0.0102125 -0.00768261  0.00260143    0.200815 -0.00196344  0.00889307 -0.0343158   0.177612   -9.80733 
             77.4001  0.520801   2.35935 -0.350825 -0.0195975 -0.0612107  0.0142447 -0.00521553      1.0649   0.0242676 -0.00977965  -0.0234084   0.0447513  0.0159398 -0.0539078 -0.0131762  0.0102201 -0.0077249 0.00261062   0.200848 -0.0024275 0.00879179 -0.0343343   0.177652   -9.80733 
             77.5034  0.486116   2.61742 -0.381374 -0.0203938  -0.051782  0.0242188 -0.00417234     1.06499     0.02456 -0.00977918   -0.023408   0.0447456  0.0208749 -0.0305389 0.00335103   0.0102312 -0.00784993   0.0026287    0.201016 -0.00333403  0.00831345 -0.0343754   0.177673   -9.80733 
             77.5999  0.476653   2.12504 -0.296457 -0.0194813 -0.0396357 0.00530621 -0.004099   1.06497 0.0246872 -0.00977801  -0.0234078    0.044744   0.0108211 0.000162801  -0.0157267   0.0102265 -0.00758115  0.00258023   0.200954 -0.0038115 0.00896086 -0.0343539   0.177884   -9.80733 
             77.7031 0.457597  2.89595 -0.43808 -0.0154284  -0.042758 0.00392046 -0.0041951    1.06501   0.024643 -0.00977773  -0.0234074   0.0447461  0.0386599 -0.0125817 -0.0162801   0.0102364 -0.00801012  0.00266316    0.200984 -0.00367363  0.00895791 -0.0343607    0.17786   -9.80733 
             77.8001 0.497992  3.17038 -0.49339 -0.00966107  -0.0483649  0.00880909 -0.00418784     1.06497   0.0245776 -0.00977865  -0.0234072   0.0447469  0.0587123 -0.0300957 -0.0116043   0.0102154 -0.00816222  0.00269368    0.200961 -0.00355913  0.00873934 -0.0343569   0.177799   -9.80733 
             77.9001  0.319164   2.28254 -0.548524 -0.00127968   -0.051825  -0.0169897 -0.00489354     1.06475   0.0243155 -0.00978394  -0.0234057    0.044748  0.0515198 -0.0253955 -0.0403925   0.0103134 -0.00764814  0.00272093    0.200715 -0.00314948  0.00961154 -0.0343392   0.177907   -9.80733 
             78.0001  0.114977   1.95553 -0.576779 0.00294637 -0.0527696 -0.0313125 -0.00510538     1.06472   0.0242995 -0.00978819   -0.023404   0.0447492   0.041594 -0.0191118 -0.0527797   0.0104252 -0.00746658  0.00273688     0.20068 -0.00306897  0.00998511 -0.0343515   0.177963   -9.80733 
             78.1005 -0.0861517    1.87967  -0.453261 -0.00563975  -0.0430021  -0.0319825 -0.00447811     1.06528    0.024466 -0.00977905  -0.0234043   0.0447705  0.0122521 0.00817875 -0.0443094   0.0105308 -0.00743216  0.00266581    0.201166 -0.00377125  0.00974408 -0.0343907    0.17804   -9.80732 
             78.2001 -0.010674   1.96874 -0.285964 -0.0150754 -0.0403411 -0.0209105 -0.00405801      1.0658   0.0245207 -0.00977168  -0.0234024    0.044775 -0.0101532  0.0102111  -0.024335   0.0104931 -0.00748812  0.00256969    0.201622 -0.00408701  0.00914051 -0.0344183   0.178006   -9.80732 
             78.3001  0.128369   1.98563 -0.249056 -0.0220455 -0.0373667 -0.0126618 -0.00375988     1.06608   0.0245599 -0.00976709  -0.0234002   0.0447737  -0.025926  0.0118382 -0.0112436   0.0104144 -0.00750152  0.00254714    0.201883 -0.00434169  0.00870968 -0.0344259   0.177994   -9.80732 
                78.4  0.269155   1.93881 -0.209795  -0.0279889  -0.0339685 -0.00844402 -0.00355858     1.06622   0.0245986 -0.00976443  -0.0233988   0.0447705  -0.0380901   0.0112672 -0.00474971   0.0103368 -0.00747313  0.00252143    0.202017 -0.00455439  0.00849165 -0.034429  0.178006  -9.80732 
                78.5 -0.392938   1.54396 -0.213761  -0.0275456  -0.0333677 -0.00829004 -0.00364295     1.06599   0.0246109 -0.00976465  -0.0233998   0.0447666  -0.0461737   0.0240242 -0.00543732  0.0106824 -0.0072611 0.00252644    0.201788 -0.00442724  0.00846611 -0.0343887    0.17798   -9.80732 
                78.6 -0.683508   1.89007 -0.197631 -0.0312246 -0.0322792 0.00322769 -0.00365277     1.06592   0.0246486 -0.00976534  -0.0234055   0.0447644 -0.0519194  0.0337244  0.0115385  0.0108402 -0.0074515   0.002514     0.20173 -0.00437226  0.00797459 -0.034362  0.177938  -9.80733 
                78.7  0.236996   1.49872 -0.230598 -0.0400923 -0.0355824   0.020641 -0.00372286     1.06593   0.0245605 -0.00975967  -0.0234033   0.0447836 -0.0790724 0.00604748  0.0275811   0.0103184 -0.00723122   0.0025326    0.201785 -0.00418919  0.00738174 -0.0343504   0.177868   -9.80733 
                78.8     0.73119     1.70422 -0.00458286 -0.0400436 -0.0329568  0.0148389 -0.00367024      1.0656   0.0246291 -0.0097583 -0.0234111  0.0447782 -0.0684305 0.00017843  0.0181148   0.0100342 -0.00735171  0.00240212   0.201427 -0.0043319 0.00768469 -0.0342881   0.177913   -9.80733 
             78.9001   0.690169    1.66382 -0.0714444 -0.0460892 -0.0319377  0.0145757 -0.00362285     1.06555   0.0246614 -0.00975866  -0.0234118   0.0447771  -0.0749851 -0.00554728    0.016764   0.0100515 -0.00733778  0.00242954    0.201379 -0.00440226  0.00775743 -0.0342815   0.177928   -9.80733 
             79.0005   0.676902    1.74841 -0.0557537 -0.0485845 -0.0284154 0.00954106 -0.00348409     1.06534   0.0247618 -0.00975961  -0.0234126   0.0447792  -0.0706861 -0.00336049  0.00891047   0.0100667 -0.00738475  0.00241875   0.201185 -0.0046094 0.00797405 -0.0342543   0.177978   -9.80733 
             79.1001  0.279162   1.80097 0.0134183 -0.0487535 -0.0278688  0.0161775 -0.00353977      1.0648   0.0248332 -0.00976144  -0.0234127   0.0447844   -0.0659905 -4.07808e-05    0.0169016    0.010305 -0.00741944  0.00237478     0.20078 -0.00462361  0.00769214 -0.0342126   0.178006   -9.80733 
             79.2017 -0.0667024     1.9342  0.0574418 -0.0480205 -0.0302457  0.0224875 -0.00376919     1.06434   0.0248435 -0.00976348  -0.0234144   0.0447824   -0.056374 -0.00174651   0.0229584   0.0104961 -0.00750175  0.00234834    0.200381 -0.00443924  0.00746643 -0.0341548   0.178009   -9.80733 
                79.3 -0.124298   1.86559 0.0419457 -0.0444137 -0.0287848  0.0234646 -0.00383575     1.06386   0.0248721 -0.00976449  -0.0234133   0.0447866 -0.0464342  0.0061702  0.0245255   0.0105269 -0.00746958  0.00235653    0.199949 -0.00445327  0.00746565 -0.0340879   0.178055   -9.80732 
             79.5007  0.397305  0.984618 -0.150867 -0.0536058 -0.0366005  0.0389115 -0.00419798     1.06334   0.0247149 -0.00975983  -0.0234114   0.0447918 -0.0939776 -0.0242192   0.034364   0.0102182 -0.00697398  0.00246454    0.199514 -0.00414193  0.00710973 -0.0340215   0.178047   -9.80732 
                79.6  0.0261437    1.77938 -0.0842707 -0.0369435 -0.0366326  0.0379473 -0.00450407     1.06236   0.0246781 -0.00976043   -0.023409   0.0448013 -0.0434024 -0.0123365  0.0326496   0.0104229 -0.00742839  0.00242858    0.198627 -0.00405488  0.00713742 -0.0338757   0.178143   -9.80732 
                79.8  0.495248   1.81536 -0.188697 -0.0430632 -0.0529825  0.0570242 -0.00492221     1.06202   0.0245406 -0.0097598 -0.0234063  0.0448151 -0.0525634  -0.053573  0.0412927   0.0101814 -0.00744977  0.00248469    0.198382 -0.00358802  0.00672909 -0.0338568   0.178093   -9.80732 
                79.9  0.786575   2.02743 -0.220423 -0.0266899  -0.043085  0.0235573 -0.0046316    1.06215  0.0247584 -0.00975244  -0.0234119   0.0448052 -0.00624832  -0.0294243  0.00209082   0.0100688 -0.00756848  0.00250831    0.198031 -0.00410965  0.00793227 -0.033608  0.178241  -9.80732 
             80.0004 0.0927103   1.91342 -0.107018 -0.0282361 -0.0432247  0.0303923 -0.00454136     1.06191   0.0248435 -0.00975211  -0.0234141   0.0448111 -0.0178413 -0.0173378 0.00917291  0.0104509 -0.0075127 0.00244669    0.197962 -0.00420896  0.00768008 -0.0336568    0.17825   -9.80732 
                80.2 -0.147275   2.07425 -0.374612 -0.0311559 -0.0450195  0.0415647 -0.00447034     1.06163   0.0248984 -0.00975459  -0.0234172   0.0448131  -0.0216791 -0.00745822    0.019277  0.0105817 -0.0076035 0.00259922    0.197863 -0.00428364  0.00736354 -0.03371 0.178253 -9.80732 
             80.2999 -0.562062   1.97869 -0.157586 -0.0274458  -0.038643  0.0276801 -0.00442302      1.0618   0.0248728 -0.00975155  -0.0234132   0.0448159 -0.0135485  0.0255556 0.00273713   0.0108113 -0.00754013   0.0024746    0.197791 -0.00440829  0.00788842 -0.033599  0.178299  -9.80732 
             80.4016  0.636086    2.0174 -0.171661 -0.0304031 -0.0362306   0.023778 -0.00430937     1.06189   0.0250334 -0.00975048  -0.0234179   0.0448147  -0.0158676  0.00217126 -0.00275286   0.0101502 -0.00756325  0.00248158    0.197878 -0.00458538  0.00805253 -0.0335957   0.178326   -9.80732 
             80.5031  0.703783   2.04906 -0.160411 -0.0328228 -0.0382509   0.024093 -0.00436215     1.06191   0.0250146 -0.00975083  -0.0234175   0.0448178  -0.0189453   -0.013594 -0.00320184   0.0101155 -0.00758046  0.00247285    0.197896 -0.00450969  0.00803304 -0.0336004   0.178314   -9.80732 
                80.6  0.190564   1.72431 -0.185152 -0.0362888 -0.0378634  0.0238019 -0.00432585     1.06193   0.0250311 -0.00975129  -0.0234171   0.0448215   -0.032872  -0.0055437 -0.00299821   0.0104007 -0.00739656  0.00248624    0.197921 -0.00455548  0.00804077 -0.0336052    0.17832   -9.80732 
             80.7002  0.439541    1.8409 -0.253993 -0.0354562 -0.0389424  0.0277584 -0.00430055     1.06168   0.0250123 -0.0097507 -0.0234163  0.0448204 -0.0330905 -0.0147825 0.00402652   0.0102566 -0.00746291  0.00252554     0.19773 -0.00458167  0.00786621 -0.033596  0.178324  -9.80732 
             80.8002   0.17039   1.74146 -0.294688 -0.0336431 -0.0412432  0.0322445 -0.00434311     1.06138   0.0250114 -0.00974948  -0.0234166   0.0448177 -0.0331358 -0.0160112  0.0105721   0.0104038 -0.00740607  0.00254879    0.197486 -0.00452207  0.00769004 -0.0335732   0.178318   -9.80732 
             81.0001  0.183229   1.61566 -0.139651 -0.0368923 -0.0377156  0.0365545 -0.00405158      1.0611   0.0250325 -0.00974581  -0.0234177   0.0448195  -0.0476507 -0.00557588   0.0142802   0.010395 -0.0073313 0.00245752    0.197283 -0.00485004  0.00757949 -0.033559  0.178365  -9.80732 
             81.1017  0.492331   2.24092 -0.260623 -0.0327564 -0.0366843  0.0226388 -0.00408719     1.06115   0.0250753 -0.00974325  -0.0234188   0.0448222  -0.0177794 -0.00957952 -0.00283647   0.0102221 -0.00767156  0.00253267    0.197177 -0.00489593  0.00811565 -0.0334751   0.178401   -9.80732 
             81.2001  0.426408   2.49055 -0.323151 -0.0304994 -0.0379122  0.0122391 -0.00420375     1.06123   0.0250558 -0.00974051  -0.0234189    0.044824 0.000794831  -0.0121529  -0.0157292   0.0102592 -0.00779735  0.00256605    0.197153 -0.00481138  0.00848311 -0.0334243   0.178409   -9.80732 
             81.3001 0.0501025   2.13587 -0.229778  -0.025593 -0.0395229  0.0115893 -0.00424682     1.06098   0.0250652 -0.00974077  -0.0234195   0.0448227  0.00346824 -0.00937741  -0.0161517     0.01047 -0.00760427  0.00251201    0.196933 -0.00474526  0.00841806 -0.03339 0.178405 -9.80732 
             81.4001 -0.0201651    2.73968  -0.175065 -0.0276118 -0.0360406 0.00927232 -0.00402824     1.06115   0.0251369 -0.0097403 -0.0234193  0.0448248  0.0147416 0.00248692 -0.0158383   0.0105193 -0.00794101  0.00248196     0.19711 -0.00500359   0.0084315 -0.0334266   0.178433   -9.80732 
             81.5004  0.334203   2.32044 -0.231029 -0.0293912 -0.0335825  0.0047249 -0.00391731     1.06127   0.0251925 -0.00974171  -0.0234206   0.0448241  0.00845992 0.000786282  -0.0220298   0.0103281 -0.00771344  0.00251164    0.197229 -0.00518328  0.00857143 -0.0334444    0.17846   -9.80732 
             81.6001 -0.0729654    2.01639  -0.147798 -0.0254561 -0.0312322 0.00252747 -0.00385815     1.06109   0.0252655 -0.0097414 -0.0234212  0.0448236 0.00686453  0.0109553   -0.02177   0.0105689 -0.00754412   0.0024646    0.197071 -0.00526085  0.00854917 -0.0334208   0.178476   -9.80732 
              81.704 -0.0573613    2.79698  -0.381453 -0.0243168 -0.0350559  0.0225537 -0.0039097    1.06095  0.0252993 -0.00974912  -0.0234246   0.0448228    0.0175085 -0.000893502   0.00713121   0.0105534 -0.00798321  0.00259388    0.197028 -0.00508359  0.00764168 -0.0334464   0.178414   -9.80732 
                81.9  0.308784   2.33927 -0.271053 -0.0204613  -0.037979  0.0218565 -0.00394839     1.06091   0.0252901 -0.00975125  -0.0234263   0.0448248  0.0201748 -0.0161547 0.00336048   0.0103378 -0.00771365     0.00253    0.196967 -0.00502144  0.00773569 -0.033434  0.178409  -9.80732 
             82.0003  0.886499   3.72138 -0.432041 -0.0134561 -0.0402545 0.00759715 -0.00392802     1.06105   0.0252302  -0.009745 -0.0234311  0.0448218   0.078723 -0.0370359 -0.0150251   0.0100095 -0.00848367  0.00263072    0.197112 -0.00507712  0.00827364 -0.0334565   0.178427   -9.80732 
             82.1003  0.853708   3.92878 -0.551135 -0.00421179  -0.0402986 -0.00395678 -0.00381993     1.06111   0.0252686 -0.00974132  -0.0234339   0.0448186   0.114631  -0.040853 -0.0290745   0.0100236 -0.00859646  0.00270115    0.197188 -0.00526041  0.00865927 -0.0334809   0.178461   -9.80732 
             82.2002  0.352704   2.98852 -0.432253 -0.00348777  -0.0455562 -0.00694344 -0.00391805     1.06145   0.0251895 -0.00974412  -0.0234316   0.0448282   0.099425 -0.0428734  -0.030493   0.0103176 -0.00805384  0.00262679    0.197556 -0.00517088   0.0087394 -0.0335558   0.178446   -9.80732 
             82.3002  0.156331    2.7545 -0.390817 -0.00224043  -0.0456864  -0.0117311 -0.00377695     1.06178   0.0252765 -0.00974343  -0.0234296   0.0448452  0.0926976 -0.0337049 -0.0341987   0.0104298 -0.00791866  0.00260063    0.197928 -0.00540606  0.00885285 -0.0336297   0.178479   -9.80732 
             82.4002 0.0876554   2.70508 -0.406629 -0.0025369 -0.0456456 -0.0156506 -0.00364659     1.06216   0.0253599 -0.00974268  -0.0234283    0.044859  0.0837385 -0.0258452 -0.0354858   0.0104715 -0.00788524  0.00261299    0.198352 -0.00561694  0.00892344 -0.0337073    0.17851   -9.80732 
             82.5011   0.07742   2.61485 -0.413151 -0.00390588  -0.0453553   -0.015142 -0.00348569     1.06259    0.025451 -0.00973981  -0.0234284   0.0448696   0.071577 -0.0209002 -0.0294718   0.0104763 -0.00783559  0.00261606    0.198773 -0.00583738  0.00881541 -0.0337553   0.178534   -9.80732 
             82.6001 -0.0404574    2.63637  -0.464628 -0.00387188  -0.0438587 -0.00909032 -0.0032298    1.06302  0.0255278 -0.0097355 -0.0234309  0.0448758  0.0623659 -0.0119702 -0.0208607   0.0105419 -0.00784433  0.00264131    0.199081 -0.00611313  0.00847982 -0.0337324    0.17855   -9.80732 
             82.7001  -1.39825   2.50786 -0.556876 0.000820015   -0.042466 -0.00241017 -0.00317282     1.06325   0.0256137 -0.0097313 -0.0234455  0.0448789  0.0600441  0.0250297 -0.0106091   0.0113172 -0.00776866  0.00269461    0.199141 -0.00614042  0.00811339 -0.0336615   0.178531   -9.80732 
             82.8019 -0.472615   2.06507 -0.622508 -0.00313165  -0.0423152  0.00854473 -0.00313582     1.06362   0.0255952 -0.00972572  -0.0234509    0.044894  0.0313579  0.0197256 0.00373599    0.010793 -0.00752011  0.00273756     0.19946 -0.00615978  0.00773431 -0.0336466   0.178518   -9.80732 
             82.9002  0.273471   2.44843 -0.378546 -0.00280236  -0.0394961  0.00565618 -0.00309336     1.06374   0.0256002 -0.0097259 -0.0234515  0.0448876   0.0361027   0.0128103 4.40007e-05   0.0103924 -0.00772924  0.00260615    0.199631 -0.00629642  0.00788279 -0.0337027   0.178547   -9.80732 
             83.1001  0.446408   2.42388 -0.551618  0.00442185   -0.039656 -0.00128726 -0.00317933     1.06365   0.0256209 -0.00972653  -0.0234551   0.0448917   0.0430241 -0.00302682 -0.00902445   0.0102904 -0.00771374  0.00270634    0.199667 -0.00620139  0.00814167 -0.0337696   0.178537   -9.80732 
             83.2005 -0.423414   1.91714 -0.458043 -0.0043853 -0.0379385  0.0108791 -0.00325124     1.06418   0.0256564 -0.00972343   -0.023456   0.0448921 0.00452218  0.0193789 0.00548351   0.0107714 -0.00743292  0.00265831    0.200049 -0.00616324  0.00770095 -0.0337503   0.178549   -9.80732 
             83.3003 -0.181545   1.98109 -0.359705 -0.00586031  -0.0326906  0.00615229 -0.0031113    1.06421  0.0256814 -0.00972289   -0.023456   0.0448914 -0.000560037    0.0285417  -0.00164917    0.010633 -0.00746958  0.00260348    0.200151 -0.00636434  0.00790836 -0.0337958   0.178576   -9.80732 
             83.4006 -0.151481   2.33955 -0.397292 -0.00622596  -0.0302845 -0.00442142 -0.00315317     1.06417   0.0256997 -0.00972213  -0.0234568   0.0448911 0.00927917  0.0317069 -0.0142375   0.0106126 -0.00767027  0.00262466    0.200247 -0.00629484  0.00830637 -0.0338825    0.17856   -9.80732 
             83.5011 0.0269803   2.21024 -0.511226 -0.0165221 -0.0303845 -0.0121823 -0.00326531     1.06451   0.0257163 -0.00971981  -0.0234607   0.0448879 -0.00846771   0.0242697  -0.0246052   0.0105111 -0.00759758  0.00268827    0.200688 -0.00615063  0.00862385 -0.0340007   0.178538   -9.80732 
             83.6007 0.0206903   2.32828 -0.455751 -0.0233693 -0.0329961 -0.0161074 -0.00345087     1.06473   0.0256651 -0.00971857  -0.0234616    0.044886 -0.0128731  0.0147431 -0.0278712   0.0105143 -0.00766193  0.00265217    0.200931 -0.00589082  0.00871909 -0.0340563   0.178502   -9.80732 
             83.7001 0.00580856    2.43235  -0.417618  -0.027999 -0.0352088 -0.0190577 -0.00358626     1.06486   0.0256185 -0.00971808  -0.0234618   0.0448834 -0.0132914 0.00869575 -0.0287808   0.0105236 -0.00771903  0.00263288   0.201069  -0.005695 0.00875054 -0.0340845   0.178476   -9.80732 
             83.9001 -0.0760029    2.52311   -0.16443 -0.0356608 -0.0379964 -0.0214938 -0.00375068     1.06507   0.0255656 -0.00972167  -0.0234606   0.0448788 -0.0123145  0.0042378 -0.0242814   0.0105739 -0.00776974   0.0024875    0.201259 -0.00548667  0.00865865 -0.0341093   0.178455   -9.80732 
             84.0005  -1.03908    2.4997 -0.301774  -0.0349344   -0.037968 -0.00885076 -0.00400926     1.06502   0.0255472 -0.0097247 -0.0234713  0.0448735 -0.00899421    0.031621 -0.00437286   0.0110864 -0.00775603  0.00256138   0.201171 -0.0053125 0.00801027 -0.0340642   0.178477   -9.80732 
             84.1001 -0.641555   2.48195 -0.359664  -0.0346711  -0.0414845 -0.00693127 -0.00425531       1.065    0.025447 -0.00972289  -0.0234712   0.0448763 -0.00341041   0.0239192 -0.00112079   0.0108654 -0.00774685  0.00259275    0.201103 -0.00498296  0.00793286 -0.0340449    0.17844   -9.80732 
             84.2001  0.277796   2.35195 -0.261213 -0.0336766 -0.0462183 0.00185419 -0.00448131     1.06495   0.0253029 -0.00972456  -0.0234689   0.0448976 -0.00267859 -0.00355615   0.0120813   0.0103405 -0.00767636  0.00253501       0.201 -0.00472162  0.00760089 -0.0340065   0.178433   -9.80732 
             84.3001 -0.110095   2.84573 -0.275899 -0.0290792 -0.0426217 -0.0101181 -0.00426419     1.06482   0.0252488 -0.00972061  -0.0234716   0.0448976    0.024364   0.0122188 -0.00483313    0.010554 -0.00795309  0.00254449    0.200909 -0.00485478  0.00809674 -0.034022  0.178404  -9.80732 
             84.4001 0.0229646   2.58857 -0.157287  -0.0222495  -0.0388087 -0.00886706 -0.00415189      1.0646   0.0252962 -0.00972012  -0.0234715   0.0448953    0.0335956    0.0170591 -0.000626224   0.0104815 -0.00781368  0.00248178    0.200709 -0.00502022   0.0080088 -0.0339942   0.178438   -9.80732 
             84.5001 -0.198199   2.47174 -0.290981  -0.0175704  -0.0362906 -0.00496749 -0.00418481     1.06455   0.0253113 -0.00972032  -0.0234713   0.0448958 0.0372053 0.0247738 0.0048511   0.0106052 -0.00774745  0.00256059    0.200647 -0.00503791  0.00784209 -0.0339765   0.178461   -9.80732 
             84.6002 -0.568962   1.97744 -0.403758  -0.014787 -0.0355003 0.00762232 -0.00443088     1.06452   0.0253281 -0.00971466  -0.0234738   0.0448918  0.022379 0.0322822 0.0205085     0.0108 -0.0074762 0.00261985   0.200602 -0.0049022 0.00737137 -0.033938    0.1785  -9.80732 
             84.7002 -0.749873   1.70499 -0.412398 -0.0136696 -0.0347706  0.0205333 -0.00469824     1.06449   0.0253204 -0.00970891  -0.0234761   0.0448865 0.0044963  0.041085 0.0342753   0.0109021 -0.00732804  0.00262717    0.200563 -0.00471107  0.00695292 -0.0339011   0.178528   -9.80732 
             84.8037 -0.717629   1.53702 -0.409415 -0.0133955 -0.0342158  0.0320078 -0.00497009     1.06443   0.0252661 -0.00970543   -0.023477   0.0448826 -0.0113019  0.0441785  0.0445848   0.0108829 -0.00723366  0.00262402     0.20049 -0.00447374  0.00665898 -0.0338679   0.178538   -9.80732 
             84.9002 -0.825783   2.03106 -0.308307 -0.0124376 -0.0295104  0.0340666 -0.00500916     1.06441   0.0252819 -0.00970666  -0.0234771   0.0448837 -0.00404007   0.0600678   0.0406914   0.0109431 -0.00751304  0.00256193    0.200469 -0.00443157  0.00671975 -0.0338679   0.178528   -9.80732 
             85.0036 0.235745  1.67199 -0.30486 -0.0165932  -0.030251  0.0315397 -0.00510148     1.06455   0.0253832 -0.00971069  -0.0234854     0.04491 -0.0191661  0.0325184  0.0296563   0.0103464 -0.00731112   0.0025632    0.200605 -0.00419017  0.00703284 -0.0338958   0.178448   -9.80732 
             85.1002  0.316371   1.84309 -0.247424 -0.0167992 -0.0279215  0.0239985 -0.00501658     1.06461   0.0253524 -0.00971115  -0.0234901   0.0449126 -0.0154169  0.0269254  0.0173622   0.0103013 -0.00740846  0.00252951     0.20062 -0.00415672  0.00742488 -0.0339036   0.178383   -9.80732 
             85.2003   0.10271   1.92309 -0.294388 -0.0201323 -0.0284094  0.0222146 -0.00510404     1.06474   0.0252798 -0.00971146  -0.0234914   0.0449133 -0.0200726  0.0212363   0.012369   0.0104219 -0.00745523  0.00255546     0.20073 -0.00396006  0.00757208 -0.0339195   0.178333   -9.80732 
             85.3037  0.359747   1.90909 -0.160885 -0.0190213 -0.0277481  0.0190142 -0.0050977    1.06468  0.0252673 -0.00971177  -0.0234934   0.0449156 -0.0170157   0.011959 0.00926767   0.0102858 -0.00744815  0.00248511    0.200618 -0.00390162  0.00774141 -0.0338965   0.178304   -9.80732 
             85.4003   0.16015   1.93136 -0.239527  -0.021476 -0.0295492  0.0193194 -0.00521329     1.06474   0.0252076 -0.00971155   -0.023494   0.0449128 -0.0217587 0.00718736 0.00661829   0.0103984 -0.00745957  0.00252948    0.200653 -0.00371417  0.00776508 -0.0338988   0.178275   -9.80732 
             85.5003   0.42849   1.95929 -0.157113 -0.0203386 -0.0301678  0.0169536 -0.00522626     1.06466   0.0251942 -0.00971156   -0.023495   0.0449142  -0.0172888 -0.00311459  0.00561733   0.0102483 -0.00747275  0.00248038    0.200534 -0.00366319  0.00787925 -0.0338724   0.178259   -9.80732 
             85.6038  0.123632   1.99997 -0.235278 -0.0225209 -0.0319342  0.0167617 -0.00529996     1.06471   0.0251594 -0.00971106  -0.0234955   0.0449117  -0.0224202 -0.00417517  0.00524976   0.0104195 -0.00749352  0.00252424    0.200558 -0.00354332  0.00790903 -0.0338712   0.178239   -9.80732 
             85.7002  0.259503    2.0126 -0.282207 -0.0236633 -0.0337019  0.0170178 -0.00534832     1.06468    0.025147 -0.00971063  -0.0234954   0.0449114 -0.0231377 -0.0115292 0.00487942   0.0103429 -0.00750475  0.00255312    0.200512 -0.00347894  0.00791626 -0.0338613   0.178232   -9.80732 
             85.8003 0.0285022   2.12099 -0.278803  -0.025058 -0.0353476  0.0141848 -0.00538181     1.06472   0.0251184 -0.00970984   -0.023495   0.0449101  -0.0208682 -0.00856356  0.00318456   0.0104765 -0.00756992   0.0025516     0.20052 -0.00340829  0.00804213 -0.0338503   0.178214   -9.80732 
              85.904  0.238235   2.07938 -0.151184  -0.023178 -0.0342081  0.0107683 -0.00527331      1.0646    0.025142 -0.00970908   -0.023496   0.0449106  -0.0156966 -0.00867362   0.0009748   0.0103682 -0.00754823  0.00248167     0.20037 -0.00354554  0.00817189 -0.0338231   0.178228   -9.80732 
             86.0041 0.233014  2.09521 -0.28477 -0.0238402 -0.0351839  0.0121443 -0.00527282     1.06453   0.0251415 -0.0097093  -0.023496  0.0449108 -0.0158527 -0.0124589  0.0036173   0.0103716 -0.00755796  0.00255778    0.200321 -0.00355157  0.00811493 -0.0338218   0.178232   -9.80732 
             86.1003 -0.0166834    2.17606  -0.281148 -0.0248785 -0.0360035  0.0105054 -0.00528324     1.06456   0.0251309 -0.00970904  -0.0234959   0.0449108  -0.0138386 -0.00789918 -0.00115939  0.0105128 -0.0076038 0.00255891    0.200328 -0.00353262   0.0081828 -0.0338162   0.178227   -9.80732 
             86.2038  0.199456   2.11519 -0.161981 -0.0219824 -0.0345547  0.0076805 -0.00516487     1.06439   0.0251492 -0.00970827   -0.023497   0.0449097  -0.0087247  -0.0061616 -0.00441217   0.0103955 -0.00756866  0.00249194    0.200151 -0.00368342  0.00826575 -0.0337898   0.178248   -9.80732 
             86.3004  0.203876   2.11857 -0.293923 -0.0229111 -0.0349476 0.00954327 -0.00513919     1.06434   0.0251548 -0.00970845  -0.0234972   0.0449098   -0.0118903  -0.00690687 -0.000247124   0.0103899 -0.00757068  0.00257205   0.200133 -0.0037136 0.00817243 -0.0337965   0.178252   -9.80732 
             86.4003 -0.031192    2.1967 -0.293297 -0.0238452 -0.0356001 0.00854674 -0.00517103     1.06436   0.0251426 -0.00970836  -0.0234972   0.0449097   -0.0110295  -0.00184563 -0.000378703   0.0105281 -0.00761549  0.00257178    0.200144 -0.00367469  0.00820938 -0.0337935   0.178247   -9.80732 
             86.5003  0.199798   2.14967 -0.174383 -0.0214636 -0.0340804 0.00640619 -0.00508627     1.06423   0.0251619 -0.00970764  -0.0234982   0.0449085 -0.00634306 -0.00200508 -0.00236935   0.0104067 -0.00758787  0.00250775    0.199997 -0.00379874  0.00827842 -0.0337706   0.178266   -9.80732 
             86.6003  0.202322    2.1366 -0.301647 -0.0221629 -0.0345723  0.0087776 -0.00507784     1.06418   0.0251598 -0.00970759  -0.0234983   0.0449086 -0.00878594 -0.00494088  0.00193955  0.0104048  -0.007581 0.00258382    0.199978 -0.00380226  0.00817151 -0.0337757   0.178265   -9.80732 
             86.7003 -0.0235351    2.21125  -0.290893 -0.0241714 -0.0350729 0.00854925 -0.00510176     1.06425   0.0251516 -0.00970763  -0.0234984   0.0449086 -0.00910084 -0.00150686  0.00421939   0.0105342 -0.00762089  0.00257902    0.200044 -0.00377263  0.00819682 -0.0337827    0.17826   -9.80732 
             86.8003  0.203262    2.1303 -0.161558 -0.0216863 -0.0334885 0.00712916 -0.00501266     1.06412    0.025177 -0.00970684  -0.0234994   0.0449074 -0.00434241 -0.00256303  0.00167184   0.0104179 -0.00757763  0.00250988    0.199896 -0.00390051  0.00825055 -0.0337605   0.178279   -9.80732 
             86.9003  0.213035   2.12578 -0.297317  -0.022129 -0.0343284 0.00978103 -0.00501828     1.06408   0.0251713 -0.00970659  -0.0234994   0.0449075 -0.00729593 -0.00727164  0.00512285   0.0104123 -0.00757589  0.00259131    0.199874 -0.00388531  0.00814927 -0.0337622   0.178276   -9.80732 
             87.0003 -0.0231657    2.18995  -0.297103  -0.022971 -0.0353438 0.00934754 -0.00506536     1.06411   0.0251572 -0.00970661  -0.0234995   0.0449073 -0.00789205 -0.00426086  0.00523408 0.0105486 -0.007613 0.0025919    0.199895 -0.00382829  0.00818504 -0.0337622    0.17827   -9.80732 
             87.1004  0.192888   2.13357 -0.190179 -0.0195536 -0.0343906 0.00725192 -0.0050085    1.06395  0.0251653 -0.00970622  -0.0235004   0.0449068 -0.00240649 -0.00490063   0.0039977    0.010432 -0.00758146  0.00253169    0.199718 -0.00392019  0.00826965 -0.0337339   0.178288   -9.80732 
             87.2003  0.200687   2.09992 -0.312733 -0.0204538 -0.0349227  0.0104982 -0.00498426     1.06393   0.0251703 -0.00970603  -0.0235004   0.0449068 -0.00706779 -0.00760189  0.00841572   0.0104267 -0.00756387  0.00260155   0.199721 -0.0039417 0.00815796 -0.0337388   0.178288   -9.80732 
             87.3003 -0.0319823    2.17245  -0.306311 -0.0223086 -0.0354812  0.0101982 -0.00500434     1.06401   0.0251668 -0.00970613  -0.0235006   0.0449068 -0.00775045  -0.0041009  0.00851973   0.0105588 -0.00760446  0.00259909    0.199792 -0.00391927   0.0082083 -0.0337473   0.178284   -9.80732 
             87.4003  0.196178   2.11159 -0.183673 -0.0199072 -0.0341193 0.00847868 -0.00492502     1.06388   0.0251849 -0.00970554  -0.0235015   0.0449063 -0.00280402 -0.00348211  0.00645193   0.0104356 -0.00756831  0.00253037    0.199659 -0.00403821  0.00829612 -0.0337272   0.178303   -9.80732 
             87.5004  0.212626   2.08041 -0.300694 -0.021247 -0.034527 0.0117729 -0.0048962    1.06389  0.0251926 -0.00970539  -0.0235015   0.0449063 -0.00647656 -0.00742024   0.0101685   0.0104279 -0.00755339  0.00260087    0.199684 -0.00406442  0.00819381 -0.0337341   0.178303   -9.80732 
             87.6004 -0.0182574    2.16463  -0.300584  -0.022517 -0.0353462  0.0112201 -0.00493538     1.06395   0.0251836 -0.00970547  -0.0235016   0.0449061 -0.00695643 -0.00392564   0.0088424   0.0105601 -0.00759945  0.00260313    0.199734 -0.00402139  0.00825916 -0.033739  0.178298  -9.80732 
             87.7031  0.209601   2.09847 -0.173617 -0.0204025 -0.0338471 0.00936544 -0.00484658     1.06384   0.0251915 -0.00970482  -0.0235025   0.0449055 -0.00223147  -0.0040624  0.00559799   0.0104411 -0.00756076  0.00253113    0.199618 -0.00415247  0.00835346 -0.0337226   0.178318   -9.80732 
             87.8005  0.230558   2.13425 -0.293924 -0.0217577 -0.0338305 0.00990573 -0.00481393     1.06389   0.0252002 -0.00970497  -0.0235026   0.0449052 -0.00511436 -0.00635494  0.00747265   0.0104296 -0.00758437  0.00260044    0.199673 -0.00419197  0.00836002 -0.0337313   0.178321   -9.80732 
             87.9002 -0.00698969     2.24973   -0.293157 -0.0234406 -0.0344783 0.00739802 -0.00485904     1.06399   0.0251933 -0.00970483  -0.0235026   0.0449048 -0.00476216  -0.0022516  0.00501061   0.0105655 -0.00765156   0.0026002    0.199767 -0.00414849  0.00849739 -0.0337414   0.178315   -9.80732 
             88.0039  0.905167   2.40808 -0.411421 -0.0306938 -0.0442211  0.0309242 -0.00495222     1.06402   0.0251104 -0.00970467  -0.0234908   0.0449267 -0.0188368 -0.0491361  0.0320607   0.0100613 -0.00773728  0.00266427    0.199908 -0.00384318  0.00762681 -0.0337744    0.17826   -9.80732 
             88.1045  0.121186   2.17828 -0.169089 -0.0333007  -0.040441  0.0340573 -0.00462281     1.06395    0.025129 -0.00969968  -0.0234893   0.0449398 -0.0233146 -0.0219338  0.0366616   0.0105274 -0.00760221  0.00251833    0.199926 -0.00424697    0.007619 -0.0337877   0.178302   -9.80732 
             88.2003 -0.0494799    2.69752  -0.220509 -0.0342957 -0.0399057  0.0333476 -0.00453823     1.06401   0.0251742 -0.0096995 -0.0234892  0.0449431 -0.00729518  -0.0120953   0.0330646   0.0106263 -0.00790217  0.00254721    0.199982 -0.00435892  0.00776261 -0.033794  0.178314  -9.80732 
             88.4002  0.180209   1.94089 -0.150666 -0.0375574 -0.0391106  0.0239857 -0.00452575     1.06413   0.0252608 -0.00970734  -0.0234902   0.0449453  -0.0178403 -0.00896149   0.0133901   0.0105023 -0.00748711  0.00250747     0.20006 -0.00448862  0.00836281 -0.0338033   0.178346   -9.80732 
             88.5002 -0.0490335     2.1975  -0.224316 -0.0257435 -0.0347851  0.0278519 -0.00435708     1.06359   0.0252447 -0.0097077 -0.0234909  0.0449462 0.00756195 0.00663006  0.0190403   0.0106321 -0.00763337    0.002553    0.199548 -0.00470684  0.00815432 -0.0337375   0.178379   -9.80732 
             88.6002  0.295686   2.00995 -0.144823 -0.0351752 -0.0311302  0.0237279 -0.0042124    1.06397    0.02536 -0.00970901  -0.0234913   0.0449466 -0.0120895 0.00398074 0.00913746   0.0104452 -0.00752639  0.00250922    0.199969 -0.00493385  0.00845691 -0.0338042   0.178398   -9.80732 
             88.7004  0.190155   1.88546 -0.158129 -0.0348091 -0.0315768  0.0180784 -0.00430835     1.06397   0.0253631 -0.00971012  -0.0234914   0.0449464   -0.0138792   0.00228696 -0.000623139  0.0105062 -0.0074533 0.00251662    0.199946 -0.00484592  0.00869796 -0.0337975   0.178397   -9.80732 
             88.8028  0.130339   1.87787 -0.163905 -0.0347741 -0.0321539  0.0133464 -0.00438174     1.06397     0.02536 -0.00971057  -0.0234913   0.0449462  -0.0148642 0.000289647 -0.00867113   0.0105414 -0.00744851  0.00252422    0.199924 -0.00476995  0.00886278 -0.0337905   0.178395   -9.80732 
             88.9003 -0.454954   1.82409 -0.223093 -0.0241363 -0.0308514  0.0189487 -0.0044202     1.0635  0.0253622 -0.00970904  -0.0234946   0.0449453 -0.00369903   0.0164781  0.00200472   0.0108639 -0.00742097  0.00255643    0.199396 -0.00474185  0.00851912 -0.0337185   0.178408   -9.80732 
             89.0079 -0.283175   2.08053 -0.227549 -0.0226106 -0.0295425  0.0165803 -0.00445556     1.06349   0.0253792 -0.00970908  -0.0234939    0.044946 0.000870559   0.0210261 0.000254965   0.0107661 -0.00756274  0.00255933    0.199366 -0.00470573  0.00860392 -0.0337108   0.178408   -9.80732 
             89.1003 -0.256831   2.15236 -0.240027 -0.0220728 -0.0289812  0.0155478 -0.00450927      1.0635   0.0253684 -0.00970883  -0.0234937   0.0449465 0.00182335  0.0236972 -0.0022872   0.0107532 -0.00760058  0.00256902    0.199361 -0.00460823  0.00864063 -0.0337044   0.178398   -9.80732 
             89.2002  0.0683853    2.01299 -0.0806495 -0.0227817 -0.0275445  0.0217403 -0.00448959     1.06345   0.0253431 -0.00970966  -0.0234934   0.0449479 -0.00528832    0.018925  0.00507321   0.0105745 -0.00752292    0.002478    0.199313 -0.00460519  0.00840183 -0.0337044   0.178397   -9.80732 
             89.3002 -0.082296   2.21829 -0.183224 -0.0238274 -0.0270881  0.0187539 -0.00454008     1.06354   0.0253174 -0.00970921  -0.0234936   0.0449482 -0.00152003   0.0209744  0.00106361    0.010661 -0.00764471  0.00253957    0.199392 -0.00448618  0.00854011 -0.0337051   0.178378   -9.80732 
             89.4003  0.213274   1.78047 -0.253479 -0.0244663 -0.0266932  0.0244405 -0.00458065     1.06346   0.0252871 -0.00970895   -0.023493   0.0449506 -0.0149024  0.0128642 0.00803267   0.0104996 -0.00740242  0.00257777    0.199304 -0.00443435  0.00834268 -0.0336976   0.178379   -9.80732 
             89.7003 0.0491354   1.92017 -0.124075  -0.028004 -0.0287371  0.0320741 -0.00477321     1.06339   0.0252549 -0.00971056  -0.0234933   0.0449508  -0.024183 0.00777532  0.0145634   0.0105895 -0.00747993  0.00250519    0.199192 -0.00415838  0.00817252 -0.0336763   0.178361   -9.80732 
             89.8003   -0.022697      1.3891 -0.00156516 -0.0320858 -0.0317397  0.0375573 -0.00493215      1.0633   0.0252524 -0.00971103  -0.0234935   0.0449487 -0.0506066 0.00353128  0.0185821   0.0106297 -0.00718937  0.00243773    0.199059 -0.00395646  0.00803635 -0.0336546   0.178351   -9.80732 
             89.9002  -0.563421    1.62276 -0.0930485 -0.0246379 -0.0325079  0.0248774 -0.00510542     1.06316   0.0252639 -0.00971163  -0.0234909   0.0449465 -0.0306753  0.0204765 0.00340816   0.0109334 -0.00732154   0.0024893    0.198774 -0.00367898  0.00850048 -0.0335726   0.178323   -9.80732 
             90.0005 -0.432868   1.79756 -0.308302 -0.0168547 -0.0322015 0.00257565 -0.00512668     1.06325   0.0253236 -0.00970782  -0.0234869   0.0449479 -0.00808959   0.0292365  -0.0215935   0.0108583 -0.00742031  0.00261015    0.198638 -0.00345737  0.00929159 -0.0334779   0.178273   -9.80732 
             90.1005 0.141318  2.12688 -0.35423 -0.0210491 -0.0302714 0.00173662 -0.0050977    1.06335  0.0253326 -0.00970819  -0.0234875   0.0449464 -0.0114885  0.0206088 -0.0185405   0.0105412 -0.00760226  0.00263338   0.198761 -0.0034883 0.00926398 -0.0334984   0.178269   -9.80732 
             90.3003 -0.283066   2.40139 -0.347409 -0.0233371 -0.0285509 -0.0079804 -0.0051887    1.06353  0.0252597 -0.00970576  -0.0234887   0.0449437 0.000823514   0.0301232  -0.0241323   0.0107835 -0.00775945  0.00262871    0.198899 -0.00328558     0.00946 -0.0334873   0.178228   -9.80732 
             90.4002 0.0547705   2.17911 -0.240878  -0.0246316  -0.0300409 -0.00936958 -0.0052842    1.06355  0.0252483 -0.00970729  -0.0234889    0.044946 -0.00419147    0.016718  -0.0234974   0.0105954 -0.00763309  0.00257182    0.198898 -0.00314021  0.00944953 -0.0334826   0.178213   -9.80732 
             90.5004 -0.00670047     2.18162   -0.281762 -0.0207616  -0.035441 -0.0172133 -0.00549957     1.06353   0.0252328 -0.00970787  -0.0234898   0.0449466 0.00454453 0.00556562 -0.0274589   0.0106271 -0.00763456  0.00259188    0.198788 -0.00275404  0.00966281 -0.0334377   0.178161   -9.80732 
             90.6004 -0.0199268    2.00475  -0.297451 -0.0129236 -0.0400432 -0.0190989 -0.00573157     1.06326   0.0252412 -0.0097085   -0.02349  0.0449436   0.0113857 -0.00327867   -0.023694   0.0106355 -0.00754155  0.00260161    0.198465 -0.00245501   0.0096129 -0.0333948   0.178146   -9.80733 
             90.7025 -0.120734   1.94621 -0.376683 -0.00714946   -0.041999  -0.0197984 -0.0058526    1.06306  0.0252548 -0.00970799  -0.0234897   0.0449409   0.0126337 -0.00282953   -0.021141   0.0106872 -0.00751084  0.00264543     0.19825 -0.00233114  0.00952734 -0.0333717   0.178148   -9.80733 
              90.801  0.055623   2.11506 -0.293753 -0.0165754 -0.0399655 -0.0177984 -0.00571426     1.06343   0.0252387 -0.00970777  -0.0234882   0.0449405 -0.00600786 -0.00106107  -0.0162075    0.010592 -0.00760703  0.00259618   0.198691 -0.0025307 0.00941087 -0.0334381   0.178166   -9.80732 
             90.9007 -0.502136   1.89165 -0.267501 -0.0212503 -0.0366834  -0.021058 -0.00559829     1.06361   0.0252482 -0.0097073 -0.0234874   0.044947 -0.0192102  0.0198556 -0.0158426   0.0109055 -0.00748123  0.00258438   0.198867 -0.0026602 0.00949095 -0.0334553   0.178168   -9.80732 
             91.0016 -0.981754   1.74683 -0.269833 -0.0247675 -0.0321885 -0.0452579 -0.00539215     1.06395   0.0251623 -0.00971208  -0.0234748   0.0449497  -0.021759  0.0496238 -0.0433002  0.0111682  -0.007397 0.00258764    0.199078 -0.00266526   0.0103815 -0.0334304   0.178092   -9.80733 
             91.1005 -0.568877   2.56216  -0.17123 -0.0260894 -0.0304775 -0.0557081 -0.00549593     1.06409   0.0252298 -0.00971362  -0.0234728   0.0449545 -0.00113953   0.0492312  -0.0495891    0.010934 -0.00785979  0.00252603    0.199172 -0.00248526   0.0106113 -0.0334276   0.178055   -9.80733 
             91.2011  -0.521778    2.48666 -0.0941963 -0.0377134 -0.0307289 -0.0415454 -0.00584956     1.06439   0.0252471 -0.00972028  -0.0234695   0.0449551 -0.0228567  0.0418296 -0.0285666   0.0109132 -0.00781623  0.00248623    0.199571 -0.00220567  0.00994147 -0.0335147   0.178088   -9.80733 
             91.3006 -0.643324   2.71813 -0.189669 -0.0354377 -0.0270681 -0.0493672 -0.00588069      1.0643   0.0252033 -0.00971907  -0.0234691   0.0449578 -0.00285501   0.0538665  -0.0318883   0.0109791 -0.00794162  0.00253906    0.199433 -0.00210259   0.0101118 -0.0334857   0.178063   -9.80733 
             91.4015 -0.677789   2.83767 -0.237389 -0.0327447 -0.0272671 -0.0408661 -0.00625329     1.06415   0.0250862 -0.00971952  -0.0234693   0.0449627 0.0126627 0.0512658 -0.017269  0.0109994 -0.0080107 0.00256421    0.199277 -0.00173233  0.00966704 -0.033469  0.178085  -9.80733 
             91.5017 -0.570879   2.81108 -0.248168 -0.0303951 -0.0277143 -0.0295973 -0.00659055     1.06408   0.0250067 -0.0097197 -0.0234688  0.0449682    0.0233552     0.044931 -0.000742285   0.010936  -0.007998 0.00257404    0.199203 -0.00142147  0.00920683 -0.0334579   0.178116   -9.80733 
             91.6033 -0.488923   2.77934 -0.274476 -0.0261343 -0.0290399 -0.0172119 -0.00692485     1.06402   0.0249352 -0.00971932  -0.0234677   0.0449732 0.0359876 0.0364611 0.0152694   0.0108878 -0.00798092   0.0025843    0.199114 -0.00111779  0.00877954 -0.0334371   0.178149   -9.80733 
             91.7003 -0.131724   2.79691  -0.19043 -0.0244552 -0.0225203  -0.026138 -0.00670295     1.06409   0.0249648 -0.00971824  -0.0234709   0.0449692  0.0437122  0.0461287 0.00426563  0.0106858 -0.0079892 0.00253637    0.199216 -0.00125784  0.00916174 -0.0334629   0.178099   -9.80733 
             91.8004 -0.407557   2.76296 -0.238505 -0.0227225 -0.0227333 -0.0152225 -0.00700443     1.06426   0.0249301 -0.00971812  -0.0234708   0.0449688  0.047405 0.0435428 0.0120541   0.0108384 -0.00796977  0.00256432     0.199351 -0.000992076   0.00883006 -0.0334605   0.178121   -9.80733 
             91.9003 0.00670572    2.05803  -0.172612  -0.018353 -0.0248051 -0.0083044 -0.00724301     1.06421    0.024852 -0.00971961  -0.0234706    0.044973  0.034894  0.025151 0.0166489   0.0106159 -0.00757924  0.00252953     0.199245 -0.000695668   0.00867086 -0.0334343   0.178119   -9.80733 
             92.0004  0.329059   2.26045 -0.212938 -0.0149028 -0.0262291 -0.0111307 -0.0073104    1.06421  0.0247952 -0.00972089  -0.0234732   0.0449789 0.0388195 0.0111128 0.0113659   0.0104315 -0.00769755  0.00255454     0.199259 -0.000474436   0.00885611 -0.0334452   0.178062   -9.80733 
             92.1003  0.546888   2.54607 -0.237661 -0.0174321 -0.0239857 -0.0206574 -0.00713378      1.0644   0.0247547 -0.00972139  -0.0234778   0.0449788   0.0397708  0.00492371 -0.00198174   0.0103099 -0.00785327  0.00256705     0.199552 -0.000518147   0.00922573 -0.033513   0.17799  -9.80733 
             92.2058 -0.100296   2.37591 -0.402589 -0.0216955 -0.0361703  0.0026002 -0.00772872     1.06487    0.024654 -0.00971278  -0.0234826   0.0449476  0.0241969 -0.0183009  0.0199804  0.0106675 -0.0077577 0.00265561    0.199938 0.000111653  0.00854516 -0.0334954   0.178017   -9.80733 
             92.3003 0.0875067   2.72065 -0.300799 -0.0278519  -0.035857 -0.0273393 -0.00751145     1.06492   0.0247163 -0.00971137  -0.0234869   0.0449463   0.024748 -0.0106212 -0.0127235   0.0105567 -0.00795387  0.00259668    0.200248 0.000270333  0.00959993 -0.0336299    0.17783   -9.80733 
             92.4005 -0.190722   2.83107 -0.192631 -0.0239576 -0.0333888 -0.0230767 -0.00744177     1.06496    0.024715 -0.00970972  -0.0234877    0.044953   0.0394385  0.00196353 -0.00668982  0.0107175 -0.0080155 0.00253432    0.200247 4.27635e-05  0.00939501 -0.0336099   0.177882   -9.80733 
             92.5003 -0.428192   3.01383 -0.360656 -0.0228161  -0.036974  -0.011656 -0.00759655     1.06523   0.0246773 -0.00970972  -0.0234894   0.0449435    0.051639 0.000779066  0.00493923  0.0108476 -0.0081196 0.00262508    0.200472 0.000185322   0.0090277 -0.0336004   0.177907   -9.80733 
             92.6008 -0.278642   2.26675 -0.266564   -0.0226233   -0.0353577 -0.000990101 -0.00757281     1.06541   0.0246754 -0.00970762  -0.0234897   0.0449498  0.0329328 0.00614148  0.0184373   0.0107685 -0.00769631  0.00257287    0.200621 1.70097e-05  0.00870771 -0.0335843   0.177959   -9.80733 
              92.703 -0.186543   2.01835 -0.196828  -0.0215933  -0.0323937 -0.00250765 -0.00749716     1.06539   0.0246598 -0.0097081 -0.0234896  0.0449501 0.0219178 0.0155261 0.0162738   0.0107169 -0.00755578  0.00253497     0.200651 -7.00762e-05   0.00881567 -0.0336023   0.177955   -9.80733 
             92.8007 -0.624384   1.38087 -0.379423 -0.0191493 -0.0369322 0.00100016 -0.00780707     1.06539   0.0246957 -0.00970419    -0.02349   0.0449414 0.00155039  0.0176029  0.0174459   0.0109554 -0.00720635  0.00263681    0.200575 0.000368191  0.00877597 -0.0335838   0.177922   -9.80733 
             92.9009 -0.346907   1.84072 -0.175885 -0.0221543  -0.032021 -0.0037957 -0.00770464     1.06542   0.0247918 -0.00970254    -0.02349   0.0449405 -0.00124428    0.030771   0.0107434  0.0107999 -0.0074646 0.00251913     0.20072 0.000242563  0.00898987 -0.0336306   0.177911   -9.80733 
             93.0011 0.0539344   1.65088 -0.178073 -0.0210079 -0.0288298 -0.0118026 -0.0076696    1.06524  0.0248346 -0.00970369  -0.0234923   0.0449393  -0.0109682   0.0300367 0.000607844   0.0105747 -0.00735926  0.00252147    0.200593 0.000270417   0.0092888 -0.0336489   0.177881   -9.80733 
              93.101  0.330829   2.82571 -0.143587 -0.0231283 -0.0328907 0.00257154 -0.00790921     1.06558   0.0246928 -0.00970917   -0.023489   0.0449502  0.0133018 0.00765271  0.0161381   0.0104257 -0.00800477  0.00250559    0.200864 0.000515139  0.00887374 -0.0336352   0.177897   -9.80733 
             93.2034  0.298721   2.77435 -0.377296 -0.0114167 -0.0397885 0.00696567 -0.00814425     1.06529   0.0246283 -0.00970408  -0.0234861   0.0449698  0.0395916 -0.0143787  0.0195801  0.0104328 -0.0079703 0.00263877   0.200472 0.00089148 0.00879928 -0.033572  0.177878  -9.80733 
             93.3023 -0.104048   3.16074 -0.589218 -0.00664332  -0.0402123  0.00207048 -0.00813283     1.06529   0.0245936 -0.00970263  -0.0234869     0.04497   0.0612439 -0.00564407   0.0152999  0.0106555 -0.0081844  0.0027567    0.200517 0.000952304   0.0090116 -0.0335962   0.177851   -9.80733 
             93.4006 -0.476176   2.49382 -0.427229 0.000386334  -0.0336389 -0.00501311 -0.00782052     1.06509    0.024666 -0.00970319  -0.0234837   0.0449863  0.062631 0.0221263 0.0151485   0.0108681 -0.00780937  0.00266662    0.200386 0.000637933  0.00928523 -0.0336112   0.177858   -9.80733 
             93.5003 -0.351615   2.92374  -0.49701  0.0124607 -0.0302852 0.00749744 -0.00774886     1.06499   0.0246634 -0.00970621  -0.0234846   0.0449899 0.0884281 0.0270163 0.0301106   0.0108017 -0.00806497  0.00271455    0.200212 0.000469523   0.0088994 -0.0335625   0.177902   -9.80733 
             93.6003 0.0392386   3.04546 -0.602035 0.0102442 -0.036616 0.0141296 -0.00823485     1.06554    0.024674 -0.00970378  -0.0234859   0.0449969  0.0836391 0.00353081  0.0332808  0.0105766 -0.0081315 0.00277138    0.200766 0.000995231  0.00883606 -0.0336202   0.177863   -9.80733 
             93.7003  0.098429   2.37037 -0.414472  0.00171518  -0.0293876 -0.00106847 -0.00799098     1.06606   0.0247493 -0.00970322  -0.0234839    0.045007 0.0510928 0.0205261 0.0141317   0.0105465 -0.00775463  0.00266723    0.201393 0.000765119  0.00948839 -0.0337392   0.177842   -9.80733 
             93.8005 -0.0983604    2.52645  -0.385253 -0.00151422  -0.0261248 -0.00520869 -0.00801549     1.06643   0.0247702 -0.00970333  -0.0234816   0.0450122   0.044573  0.0286704 0.00847129   0.0106586 -0.00784198  0.00265235    0.201781 0.000798576  0.00968487 -0.0337967   0.177832   -9.80733 
             93.9005 -0.100488   3.27538 -0.524812 -0.00968618  -0.0292423 -0.00426779 -0.00838154      1.0671   0.0247777 -0.00970535  -0.0234817   0.0450002  0.0460855  0.0159399 0.00784863   0.0106519 -0.00825514  0.00272805   0.202452 0.00122462  0.0097182 -0.0338851    0.17781   -9.80733 
             94.0003 -0.0823137    3.41267  -0.532464  -0.0159651  -0.0330269 -0.00665013 -0.00875903     1.06758   0.0247823 -0.00970496  -0.0234814   0.0449927  0.0473922 0.00509347 0.00316428   0.0106426 -0.00832832  0.00273042   0.202994  0.0016319 0.00987174 -0.0339777   0.177785   -9.80733 
             94.1003  0.132528    3.3297 -0.401538 -0.0073469 -0.0319518 -0.0143214 -0.00871267     1.06733   0.0247526 -0.00970369  -0.0234835   0.0449923   0.0713082  0.00835003 -0.00475698   0.0105201 -0.00828001  0.00265376   0.202818 0.00161003  0.0101636 -0.0339985   0.177767   -9.80733 
             94.2003 -0.235559   3.41575 -0.597216 -0.00155085  -0.0307589   -0.023205 -0.00877816     1.06734   0.0247512 -0.00970289  -0.0234831   0.0449927  0.0896687  0.0155788 -0.0117759   0.0107221 -0.00832265  0.00276306   0.202907 0.00169432  0.0104633 -0.0340546    0.17775   -9.80733 
             94.3003  -0.34398   2.88996 -0.495471 -0.00289138  -0.0318532  -0.0229832 -0.00900193     1.06772   0.0247221 -0.0097025 -0.0234826  0.0449995  0.0765845  0.0190834 -0.0130119   0.0107791 -0.00803133  0.00270483   0.203356 0.00193972  0.0104465 -0.0341119   0.177747   -9.80733 
             94.4003 -0.0515655    2.95044  -0.408519 -0.00161747  -0.0375093  -0.0131907 -0.009298   1.06814 0.0247095 -0.00970329  -0.0234808   0.0450096     0.077441  -0.00184897 -0.000862445   0.0106152 -0.00806265  0.00265451   0.203731 0.00235602  0.0100951 -0.0341065   0.177737   -9.80733 
             94.5006 -0.316765   2.76701 -0.575525 0.000588421  -0.0379689 0.000145984 -0.00937231     1.06861   0.0247977 -0.00969895  -0.0234839   0.0450138   0.0726391 0.000591019   0.0143167   0.0107608 -0.00795559  0.00274745   0.204049 0.00237471 0.00962359 -0.0340367   0.177768   -9.80733 
             94.6005   0.03221   3.00912 -0.594729 -0.00390372  -0.0353083 -0.00966392 -0.00939145     1.06888   0.0248991 -0.00970084  -0.0234862   0.0450126  0.0711879 0.00663556 0.00148175   0.0105737 -0.00808411  0.00275386   0.204632 0.00228384  0.0100595 -0.0341978   0.177784   -9.80733 
             94.7006 -0.480195   2.91372 -0.422884 -0.00699988  -0.0339927  -0.0168558 -0.00951901     1.06913   0.0249215 -0.00970213  -0.0234834   0.0450144   0.0663513   0.0208684 -0.00663564   0.0108676 -0.00802539  0.00265551   0.205111 0.00239911  0.0103469 -0.0343263   0.177784   -9.80733 
             94.8005 -0.672451   2.86983 -0.393559 -0.00878172  -0.0329259   -0.023321 -0.00966799      1.0693   0.0249444 -0.00970435  -0.0234804   0.0450128  0.0627254  0.0341067 -0.0103874   0.0109731 -0.00799799  0.00263902  0.205513 0.0025873 0.0105929 -0.0344467   0.177774   -9.80733 
             94.9004 -0.727881   2.91309 -0.385153 -0.0106072 -0.0319629 -0.0255052 -0.00983727     1.06954   0.0249843 -0.00970572  -0.0234786   0.0450102   0.060156  0.0414602 -0.0102343   0.0109947 -0.00801636  0.00263056   0.205926 0.00281159  0.0106777 -0.0345307   0.177766   -9.80733 
             95.0004 -0.101743    3.4317 -0.407868 -0.0147068  -0.032235 -0.0311368 -0.010014   1.06979 0.0250753 -0.00970446  -0.0234793   0.0450097  0.0664411  0.0285196 -0.0171457   0.0106489 -0.00829606  0.00264408   0.206489 0.00306795  0.0109117 -0.0346755   0.177748   -9.80733 
             95.1005 -0.539247   3.16019 -0.338334 -0.0100882 -0.0284458 -0.0381183 -0.0100275    1.06975  0.0250775 -0.00970461  -0.0234788     0.04501   0.077138  0.0447081 -0.0255815  0.0108918 -0.0081438 0.00260588    0.20658 0.00310441  0.0111101 -0.034743  0.177734  -9.80733 
              95.202 0.0564094   3.29222 -0.666869 -0.0123863  -0.039023 -0.0192644 -0.0107074    1.07062  0.0249116 -0.0096873 -0.0234768  0.0450381    0.0736649  0.000327089 -0.000451499   0.0105608 -0.00820811  0.00277551   0.207284 0.00394739  0.0103678 -0.0346402   0.177744   -9.80733 
             95.3005  0.188204   3.21025 -0.552036  -0.0210749  -0.0472608 -0.00507312 -0.011171   1.07161 0.0249043 -0.00968447  -0.0234742    0.045049  0.0569492 -0.0234599  0.0178161   0.0104898 -0.00815658  0.00271386   0.208204 0.00447463 0.00989588 -0.0346174   0.177765   -9.80733 
             95.4004  0.233491   3.33978 -0.496246 -0.0278766 -0.0522878 -0.0119153 -0.0112906    1.07186  0.0249202 -0.00968399  -0.0234773   0.0450485  0.0563411 -0.0294351 0.00673821   0.0104621 -0.00822297  0.00268233   0.208861 0.00468072   0.010286 -0.0348166   0.177726   -9.80733 
             95.5005 -0.643767    2.9626 -0.367105 -0.0162935 -0.0447086 -0.0156601 -0.0109051    1.07151   0.024973 -0.00967931  -0.0234765   0.0450764   0.076376  0.0117152 0.00289991   0.0109606 -0.00800971  0.00261251   0.208518 0.00414635  0.0103928 -0.0347917   0.177756   -9.80733 
             95.6004 -0.863085    2.8103 -0.427572 -0.00523697  -0.0381053  -0.0177361 -0.0107062    1.07133  0.0249811 -0.00967983  -0.0234749   0.0450865  0.0899943  0.0391712 -0.0020365   0.0110848 -0.00791673  0.00264612   0.208329 0.00386534  0.0104574 -0.03478 0.177772 -9.80733 
             95.7005 -0.743277   2.31381 -0.527193 -0.00427386  -0.0310518  -0.0184574 -0.0106695    1.07159  0.0250167 -0.00968207  -0.0234762   0.0450971    0.074315   0.0580058 -0.00143534   0.0110127 -0.00764289  0.00270237   0.208718 0.00372499  0.0105166 -0.0348359   0.177792   -9.80733 
             95.8005 -0.251922   2.73099 -0.197088 -0.00840011  -0.0274623  -0.0168577 -0.0107913    1.07213  0.0250104 -0.00968576  -0.0234696   0.0451017    0.0654957    0.0524918 -0.000403515   0.0107503 -0.00786581  0.00251633   0.209407 0.00386943  0.0104981 -0.0349106   0.177798   -9.80733 
             95.9007 -0.0100721      2.944  -0.258145 -0.00543545  -0.0221951   -0.016162 -0.0107894    1.07232  0.0250127 -0.00968568  -0.0234684   0.0450987  0.0727872  0.0488261 0.00117481   0.0106105 -0.00798517  0.00255208   0.209675 0.00384972  0.0104844 -0.0349368   0.177807   -9.80733 
             96.0003 -0.250941   2.97466 -0.529197   -0.012621  -0.0212915 -0.00547227 -0.0111595    1.07322  0.0249827 -0.00968305  -0.0234753    0.045091 0.0542024 0.0434754 0.0138611   0.0107365 -0.00799855  0.00270254   0.210571 0.00420035  0.0101028 -0.0349358   0.177841   -9.80733 
             96.1031 -0.303127    2.5843 -0.143117 -0.0162983  -0.023677 0.00104426 -0.0114598    1.07366  0.0248831 -0.00968782  -0.0234727   0.0450912 0.0370354  0.035802  0.018237   0.0107758 -0.00778026  0.00249113   0.211053 0.00472012 0.00995111 -0.0349564   0.177815   -9.80733 
             96.3004 0.00716106    2.59983  -0.165532 -0.0143514 -0.0258218 0.00376018  -0.01166   1.07387 0.0248043 -0.00968937  -0.0234724   0.0450973 0.0411361 0.0166248 0.0173213   0.0105966 -0.00778451   0.0025083   0.211385 0.00517065  0.0100256 -0.0350168   0.177764   -9.80733 
             96.4004 -0.116722   2.72982 -0.399584 -0.0172462 -0.0318927 0.00979918 -0.011922   1.07424 0.0247113 -0.00968472  -0.0234751   0.0450934  0.0362028 0.00347878  0.0216705   0.0106528 -0.00784843  0.00263318   0.211799 0.00565554 0.00991547 -0.0350303   0.177726   -9.80733 
             96.5004 -0.130284   2.31222 -0.336877 -0.0112672 -0.0308243  0.0240882 -0.0119672     1.0743  0.0247444 -0.00968351  -0.0234741   0.0450924  0.0326845 0.00528642  0.0365257  0.0106685  -0.007612 0.00259783   0.211602 0.00557711 0.00945684 -0.0349044   0.177788   -9.80733 
             96.6004  0.296513    2.2239 -0.282767 -0.0146335 -0.0342054  0.0350531 -0.0120729     1.0746  0.0247114 -0.00968349  -0.0234725   0.0450985 0.0179843 -0.012681 0.0451659   0.0104362 -0.00756444  0.00256951   0.211894 0.00571501 0.00923829 -0.0348842   0.177794   -9.80733 
             96.7004  0.146642   2.55122 -0.376707 -0.00886207  -0.0298079   0.0305294 -0.0118805    1.07438  0.0247364 -0.00968338  -0.0234726   0.0451025  0.0367231 0.00222929  0.0375289   0.0105155 -0.00774025  0.00261892   0.211765 0.00546992 0.00953655 -0.0349367   0.177788   -9.80733 
             96.9004 0.00971588    2.34279  -0.309715 -0.00534404  -0.0273091    0.035228 -0.0118385    1.07444   0.024759 -0.0096831 -0.0234723  0.0451035  0.0332818 0.00652493  0.0355927    0.010595 -0.00762109  0.00257781   0.211897 0.00541923 0.00964117 -0.0349693    0.17778   -9.80733 
             97.0004  0.577657   2.58558 -0.474827 -0.0136823 -0.0348689  0.0390362 -0.0120422    1.07488   0.024721 -0.00968104  -0.0234747   0.0451033  0.0206127 -0.0278606   0.033955    0.010329 -0.00773926  0.00265119   0.212461 0.00574349 0.00971176 -0.0350306    0.17774   -9.80733 
             97.1004  0.449485   2.35937 -0.230661   -0.01744 -0.0319116  0.0242267 -0.0119128    1.07492  0.0247707 -0.00967694  -0.0234753   0.0451046  0.0140178 -0.0167082  0.0120404   0.0104003 -0.00762259  0.00251124     0.2127 0.00558413  0.0103718 -0.0351363   0.177714   -9.80733 
             97.2004  0.160445   2.03148 -0.239641 -0.0200158 -0.0331592  0.0265726 -0.011933   1.07501 0.0247979 -0.00967701  -0.0234751   0.0451068 -0.00268216  -0.0149955    0.013972   0.0105629 -0.00744447  0.00251627    0.21279 0.00559005  0.0103451 -0.0351407   0.177715   -9.80733 
             97.3018 0.327425  2.48292 -0.36607 -0.0201284 -0.0379502  0.0264576 -0.0120125    1.07507  0.0247971 -0.00967588  -0.0234751   0.0451054 0.00735016 -0.0295036  0.0103307    0.010469 -0.00769739  0.00259062   0.212863 0.00573905  0.0104054 -0.0351532     0.1777   -9.80733 
             97.4004  0.726129   2.37651 -0.370885 -0.0232161 -0.0397994   0.037588 -0.0118829    1.07517  0.0248879 -0.00967695  -0.0234745   0.0451036 -0.00123976  -0.0440013   0.0206936   0.0102417 -0.00763995   0.0025938   0.212966 0.00552618  0.0100755 -0.0351368   0.177722   -9.80733 
             97.6004  -0.16984   2.21402 -0.310775  -0.021261 -0.0361992  0.0181271 -0.011816   1.07506  0.024969 -0.00967541  -0.0234706   0.0451243   0.00137446   -0.0035324 -0.000254761   0.0107321 -0.00754898  0.00255951   0.212924 0.00533535  0.0107366 -0.0351846   0.177735   -9.80733 
             97.7004  0.120144   2.59229 -0.254955  -0.0257112  -0.0290515 -0.00384466 -0.0117922    1.07524  0.0251437 -0.00967077  -0.0234689   0.0451232 0.00955762 0.00917435 -0.0245978   0.0105799 -0.00775936  0.00252968   0.213216 0.00504053  0.0114318 -0.0352529   0.177778   -9.80733 
             97.8005 -0.104029   2.63187 -0.194667 -0.0244691 -0.0282883 -0.0233653 -0.0119774    1.07529   0.025095 -0.00966849   -0.023466   0.0451211     0.0186  0.0167038 -0.0435973   0.0106995 -0.00778191  0.00249764   0.213267 0.00521473  0.0119819 -0.035281  0.177783  -9.80733 
             97.9037 -0.249454   2.92048 -0.182783 -0.0255498 -0.0283284 -0.0264364 -0.0120184    1.07541  0.0250694 -0.00966917  -0.0234658   0.0451178  0.0280441  0.0164798 -0.0431107  0.0107791 -0.0079405 0.00249105   0.21344   0.00532 0.0119431 -0.0352972   0.177771   -9.80733 
             98.0005  0.156965   2.57318 -0.275424 -0.0321291 -0.0362819 -0.0339388 -0.0122296    1.07559  0.0251602 -0.00966544  -0.0234699   0.0451747  0.0121039 -0.0102033 -0.0472665   0.0105346 -0.00773961  0.00254597   0.213827 0.00582401    0.01212 -0.0353426   0.177727   -9.80733 
             98.1006  0.269757   2.36123 -0.247609 -0.0302461 -0.0379093 -0.0231927 -0.0120906    1.07552  0.0251595 -0.00966367  -0.0234749   0.0451733 0.00966176 -0.0211466 -0.0312484   0.0104698 -0.00761863  0.00253358   0.213766 0.00570973   0.011597 -0.0353181   0.177717   -9.80733 
             98.2005  0.263766   2.19354 -0.278044 -0.0279256 -0.0399298 -0.0154037 -0.0119874    1.07545  0.0251945 -0.00966165  -0.0234778   0.0451721 0.00720443 -0.0266828 -0.0184543  0.0104733 -0.0075244 0.00255304    0.21369 0.00561123  0.0112087 -0.035296  0.177713  -9.80733 
             98.3004 -0.280868   2.76311  -0.33502 -0.0160768 -0.0343843 -0.0144518 -0.0117581    1.07516  0.0253576 -0.00966567  -0.0234786   0.0451983   0.0405331 0.000596899  -0.0135666   0.0107898 -0.00785077  0.00258405   0.213319 0.00517233  0.0110186 -0.0352596   0.177754   -9.80733 
             98.4005 -0.0963485    2.50641  -0.312372  -0.019864  -0.033885 -0.0121617 -0.0117167    1.07534  0.0253496 -0.00966603  -0.0234803   0.0452015  0.0263659 0.00092197   -0.01094    0.010691 -0.00770528  0.00257214   0.213638 0.00512256  0.0109169 -0.0352937   0.177746   -9.80733 
             98.5006 -0.0498765    2.39472  -0.229869 -0.0221615 -0.0333365 -0.0106487 -0.0116802    1.07546  0.0253656 -0.00966586  -0.0234803   0.0452035   0.0164038  0.00186864 -0.00782468   0.0106685 -0.00764061  0.00252679   0.213849 0.00508551  0.0108373 -0.0353155   0.177741   -9.80733 
             98.6006 0.00679334    2.34496   -0.16868 -0.0259805 -0.0317347 -0.0067143 -0.0115994     1.0756   0.025419 -0.00966488    -0.02348   0.0452049 0.00587216 0.00373395 -0.0021623   0.0106415 -0.00761264  0.00249174   0.214101 0.00497574  0.0106818 -0.03534 0.177739 -9.80733 
              98.702 -0.0261608    2.34818    -0.1298 -0.0286204 -0.0274121 0.00170695 -0.0114235    1.07566  0.0255461 -0.0096625 -0.0234805  0.0452045 0.00094629  0.0116466 0.00906855   0.0106624 -0.00761385  0.00247129   0.214262 0.00469315  0.0103733 -0.0353499   0.177752   -9.80733 
             98.8005 0.0657339   2.98249 -0.253289  -0.0257414  -0.0288966 -0.00200412 -0.0114999    1.07567  0.0254773 -0.00966164  -0.0234797   0.0452079  0.0263682 0.00409932 0.00323137    0.010607 -0.00796321  0.00254037   0.214254 0.00485055  0.0105308 -0.0353528   0.177741   -9.80733 
             98.9006 0.0998985   2.66876 -0.307736 -0.0233968 -0.0345841 0.00587031 -0.0116144     1.0757  0.0253623 -0.00965898  -0.0234803   0.0452126  0.0263586 -0.0118647   0.012541    0.010584 -0.00778255  0.00257394   0.214267 0.00515711   0.010307 -0.0353358   0.177709   -9.80733 
             99.0006 0.118383  2.32969  -0.3888 -0.0262181 -0.0393898  0.0358272 -0.011513   1.07581 0.0255023 -0.00965321   -0.023482   0.0452179 0.00990892 -0.0279158  0.0421281   0.0105776 -0.00759323   0.0026196   0.214533 0.00515622 0.00938624 -0.0353199   0.177687   -9.80733 
             99.1005 0.0788944   2.18591 -0.384878 -0.0250911 -0.0443433  0.0342988 -0.0116243    1.07582  0.0254166 -0.00965365   -0.023482    0.045218  0.0085363 -0.0317152   0.037156   0.0105999 -0.00751512  0.00261675   0.214512 0.00533632 0.00958485 -0.035324  0.177674  -9.80733 
             99.2006 -0.0505424    2.19132  -0.248587 -0.0248837 -0.0407078  0.0147711 -0.0115957    1.07582  0.0254193 -0.00965241  -0.0234802   0.0452224  0.00793328 -0.00872338   0.0137217   0.0106741 -0.00751882  0.00253852   0.214491 0.00515057  0.0103473 -0.0353653   0.177697   -9.80733 
              99.301 -0.109658    2.1963 -0.217389 -0.0228763   -0.03492 -0.0127162 -0.0116019     1.0758   0.025391 -0.00965136  -0.0234783    0.045226  0.0113932  0.0146355 -0.0166013   0.0107033 -0.00751891  0.00252019   0.214402 0.00499991   0.011312 -0.0354056   0.177719   -9.80733 
             99.4004 -0.291296    3.0931 -0.297069  -0.0242611  -0.0350564 -0.00719556 -0.0116027    1.07597   0.025355 -0.00965722  -0.0234794     0.04522   0.0301778   0.0146637 -0.00877132   0.0108045 -0.00801931  0.00256348  0.214653 0.0050805  0.011062 -0.0354203   0.177704   -9.80733 
             99.5005 -0.468955   2.81623 -0.332439 -0.0254341 -0.0294096 0.00259652 -0.0114194    1.07604  0.0255035 -0.00965927  -0.0234817   0.0452231  0.0264931  0.0301092 0.00374343   0.0108882 -0.00787268  0.00257875   0.214809 0.00478907  0.0106747 -0.0354209   0.177725   -9.80733 
             99.6006 -0.383425   2.45824 -0.245233 -0.0212216  -0.024399 0.00505364 -0.0113361    1.07594  0.0255144 -0.00965926  -0.0234822    0.045223  0.0260213   0.039979 0.00522409   0.0108443 -0.00768491   0.0025355   0.214687 0.00465638   0.010586 -0.0354046   0.177739   -9.80733 
             99.7033  -0.27284   2.23173 -0.220533 -0.0190045 -0.0227607  0.0079082 -0.0113943    1.07594  0.0254689 -0.00965943  -0.0234822   0.0452256  0.0207999  0.0373914 0.00602542   0.0107795 -0.00756013  0.00252271   0.214681 0.00479413  0.0105127 -0.0353987   0.177728   -9.80733 
             99.8009 -0.211791   2.14981 -0.224153 -0.0180222 -0.0221095  0.0114633 -0.0114616    1.07598  0.0254306 -0.00965916   -0.023482   0.0452289  0.0146571  0.0328979 0.00891932    0.010741 -0.00750987  0.00252417   0.214721 0.00496702  0.0104235 -0.0353956   0.177714   -9.80733 
             99.9005 -0.303704   2.23706 -0.275929  -0.0191325  -0.0197684 -0.00710044 -0.0115648    1.07612  0.0253811 -0.00966128  -0.0234824     0.04523  0.0123267  0.0413469 -0.0124196   0.0107851 -0.00755812  0.00255348   0.214851 0.00518569  0.0111361 -0.0354473   0.177667   -9.80733 
                 100 -0.285274   2.61442 -0.267221 -0.0142753 -0.0189989  0.0025643  -0.01163   1.07606 0.0253072 -0.00966297  -0.0234819   0.0452323    0.0276922    0.0355962 -0.000435702   0.0107761 -0.00776692  0.00254534   0.214771 0.00531986  0.0107471 -0.0354144   0.177675   -9.80733 
             100.103  0.106999   2.49784 -0.271559 -0.0174475 -0.0194667 0.00660842 -0.0116926    1.07624  0.0252906 -0.00966314  -0.0234817   0.0452371  0.0189203  0.0196716 0.00413708    0.010551 -0.00770079  0.00254777   0.215053 0.00550039  0.0106423 -0.0354365   0.177655   -9.80733 
               100.2  0.387776    2.5583 -0.290191 -0.0176937 -0.0240026 0.00661396 -0.0118169    1.07635  0.0251579 -0.0096625 -0.0234827  0.0452467   0.0199147 -0.00332628  0.00169298   0.0103936 -0.00773412  0.00255837   0.215187 0.00584236  0.0106917 -0.0354461   0.177616   -9.80733 
               100.3  0.260858   2.58748 -0.230426 -0.0250279 -0.0272336 0.00906665 -0.0118799    1.07664  0.0251105 -0.00966325  -0.0234824   0.0452446 0.00720522   -0.01545 0.00403966   0.0104407 -0.00775074  0.00252814   0.215616 0.00601198  0.0106531 -0.035487  0.177591  -9.80733 
             100.401 0.00302564     1.8805  -0.329702 -0.0208361  -0.033279  0.0188397 -0.0120184    1.07647  0.0250769 -0.00965835  -0.0234823   0.0452335 -0.00464071  -0.0253669   0.0159086   0.0105725 -0.00739093  0.00258112  0.215372 0.0062249 0.0103222 -0.0354413     0.1776   -9.80733 
             100.502    0.3542   2.49121 -0.229489 -0.0212907 -0.0335488  0.0290396 -0.0119509    1.07647  0.0251766 -0.00965775  -0.0234809   0.0452334 0.00518688 -0.0290672  0.0263052   0.0103819 -0.00772114  0.00252577   0.215436 0.00601405  0.0100155 -0.035438  0.177635  -9.80733 
             100.601 -0.0865585    2.55551   -0.30516 -0.0219293 -0.0348301  0.0279269 -0.0119248    1.07653  0.0251684 -0.00965789  -0.0234813   0.0452354 0.00756347 -0.0209811  0.0233118   0.0106144 -0.00775133  0.00256482   0.215504 0.00598285  0.0101371 -0.0354502   0.177629   -9.80733 
             100.701 -0.0986137    2.25432  -0.354308 -0.0188272  -0.032379  0.0092788 -0.0118324    1.07651  0.0252006 -0.00966008  -0.0234795   0.0452403  0.00887648 -0.00408092 0.000623547   0.0106151 -0.00758258  0.00259371    0.21536 0.00581844  0.0108412 -0.0354626   0.177617   -9.80733 
               100.8 -0.0380329    2.54033  -0.265747 -0.0168411 -0.0308884 0.00624493 -0.0117817     1.0765  0.0252472 -0.00965946  -0.0234797   0.0452417   0.0172663 0.000168843 6.85451e-05   0.0105843 -0.00773941  0.00254662    0.21535 0.00570588  0.0109417 -0.0354663   0.177623   -9.80733 
             101.003   0.28886   2.50132 -0.246865  -0.0228672  -0.0275882 -0.00452787 -0.0117033    1.07677  0.0254012 -0.00965847  -0.0234804   0.0452369   0.0091713 -0.00183354  -0.0108782   0.0103948 -0.00771352  0.00254192   0.215704 0.00552924   0.011282 -0.0355157    0.17762   -9.80733 
             101.101  0.148205   2.54023 -0.276963 -0.0184421 -0.0297765  0.0153202 -0.0116605    1.07657  0.0253838 -0.0096593 -0.0234805  0.0452377  0.0173182 -0.0103292  0.0113826   0.0104776 -0.00773631  0.00256015   0.215567 0.00551387  0.0106124 -0.0354817   0.177637   -9.80733 
             101.201    0.6246   2.53725 -0.353251 -0.014432 -0.035907 0.0226791 -0.0117323     1.0765  0.0252837 -0.00965849  -0.0234801   0.0452437  0.0236677 -0.0354605  0.0174343   0.0102089 -0.00773289  0.00260211   0.215478 0.00567098  0.0104409 -0.0354653    0.17763   -9.80733 
             101.301  0.401345   2.04134 -0.340434 -0.0166298  -0.040816  0.0141643 -0.0118629    1.07663   0.025237 -0.00965949  -0.0234804   0.0452465 0.00464228 -0.0397624  0.0047903   0.0103348 -0.00744663  0.00259198   0.215577 0.00585748  0.0107628 -0.0354832   0.177614   -9.80733 
               101.4 -0.412158   2.32179 -0.374925 -0.0120636 -0.0408733  0.0107705 -0.0118031    1.07654  0.0252561 -0.00966027  -0.0234813   0.0452589  0.0168235 -0.0174875 0.00394329   0.0107771 -0.00760008  0.00261116   0.215455 0.00575232  0.0108438 -0.0354745    0.17762   -9.80733 
             101.501 -0.458245   2.26918 -0.442456 -0.00763841   -0.036229 0.000324274 -0.0117067    1.07649  0.0253029 -0.00966133  -0.0234783   0.0452693   0.0225556  0.00842013 -0.00454137   0.0108017 -0.00757272  0.00265103   0.215327 0.00549508  0.0111493 -0.0354703   0.177645   -9.80733 
             101.601 -0.380751    2.2133 -0.453007 -0.00480891  -0.0342797 -0.00257259 -0.0116969    1.07648   0.025301 -0.00966139   -0.023478   0.0452695   0.0209654    0.017186 -0.00875906  0.0107588 -0.0075385  0.0026537    0.21529 0.00545605   0.011222 -0.035468   0.17765  -9.80733 
             101.701 -0.219952   1.90482  -0.36144 -0.00857307  -0.0350403  -0.0187088 -0.0119219    1.07669    0.02521 -0.00966518  -0.0234761   0.0452721 0.00101186  0.0174356 -0.0242499   0.0106683 -0.00736443  0.00260149  0.215476 0.0057475 0.0117395 -0.0355016   0.177638   -9.80733 
             101.801 -0.197992   1.94833 -0.382452 -0.0112313 -0.0361014 -0.0384377 -0.0121735    1.07686  0.0251227 -0.00966759  -0.0234748   0.0452738 -0.00705687   0.0196974  -0.0425476   0.0106499 -0.00738928  0.00261061   0.215591 0.00610103  0.0123151 -0.0355282   0.177622   -9.80733 
             101.903  0.196766   1.98451 -0.365066 -0.0142274 -0.0360174 -0.0344515 -0.012129   1.07687 0.0251476 -0.00966734   -0.023474   0.0452765 -0.0167921 0.00638845  -0.033845   0.0104211 -0.00740997  0.00259916   0.215679 0.00607597  0.0120699 -0.035535  0.177621  -9.80733 
             102.001  0.304309   2.03758 -0.346147 -0.0170333 -0.0361076 -0.0311328 -0.012086   1.07685 0.0251559 -0.00966725  -0.0234729   0.0452762  -0.0236345 -0.00149166  -0.0268995   0.0103631 -0.00743926  0.00259166   0.215723 0.00603191  0.0118619 -0.035539  0.177623  -9.80733 
             102.101  0.320848   2.04347 -0.340845 -0.0191833  -0.036394 -0.0285893 -0.0120401     1.0768  0.0251769 -0.00966712  -0.0234723   0.0452757  -0.0291432 -0.00733245  -0.0227834   0.0103521 -0.00744203   0.0025902   0.215701 0.00597094  0.0116915 -0.0355371   0.177627   -9.80733 
             102.201  0.348348   2.04223 -0.330023  -0.020895 -0.0369427 -0.0262729 -0.0119883    1.07672  0.0252067 -0.00966702  -0.0234719   0.0452758 -0.0317899 -0.0127594 -0.0175641   0.0103402 -0.00743907  0.00258507   0.215633 0.00589476  0.0115411 -0.0355314   0.177632   -9.80733 
             102.304  0.360908   2.04824 -0.320962 -0.0222568 -0.0376513 -0.0243902 -0.011928   1.07662 0.0252475 -0.00966701  -0.0234715   0.0452766 -0.0338602 -0.0179556 -0.0134905   0.0103365 -0.00744197  0.00258161   0.215527 0.00579507  0.0114133 -0.0355224   0.177639   -9.80733 
             102.401 -0.0519919    2.71782  -0.379929 -0.0239187 -0.0391556  -0.033062 -0.0119855     1.0767  0.0251659 -0.00966676  -0.0234718   0.0452769 -0.0166533 -0.0125943 -0.0219622   0.0105531 -0.00780538  0.00261236   0.215573 0.00588408  0.0116248 -0.0355233   0.177633   -9.80733 
             102.504  -0.25171   2.93146 -0.346656 -0.0235573 -0.0402351 -0.0364307 -0.0120037    1.07668  0.0251393 -0.0096667 -0.0234721  0.0452772 -0.00137221 -0.00575539   -0.022912  0.0106632 -0.0079198 0.00259501   0.215535 0.00591873  0.0116501 -0.0355196   0.177631   -9.80733 
             102.601 -0.277953   2.78057 -0.351543 -0.0283459 -0.0393949 -0.0326235 -0.0119614    1.07672  0.0251981 -0.00966751  -0.0234727    0.045278 -0.00654759 0.000667916  -0.0165285   0.0106786 -0.00783341  0.00259904   0.215702 0.00583048  0.0114677 -0.0355442   0.177635   -9.80733 
             102.701 -0.234709    2.7489  -0.31814 -0.0311966  -0.038399 -0.0284013 -0.0119109     1.0767  0.0252601 -0.00966798  -0.0234729   0.0452794 -0.00462828  0.00391181  -0.0105251   0.0106585 -0.00781388  0.00257902   0.215778 0.00574705  0.0112817 -0.0355591   0.177638   -9.80733 
             102.801 -0.577034   2.83614 -0.293894 -0.0239314 -0.0350197 -0.0288958 -0.0118436    1.07649  0.0252774 -0.00966804  -0.0234743   0.0452807   0.0196573   0.0232318 -0.00714175   0.0108565 -0.00786622  0.00256518   0.215478 0.00560458  0.0112184 -0.0355306   0.177651   -9.80733 
             102.901 -0.682703    2.4473 -0.307355 -0.0173931 -0.0378736 -0.0108799 -0.0118421    1.07619  0.0251544 -0.00966658  -0.0234774   0.0452779 0.0221329 0.0208202 0.0118781   0.0109123 -0.00764954  0.00257249   0.215223 0.00575799  0.0106178 -0.0355183   0.177635   -9.80733 
             103.001 -0.440966   2.42918 -0.380848 -0.0120009 -0.0352679 0.00268486 -0.0117498    1.07597  0.0251705  -0.009666 -0.0234778  0.0452762 0.0268074 0.0234731 0.0242863   0.0107734 -0.00764069   0.0026131    0.21505 0.00560245  0.0102093 -0.0355073   0.177648   -9.80733 
             103.101 -0.462188   2.80185 -0.334151  -0.0142805   -0.032096 -0.00791734 -0.0118227    1.07625  0.0252062 -0.00966482  -0.0234773   0.0452761 0.0312964 0.0356335 0.0110406  0.0107814 -0.0078507 0.00258436   0.215351 0.00571065  0.0106531 -0.0355358   0.177632   -9.80733 
             103.201 -0.0288687    2.75921   -0.39077  -0.0102591  -0.0289314 -0.00655669 -0.0118064    1.07622  0.0252421 -0.0096647  -0.023478  0.0452764 0.0386792 0.0328606  0.011048   0.0105392 -0.00782624  0.00261646   0.215319 0.00568562  0.0106579 -0.0355346   0.177632   -9.80733 
             103.301 -0.0253712    2.61532  -0.444308 -0.00603323  -0.0288331 -0.00108434 -0.0118833    1.07618  0.0251811 -0.00966372  -0.0234776   0.0452806 0.0407107   0.02637 0.0156567    0.010539 -0.00774915  0.00264573  0.215293 0.0058568 0.0105283 -0.0355306   0.177624   -9.80733 
             103.401 0.109576  2.76156 -0.30273 -0.0119704 -0.0253014 0.00797367 -0.0118614    1.07643  0.0252542 -0.00966407  -0.0234747   0.0452781 0.0291698 0.0230694 0.0247618   0.0104679 -0.00783035   0.0025685   0.215738 0.00575675  0.0102992 -0.0355651   0.177642   -9.80733 
             103.501   0.01539   2.13918 -0.454103 -0.0154886 -0.0339179 0.00987358 -0.0122023    1.07657  0.0249576 -0.00966156  -0.0234777   0.0452854 0.00696324 0.00124946  0.0207822   0.0105144 -0.00750236  0.00264661  0.215941 0.0064714 0.0104049 -0.0356037   0.177578   -9.80733 
             103.604 -0.0128482    2.01015   -0.41837 -0.0197206  -0.039801 0.00988697 -0.0123776    1.07669  0.0248133 -0.00966315  -0.0234787   0.0452857 -0.00755179  -0.0122535   0.0165088    0.010527 -0.00743255  0.00262717   0.216128 0.00687228  0.0105288 -0.0356383   0.177536   -9.80733 
             103.704 -0.0377898    2.02979  -0.331056 -0.0178136 -0.0436919  0.0175892 -0.0124495     1.0766   0.024771 -0.00966303  -0.0234789   0.0452828 -0.00783648  -0.0195274   0.0227652   0.0105419 -0.00744628  0.00257473   0.216014 0.00699671  0.0103137 -0.0356172    0.17754   -9.80733 
             103.801 0.0294436   2.22378 -0.407656 -0.0199362 -0.0387705  0.0338746 -0.0122764    1.07664  0.0249037 -0.00966201  -0.0234776   0.0452847   -0.010062 -0.00831957   0.0404314   0.0105071 -0.00755759  0.00261851    0.21615  0.0064635 0.00976036 -0.0355829    0.17762   -9.80733 
             103.901  0.281186   1.73236 -0.334417 -0.0275803 -0.0359215  0.0418887 -0.0121957    1.07675   0.024995 -0.0096604 -0.0234763  0.0452852  -0.0384885 -0.00844222   0.0441719   0.0103672 -0.00727741  0.00257727   0.216372 0.00618066 0.00961534 -0.03559 0.177654 -9.80733 
             104.002 -0.144213   2.41164  -0.25322 -0.0237751 -0.0359484  0.0552143 -0.0122002    1.07659  0.0248858 -0.00966351  -0.0234801   0.0452933 -0.0157293 -0.0016294  0.0552446   0.0106134 -0.00766452  0.00253025   0.216153 0.00611272 0.00925824 -0.0355503    0.17768   -9.80733 
             104.101 0.0592392   2.25649 -0.278151 -0.0225966 -0.0364656  0.0675332 -0.0121881    1.07648  0.0248915 -0.00966342  -0.0234803   0.0452956  -0.0139048 -0.00601297   0.0636463   0.0104973 -0.00757826   0.0025427   0.216021 0.00605972 0.00901814 -0.0355251   0.177697   -9.80733 
             104.201  0.583864   3.09919 -0.289899 -0.0193278 -0.0303285  0.0739121 -0.0119795    1.07641  0.0250332 -0.00966429  -0.0234803   0.0452882   0.0161947 -0.00531638   0.0635622   0.0102122 -0.00804106   0.0025534   0.215914 0.00548323 0.00897202 -0.0355059   0.177747   -9.80733 
             104.301   0.59037   2.56156 -0.282673 -0.0204166  -0.030206  0.0377365 -0.0120665    1.07663  0.0249123 -0.00966066   -0.023487   0.0452883  0.0140626 -0.0034781   0.016185   0.0102044 -0.00773769   0.0025476   0.215924 0.00574396  0.0104194 -0.0355494   0.177668   -9.80733 
             104.401  0.448128   2.58803 -0.315477 -0.0213322 -0.0300284  0.0292044 -0.0120896    1.07674  0.0249039 -0.00965965  -0.0234874   0.0452885   0.0169843 -0.00603271   0.0044928     0.01028 -0.00775335  0.00256445    0.21604 0.00578902  0.0107683 -0.035571  0.177654  -9.80733 
             104.501  0.385949   2.61841 -0.315357 -0.0216547  -0.030615  0.0230942  -0.01212   1.07683 0.0248956 -0.00965883  -0.0234873   0.0452884   0.0201233  -0.0102164 -0.00273556   0.0103126 -0.00777033  0.00256321   0.216148 0.00583267  0.0110049 -0.0355885   0.177647   -9.80733 
             104.601   1.31481   1.97839 -0.329396  -0.019274 -0.0355901  0.0291258 -0.0121205    1.07675  0.0247644 -0.00966002  -0.0234881   0.0452938 0.00767448 -0.0466466 0.00224606  0.00977869 -0.00740573  0.00256767   0.216031 0.00587428  0.0108171 -0.0355706   0.177649   -9.80733 
             104.701 -0.0188274    2.34543  -0.355805 -0.0099197 -0.0415745  0.0383548 -0.0121342    1.07652   0.024889 -0.00966084  -0.0234984   0.0452874  0.0253639 -0.0383767    0.01482   0.0105212 -0.00760537   0.0025861   0.215703 0.00604853  0.0104268 -0.0355264    0.17762   -9.80733 
             104.801 -0.446881   2.37278 -0.342703 -0.0131722 -0.0413692  0.0434091 -0.0120236    1.07662  0.0249583 -0.00966085   -0.023501   0.0452995  0.0146007 -0.0195151  0.0193797   0.0107117 -0.00761216  0.00257259   0.215949 0.00585006  0.0102983 -0.0355478   0.177623   -9.80733 
             104.901 -0.256369   2.03648 -0.413157 -0.0167011 -0.0410135  0.0646964 -0.0117712    1.07659  0.0250561 -0.00965874  -0.0235087   0.0453094 -0.00616897  -0.0152522   0.0424751   0.0106075 -0.00742987  0.00261551   0.216093 0.00555334  0.0096101 -0.0355462   0.177601   -9.80733 
             105.001  0.394708   2.01537 -0.374182 -0.0198346 -0.0382774  0.0770273 -0.0115322    1.07659  0.0251748 -0.00965735  -0.0235103   0.0453036 -0.0172455 -0.0198931  0.0522081   0.0102582 -0.00741538  0.00259411   0.216176 0.00511695 0.00932207 -0.0355467   0.177612   -9.80733 
             105.101  0.632931   2.32107 -0.313357 -0.0206533  -0.035765   0.090378 -0.0112861    1.07653  0.0252314 -0.00965511  -0.0235103   0.0452918 -0.0129165 -0.0227127  0.0602401   0.0101301 -0.00758082  0.00255987    0.21614 0.00471224 0.00901517 -0.0355346   0.177618   -9.80733 
             105.201 0.530012   2.4773 -0.28758 -0.0145581 -0.0330443  0.0725593 -0.0114054    1.07646  0.0252723 -0.00965092  -0.0235118    0.045291 0.00769396 -0.0127394  0.0342372   0.0101858 -0.00766619  0.00254322   0.215838 0.00455532 0.00978843 -0.0355101   0.177685   -9.80733 
             105.301  0.433021   2.69859 -0.318086 -0.0110227 -0.0311892  0.0677583 -0.0114045    1.07645  0.0253289 -0.00964969  -0.0235115    0.045293   0.0231494 -0.00978508   0.0265342   0.0102404 -0.00778542  0.00256306   0.215756 0.00440795  0.0100443 -0.0355016   0.177714   -9.80733 
             105.401   0.57374   2.21379 -0.277257 -0.0132358 -0.0334847  0.0322902 -0.0119504    1.07679  0.0251344 -0.00965456  -0.0235123   0.0452969  0.0141593 -0.0160048 -0.0164926   0.0101699 -0.00751798  0.00254107  0.215982 0.0047925 0.0113458 -0.0355297   0.177803   -9.80732 
             105.501  -0.12109   2.29146 -0.380906 -0.0116303 -0.0328242  0.0299468 -0.0119173    1.07679  0.0251681 -0.00965556   -0.023514   0.0453023   0.0139719 -0.00229776  -0.0169051   0.0105546 -0.00755987  0.00259662   0.215985 0.00472652  0.0113413 -0.0355297   0.177805   -9.80732 
             105.701  0.351659    2.3628 -0.393694 -0.00753789  -0.0366667   0.0404837 -0.0117321    1.07669  0.0252076 -0.00965576  -0.0235147   0.0453048   0.0177328  -0.0248624 -0.00608913   0.0102946 -0.00759719  0.00260485   0.215924 0.00462957  0.0109079 -0.035522  0.177768  -9.80732 
             105.801 -0.0132154    2.46568  -0.467321 -0.0109022 -0.0400884  0.0405397 -0.0117872    1.07683  0.0252149 -0.00965541  -0.0235156   0.0453025     0.01257  -0.0214901 -0.00683299   0.0104932 -0.00765504  0.00264369   0.216188 0.00476221  0.0109031 -0.0355485   0.177756   -9.80732 
             105.901 0.0120341   2.59668 -0.371268 -0.0129423 -0.0386962  0.0490963 -0.0115826    1.07686  0.0253299 -0.00965561  -0.0235166   0.0453024  0.0114362 -0.0171286 0.00308658   0.0104817 -0.00772862  0.00259065   0.216342 0.00445531  0.0105934 -0.0355605   0.177747   -9.80732 
             106.004  0.274282   2.68158 -0.544289 -0.0155666 -0.0423277  0.0389731 -0.0117685    1.07701  0.0253602 -0.00965349  -0.0235177   0.0453032   0.0126134  -0.0259893 -0.00982434   0.0103318 -0.00777498  0.00268657   0.21657 0.0046315 0.0109535 -0.035587  0.177771  -9.80732 
             106.101 -0.0714319    2.34851  -0.358435 -0.0109183  -0.038418  0.0183021 -0.0118661    1.07696  0.0253164 -0.00965365  -0.0235111   0.0453159   0.0180918 -0.00407726  -0.0293708   0.0105064 -0.00761106  0.00260111   0.216428 0.00446647  0.0115526 -0.0355744    0.17784   -9.80732 
             106.201 -0.246627   2.33027 -0.341907 -0.0107005 -0.0341398 0.00238432 -0.0119828    1.07707  0.0253736 -0.00965139  -0.0235096   0.0453137  0.0178694  0.0166044 -0.0435606   0.0106006 -0.00760192   0.0025934   0.216516 0.00435174  0.0119634 -0.0355813   0.177891   -9.80732 
             106.303  0.106908   1.90985 -0.430653 -0.0172081 -0.0364223  0.0293256 -0.0116651      1.077  0.0255163 -0.00964397  -0.0235066   0.0453324 -0.0125881 -0.0054615 -0.0119604   0.0104095 -0.00737221  0.00264354  0.216774 0.0042715 0.0109729 -0.0355994   0.177812   -9.80732 
             106.401  0.273813    1.6793 -0.394327 -0.0226692 -0.0379193  0.0476438 -0.0114382    1.07697  0.0255918 -0.00963845  -0.0235033    0.045337 -0.0355879 -0.0189616 0.00926605   0.0103276 -0.00724364  0.00262534   0.216882 0.00413752  0.0103393 -0.0355994   0.177773   -9.80732 
             106.501  0.483457   1.75004 -0.354566 -0.0256255 -0.0400353  0.0676353 -0.0111958    1.07686  0.0255778 -0.00963426   -0.023499   0.0453344 -0.0458611 -0.0330882  0.0315746   0.0102164 -0.00728571  0.00260303   0.216809 0.00393768 0.00970262 -0.0355807   0.177742   -9.80732 
             106.601  0.538863   2.01759 -0.386174 -0.0273293 -0.0417291  0.0705086 -0.0111385    1.07681  0.0255739  -0.009634 -0.0234986  0.0453346 -0.0408748 -0.0380401  0.0332917  0.0101843 -0.0074317 0.00261874   0.216702 0.00379637 0.00969824 -0.0355659   0.177752   -9.80732 
             106.701  0.556075   2.12705 -0.376615 -0.0285991 -0.0428652  0.0725745 -0.0110585    1.07675  0.0256046 -0.00963378  -0.0234982   0.0453371 -0.0378286 -0.0399271  0.0325628    0.010174 -0.00749136  0.00261202   0.216582 0.00359967 0.00972239 -0.0355486   0.177767   -9.80732 
             106.801  0.640734   1.99463 -0.363365  -0.028031 -0.0424828  0.0838741 -0.0107841    1.07657  0.0256946 -0.00963368  -0.0234957   0.0453389 -0.0366857 -0.0417037  0.0414089   0.0101299 -0.00741795   0.0026059   0.216359 0.00318411 0.00939775 -0.0355259   0.177776   -9.80732 
             106.901  0.739002   1.89846 -0.362839 -0.0266963 -0.0420562  0.0946099 -0.0105085    1.07637   0.025798 -0.00963375  -0.0234935   0.0453402 -0.0348006 -0.0451947  0.0490837  0.0100748 -0.0073643 0.00260494    0.21611  0.0027559 0.00912049 -0.0355041   0.177787   -9.80732 
             107.001 0.841867  1.80168 -0.35885 -0.0258239   -0.04151   0.105607 -0.0102285    1.07617  0.0259237 -0.00963381  -0.0234916   0.0453408 -0.0358881 -0.0484519  0.0560412   0.0100189 -0.00730947  0.00260175   0.215888 0.00229125 0.00886254 -0.0354877   0.177801   -9.80732 
             107.101  0.792124    2.1717 -0.326146 -0.0207092 -0.0394407   0.113534 -0.00995318     1.07592    0.026036 -0.00963379  -0.0234909   0.0453535 -0.0183625  -0.043858  0.0617368  0.0100473 -0.0075155 0.00258737   0.215532 0.00174108 0.00872701 -0.0354556    0.17783   -9.80732 
             107.201  0.882913   2.07399 -0.315613 -0.0163718 -0.0393624   0.119783 -0.00978381     1.07572    0.026135 -0.00963391  -0.0234908   0.0453579 -0.0112736 -0.0476251  0.0636261   0.0100026 -0.00746457  0.00258205   0.215216 0.00135961 0.00869346 -0.0354236   0.177857   -9.80732 
             107.301  0.932908   1.99239 -0.335944 -0.0131894 -0.0395247   0.125113 -0.00963421     1.07559    0.026256 -0.00963496  -0.0234906   0.0453598 -0.00894334  -0.0516413   0.0635963 0.00997847 -0.0074206 0.00259687    0.214983 0.000978042  0.00870603 -0.0353976   0.177888   -9.80732 
             107.401  0.962883   1.90936 -0.354377 -0.0110383 -0.0395309   0.128428 -0.0094923    1.07551  0.0263914 -0.00963643  -0.0234905    0.045361 -0.00980016  -0.0537755   0.0605529  0.00996115 -0.00737402  0.00260649    0.214811 0.000576891  0.00878558 -0.0353728   0.177928   -9.80732 
             107.501  0.995517   1.87241 -0.362722 -0.00972884  -0.0398311    0.131456 -0.00935842     1.07545    0.026511 -0.00963742  -0.0234905    0.045362 -0.0119037 -0.0556841  0.0583261  0.00994972 -0.00735456  0.00260805    0.214677 0.000187884  0.00886848 -0.0353514   0.177967   -9.80732 
             107.601   1.01488   1.84289 -0.369807 -0.0091303 -0.0400315   0.133513 -0.00923321     1.07541   0.0266278 -0.00963799  -0.0234907   0.0453632 -0.0148158 -0.0571365  0.0557122  0.00993931 -0.00733851  0.00261181     0.214568 -0.000209382   0.00897812 -0.0353286   0.178011   -9.80732 
             107.701  1.03557  1.83659 -0.37166 -0.00888706  -0.0403452    0.135315 -0.00910556     1.07539   0.0267411 -0.0096382 -0.0234907   0.045365 -0.0181735 -0.0582018  0.0537732  0.00993195 -0.00734055  0.00261073     0.214467 -0.000603351   0.00908681 -0.0353052   0.178056   -9.80732 
             107.801   1.04634   1.83225 -0.373304 -0.00908394  -0.0405532    0.136282 -0.00898145     1.07538   0.0268532 -0.00963793  -0.0234909   0.0453666 -0.0219243 -0.0592132  0.0500452  0.00992706 -0.00733733  0.00261132    0.214372 -0.00100494  0.00921551 -0.0352779   0.178105   -9.80732 
             107.901   1.0446  1.81296 -0.37444 -0.00963563   -0.040401    0.135759 -0.00886601     1.07539   0.0269722 -0.00963739  -0.0234909   0.0453681 -0.0257111  -0.058459  0.0434899 0.00992849 -0.0073263 0.00261186    0.214277 -0.00141921  0.00937731 -0.0352442   0.178163   -9.80732 
             108.001   1.04881   1.82793 -0.368953 -0.0101262 -0.0405797   0.135411 -0.00875272     1.07538   0.0270939 -0.00963653   -0.023491   0.0453693 -0.0270698 -0.0610595  0.0393983  0.00992713 -0.00733586  0.00260591    0.214169 -0.00181666  0.00951389 -0.0352106   0.178217   -9.80732 
             108.101   1.03907   1.82176 -0.368799 -0.0107052  -0.040615    0.13393 -0.00865879     1.07539    0.027217 -0.00963572   -0.023491   0.0453706 -0.0290081 -0.0616449  0.0329086   0.009938 -0.0073331  0.0026083    0.214055 -0.00222746  0.00967034 -0.0351717   0.178278   -9.80732 
             108.201 1.02044 1.81148 -0.3674 -0.0114101 -0.0404817   0.131536 -0.00858768      1.0754   0.0273315 -0.00963479   -0.023491   0.0453712 -0.0319144 -0.0600062  0.0258123  0.00995122 -0.00732625  0.00260816   0.213934 -0.0026446 0.00983567 -0.0351293   0.178345   -9.80732 
             108.301  1.00307  1.81754 -0.36368 -0.0120777 -0.0403446   0.128992 -0.00852445      1.0754   0.0274355 -0.00963404   -0.023491   0.0453721 -0.0351734 -0.0587343  0.0189529  0.00996224 -0.00733123  0.00260763      0.2138 -0.00305711   0.0099782 -0.0350878   0.178409   -9.80731 
             108.401  0.985101   1.83121 -0.360455 -0.0128135 -0.0402812    0.12644 -0.0084751    1.07539  0.0275387 -0.00963347  -0.0234909   0.0453732 -0.0363949  -0.057903  0.0133385  0.00997343 -0.00733959  0.00260593    0.213652 -0.00346724   0.0100978 -0.0350477    0.17847   -9.80731 
             108.501 0.96717 1.84822 -0.3567 -0.0133841 -0.0402708   0.124086 -0.00843579     1.07538   0.0276569 -0.00963307  -0.0234908   0.0453744 -0.0373686 -0.0575074  0.0103757  0.00998847 -0.00734928  0.00260344    0.21349 -0.0038768  0.0101953 -0.035009  0.178528  -9.80731 
             108.601  0.948748   1.87001 -0.354134 -0.0140038 -0.0403308   0.121868 -0.00839059     1.07535   0.0277819 -0.00963284  -0.0234907   0.0453754 -0.0371679 -0.0558925 0.00650871  0.0100018 -0.0073625 0.00260324    0.213325 -0.00428585   0.0102728 -0.0349731   0.178581   -9.80731 
             108.701  0.939081   1.90126 -0.350198 -0.0141409 -0.0405873    0.12048 -0.00831951     1.07529   0.0279137 -0.0096327 -0.0234907  0.0453763 -0.0355202  -0.055694 0.00491561   0.0100091 -0.00737751  0.00259932    0.213134 -0.00469063   0.0103115 -0.0349414   0.178622   -9.80731 
             108.802  0.926482   1.91771 -0.350832 -0.0142536  -0.040894   0.119358 -0.00823412     1.07523   0.0280512 -0.00963277  -0.0234907   0.0453768 -0.0350278 -0.0566208 0.00622675   0.0100149 -0.00738268  0.00260064    0.212941 -0.00510455   0.0103401 -0.0349115   0.178662   -9.80731 
             108.901  0.916101    1.9238 -0.351564 -0.0140648 -0.0408923   0.118361 -0.00812394     1.07515   0.0281967 -0.00963295  -0.0234906    0.045377 -0.0321479  -0.055026 0.00375392    0.010025 -0.00738708  0.00260165    0.212746 -0.00552947   0.0103617 -0.0348834   0.178699   -9.80731 
             109.001  0.851674   1.68406 -0.318346 -0.0141697 -0.0391063  0.0822498 -0.00912354      1.0758   0.0281569 -0.00963562  -0.0234874   0.0453757 -0.0342806   -0.03957  -0.034977   0.0100576 -0.00724869   0.0025797    0.212678 -0.00549884   0.0116186 -0.0346641   0.179099    -9.8073 
             109.105  0.996679   1.81991 -0.337671 -0.0182495 -0.0383354  0.0420579 -0.0101627    1.07657  0.0281181 -0.00963575  -0.0234873   0.0453729  -0.035508 -0.0363616 -0.0751782  0.00997183 -0.00732509  0.00259008   0.212867 -0.0053437  0.0128859 -0.0344697    0.17949    -9.8073 
             109.201  0.833034   1.94077 -0.356588 -0.0156876 -0.0368962  0.0122683 -0.0107413    1.07689  0.0281271 -0.00963476  -0.0234848   0.0453764 -0.0253632 -0.0291152 -0.0977151   0.0100662 -0.00739318  0.00260212    0.212681 -0.00533872   0.0136594 -0.0343213   0.179735   -9.80729 
             109.401  -0.13922   2.12363 -0.406008  -0.0224674  -0.0437748 -0.00782518 -0.0108666    1.07695  0.0280349 -0.00963488  -0.0234897   0.0453638 -0.0315552 -0.0166312 -0.0992173   0.0106181 -0.00750016  0.00263186    0.212762 -0.00504673   0.0136493 -0.0343324   0.179714   -9.80729 
             109.501 -0.411829   2.17949 -0.407619 -0.0250757 -0.0475416 -0.0103246 -0.0107335    1.07679  0.0280017 -0.00963552  -0.0234928   0.0453608 -0.0324682 -0.0113066 -0.0924271    0.010762 -0.00752617  0.00263064    0.212706 -0.00495037    0.013388 -0.034371  0.179633  -9.80729 
             109.607 -0.498101   2.21074 -0.402559 -0.0274059 -0.0488731 -0.0145974 -0.0105969    1.07664  0.0280069 -0.0096361 -0.0234949  0.0453616  -0.0341302 -0.00263041  -0.0891757   0.0108155 -0.00754419  0.00262963    0.212625 -0.00498376    0.013184 -0.0343954   0.179583    -9.8073 
             109.701 -0.557928    2.2517 -0.402896 -0.0279534 -0.0487984 -0.0167192 -0.0104517    1.07646  0.0280127 -0.00963667  -0.0234968   0.0453626 -0.0312407 0.00679817 -0.0806304   0.0108484 -0.00756361  0.00262907    0.212476 -0.00505078   0.0129616 -0.0344142   0.179536    -9.8073 
             109.801 -0.590255   2.28082 -0.418561 -0.0270846 -0.0486582 -0.0191889 -0.0103502    1.07627  0.0279904 -0.0096371  -0.023498  0.0453643   -0.02607  0.0154066 -0.0761951   0.0108699 -0.00757866  0.00263782    0.212274 -0.00505208   0.0127624 -0.0344236   0.179497    -9.8073 
             109.901 -0.613535     2.289 -0.425129 -0.0260623  -0.048022 -0.0205594 -0.0102602    1.07609  0.0279689 -0.00963744  -0.0234988   0.0453661   -0.02043  0.0227472 -0.0692566   0.0108816 -0.00758389  0.00264232    0.212086 -0.00504451   0.0125453 -0.0344353   0.179459    -9.8073 
             110.001 -0.618285   2.28513 -0.428912 -0.0249826 -0.0470696 -0.0205853 -0.0101867    1.07591  0.0279445 -0.0096377 -0.0234994   0.045368 -0.0161429    0.02945 -0.0623773   0.0108837 -0.00758319  0.00264284    0.211917 -0.00501665   0.0123107 -0.0344491   0.179426    -9.8073 
             110.101 -0.607326   2.27399 -0.429898 -0.0239873 -0.0460043 -0.0193081 -0.010137   1.07574  0.027917 -0.00963787  -0.0234997   0.0453699 -0.0132414  0.0339706 -0.0545362   0.0108747 -0.00757796  0.00264607    0.211767 -0.00496206   0.0120641 -0.0344643   0.179396    -9.8073 
             110.201 -0.566085   2.25171 -0.410437 -0.0245217 -0.0442164 -0.0158964 -0.0100987    1.07559  0.0279072 -0.00963802  -0.0234995   0.0453709 -0.0129745   0.037686 -0.0479912   0.0108506 -0.00756604  0.00263423    0.211687 -0.00493892    0.011779 -0.0344872   0.179375    -9.8073 
             110.301 -0.511439   2.24118 -0.396762 -0.0248002 -0.0428414 -0.0118889 -0.0100983    1.07545  0.0278876 -0.00963817   -0.023499   0.0453718 -0.0138927  0.0383696 -0.0388984   0.0108193 -0.00756088  0.00262944    0.211599 -0.00486618   0.0115033 -0.0345064    0.17936    -9.8073 
             110.401 -0.459266   2.23245 -0.388813  -0.0249505  -0.0418274 -0.00740436 -0.0101277    1.07532  0.0278664 -0.00963824  -0.0234984   0.0453724 -0.0134987  0.0389025   -0.02989  0.0107906 -0.0075554 0.00262471    0.211506 -0.00475547    0.011246 -0.0345215   0.179351    -9.8073 
             111.801 -0.409189   2.22456 -0.388301 -0.0495927  0.0774701 -0.0319121 -0.0101882     1.0752  0.0278399 -0.00963817  -0.0234977   0.0453723 -0.0251628   0.148704 -0.0179822   0.0107632 -0.00755058  0.00262487    0.211394 -0.00460106    0.011015 -0.0345311   0.179346    -9.8073 
             111.901 0.493802  1.70319 -0.51458  -0.011734 -0.0438787  0.0505339 -0.0109568    1.07477  0.0278735 -0.00963643  -0.0234895   0.0453692 -0.0117139 -0.0454642  0.0330111  0.0102747 -0.0072719  0.0026908    0.211144 -0.00440204  0.00941801 -0.0345539   0.179607   -9.80729 
             112.001 -0.161381   1.58727 -0.457196 -0.0162789 -0.0441812  0.0329917 -0.0107557    1.07479   0.028031 -0.00963809  -0.0234914   0.0453734 -0.0311807  -0.013993  0.0201642   0.0106343 -0.00720731  0.00265962    0.211144 -0.00436154  0.00980823 -0.0345488   0.179529    -9.8073 
             112.101 -0.231634   1.93383 -0.399296 -0.0137493  -0.037072  0.0266741 -0.0106267     1.0748  0.0280972 -0.00963761  -0.0234923   0.0453771 -0.0167177  0.0207936  0.0163228   0.0106636 -0.00740105  0.00262329     0.21114 -0.00441973  0.00999216 -0.0345466   0.179488    -9.8073 
             112.201 -0.186716   2.11682 -0.400354 -0.0068257 -0.0332771  0.0666459 -0.0109524    1.07461  0.0281166 -0.00963798  -0.0234929   0.0453797 -0.00143563   0.0173469   0.0437844   0.0106449 -0.00750108  0.00262431    0.211088 -0.00447558   0.0091893 -0.0345693   0.179626   -9.80729 
             112.301  0.514906   1.57319 -0.399045 -0.00804385   -0.034091   0.0935778 -0.0111585     1.0745  0.0280911 -0.0096367  -0.023491   0.045386  -0.0253277 -0.00728088   0.0598224   0.0102523 -0.00719561  0.00261953    0.211081 -0.00445917  0.00873618 -0.0345853   0.179704   -9.80729 
             112.401  0.345987   1.92776 -0.353218 -0.00834814  -0.0285112    0.019419 -0.0103316    1.07489  0.0280637 -0.00963647  -0.0234983   0.0453848 -0.00924507    0.025119 8.74007e-05   0.0103323 -0.00738978  0.00259617    0.211056 -0.00459806   0.0105841 -0.0345001   0.179407    -9.8073 
             112.601  0.638185   1.91182 -0.408905 -0.00964029  -0.0294253   0.0238964 -0.0104043    1.07486  0.0280582 -0.00963606  -0.0234978   0.0453871  -0.0178012 -0.00495544  0.00185684   0.0101692 -0.00737918  0.00262586    0.211036 -0.00450867   0.0105019 -0.0345042   0.179416    -9.8073 
             112.702   1.23203   2.29652 -0.304979 -0.0142684 -0.0372871  0.0206674 -0.0104769    1.07497  0.0279702 -0.00963651  -0.0234986   0.0453903  -0.0155266  -0.0468098 -0.00367062  0.00983817 -0.00759346   0.0025682    0.211147 -0.00426453    0.010648 -0.0345045   0.179389    -9.8073 
             112.802 0.00294378    2.96617  -0.396548 -0.0239578 -0.0350303 -0.0348053 -0.0100522    1.07566  0.0276806 -0.00962506  -0.0234922   0.0453956 -0.000966375  -0.00768967   -0.0517505    0.010515 -0.00796584   0.0026193     0.21149 -0.00421949   0.0121968 -0.0344121    0.17923    -9.8073 
             112.908 -0.112196    3.0337 -0.408203 -0.0245925   -0.03631 -0.0469434 -0.0100519    1.07574  0.0276359 -0.00962332  -0.0234911   0.0453913   0.0111536 -0.00312744  -0.0588194   0.0105799 -0.00800119   0.0026238   0.211539 -0.0041355  0.0124072 -0.0344012   0.179211    -9.8073 
             113.001 -0.180372   2.62678 -0.324588 -0.0270213 -0.0383327 -0.0438528 -0.0101178    1.07574  0.0276025 -0.00962268  -0.0234919   0.0453938  0.00219934 -0.00298456  -0.0503815    0.010621 -0.00777141  0.00257603   0.211664 -0.0040283  0.0121392 -0.0344297   0.179214    -9.8073 
             113.101 -0.603172    2.4546 -0.210135 -0.0261601 -0.0348112 -0.0570683 -0.010051   1.07576 0.0276329 -0.00962251  -0.0234899   0.0453953 0.00528292  0.0217299 -0.0593235   0.0108533 -0.00767333  0.00251369    0.211616 -0.00414723   0.0124016 -0.0344112   0.179214    -9.8073 
             113.201 -0.553134   2.46756 -0.195007 -0.0208239 -0.0322165 -0.0691883 -0.0100459    1.07569  0.0275828 -0.00962334  -0.0234894   0.0453902  0.0178084   0.033458 -0.0660924   0.0108192 -0.00768524   0.0025064    0.211385 -0.00413242   0.0126063 -0.0343851    0.17921    -9.8073 
             113.301 -1.00335  2.59779 -0.41076  -0.015047 -0.0425478 -0.0373434 -0.0103975    1.07547  0.0274058 -0.00961017  -0.0235033   0.0453843 0.0255483 0.0159239 -0.023068    0.011068 -0.00775817  0.00262814   0.211273 -0.0033736  0.0112884 -0.0344089   0.179192    -9.8073 
             113.401  -0.28326   2.29768 -0.301124 -0.0178829 -0.0412211 -0.0170304 -0.0103815    1.07546  0.0275018 -0.00960719  -0.0235043   0.0453978 0.00984284 0.00893809 0.00161893   0.0106768 -0.00759356   0.0025725    0.211514 -0.00352187   0.0105351 -0.0344445   0.179211    -9.8073 
             113.501 0.000423559     2.14294   -0.282524 -0.0198794 -0.0406922  0.0043435 -0.0104001    1.07541  0.0275714 -0.00960291  -0.0235013   0.0454029  -0.0026549 0.000753564   0.0245876   0.0105174 -0.00750619  0.00256252    0.211638 -0.00363958  0.00980693 -0.0344615   0.179238    -9.8073 
             113.601  0.302211   2.46321 -0.327631 -0.0182072 -0.0364507 -0.0224855 -0.0102482    1.07548  0.0276265 -0.00960295  -0.0235094   0.0453921   0.0142328   0.0120618 -0.00849067   0.0103455 -0.00768444  0.00258893    0.211597 -0.00377376   0.0108235 -0.0344625   0.179203    -9.8073 
             113.701  0.118157   2.01231 -0.399934 -0.0169583 -0.0346103 -0.0198521 -0.0102584    1.07544  0.0276752 -0.00960226  -0.0235088   0.0453921  0.00301033   0.0144429 -0.00467727   0.0104452 -0.00743367  0.00262702    0.211522 -0.00382205   0.0106926 -0.0344554   0.179214    -9.8073 
             113.801  0.248331   2.14753 -0.379333 -0.0235785 -0.0346889 -0.0200954 -0.0102847    1.07561   0.027643 -0.00960243  -0.0235098   0.0453926  -0.0102281  0.00549752 -0.00545099   0.0103725 -0.00750789   0.0026147    0.211883 -0.00373025   0.0107213 -0.0344855   0.179202    -9.8073 
             113.901  0.174177   2.18987 -0.262191 -0.0224547 -0.0321876 -0.0336219 -0.0102185    1.07558  0.0276581 -0.00960234   -0.023511   0.0453958 -0.00591618   0.0126209  -0.0189609    0.010412 -0.00752912  0.00254904    0.211789 -0.00375656   0.0111683 -0.0344847   0.179183    -9.8073 
             114.001 -0.208437   2.28261 -0.377109 -0.0270266 -0.0374783 -0.0371961 -0.0103667    1.07572  0.0275659 -0.00960168  -0.0235129   0.0453786 -0.0123655 0.00630829 -0.0205005   0.0106189 -0.00757931  0.00261296    0.211997 -0.00325436   0.0112796 -0.0345051   0.179143    -9.8073 
             114.101 -0.576637   1.87739 -0.377949 -0.0339914 -0.0393076 -0.0276557 -0.01048  1.07579 0.027553 -0.00959908  -0.0235161   0.0453719  -0.0367633  0.00988104 -0.00885132   0.010827 -0.0073555 0.00261578    0.212191 -0.00310655   0.0108991 -0.0345166   0.179149    -9.8073 
             114.201 -0.375646   2.29571 -0.213102  -0.025966  -0.033614 -0.0293751 -0.0103985    1.07554  0.0276105 -0.00959569  -0.0235202   0.0453827 -0.0111118  0.0272473 -0.0106072   0.0107186 -0.00758936  0.00252346    0.211677 -0.00341926   0.0108731 -0.0344716   0.179177    -9.8073 
             114.302 -0.525767   2.54291 -0.401311 -0.0228146 -0.0361758 -0.0258722 -0.0105252    1.07548  0.0274958 -0.00959531  -0.0235204   0.0453818  0.00440814   0.0260365 -0.00611692   0.0107955 -0.00772403   0.0026266    0.211541 -0.00305901   0.0107195 -0.034461  0.179164   -9.8073 
             114.401 -0.340303   2.28401 -0.297457  -0.025067 -0.0348598 -0.0232786 -0.0105507    1.07552  0.0274739 -0.00959574  -0.0235202   0.0453836 -0.00468801   0.0287344 -0.00167948    0.010689 -0.00757491  0.00256831   0.211628 -0.0029903   0.010629 -0.034467  0.179163   -9.8073 
             114.501 -0.301934   2.43974 -0.220199 -0.0207854 -0.0307925 -0.0174966 -0.0105551     1.0754  0.0274797 -0.00959607  -0.0235212   0.0453846 0.00745481  0.0360452 0.00575244   0.0106701 -0.00766245  0.00252338  0.211415 -0.003104 0.0104151 -0.0344484   0.179187    -9.8073 
             114.601 -0.219395   2.75305 -0.384651 -0.0175152 -0.0347292 -0.0161149 -0.0107061    1.07541  0.0273477 -0.00959256  -0.0235208   0.0453926  0.0234251  0.0254003 0.00529456   0.0106176 -0.00783346    0.002613    0.211373 -0.00259143    0.010413 -0.0344415   0.179157    -9.8073 
             114.701 -0.252059   2.13676 -0.361422 -0.0201343  -0.033674 0.00373079 -0.010844    1.0754 0.0274181 -0.00958893  -0.0235207   0.0453988 0.00102782  0.0224708  0.0249982   0.0106352 -0.00748538  0.00260123    0.211498 -0.00261875   0.0097807 -0.0344445    0.17921    -9.8073 
             114.801 0.0178025   2.59348 -0.179677  -0.023379 -0.0300132 0.00741001 -0.0108269     1.0755  0.0274409 -0.00958807  -0.0235198   0.0453966 0.00585987  0.0238311    0.02481   0.0104929 -0.00773794  0.00250038    0.211728 -0.00274103  0.00974775 -0.0344631   0.179218    -9.8073 
             114.901 0.0613507   2.54022 -0.283467 -0.0169703 -0.0269679 0.00322835 -0.0107781    1.07539  0.0274844 -0.00958798  -0.0235204   0.0453965 0.0203868 0.0272301 0.0176975   0.0104678 -0.00770394   0.0025567   0.211452 -0.0027403  0.0099548 -0.0344454   0.179202    -9.8073 
             115.001  0.340785   2.56066 -0.276609 -0.0160383 -0.0248137 0.00908893 -0.0107952     1.0754  0.0274897 -0.00958805  -0.0235197   0.0453962 0.0223561 0.0175791 0.0220973   0.0103121 -0.00771479  0.00255327    0.211515 -0.00278812  0.00982637 -0.0344485   0.179216    -9.8073 
             115.101  0.049088   2.49012 -0.416582 -0.0135745 -0.0266735 0.00796952 -0.0108474    1.07543  0.0274171 -0.00958559  -0.0235208   0.0453942   0.02455 0.0127849 0.0194622   0.0104675 -0.00767375  0.00263034    0.211509 -0.00247518  0.00995195 -0.0344464   0.179184    -9.8073 
             115.201 0.0480854   2.24686 -0.307026 -0.0116339 -0.0291937 0.00277582 -0.0108614    1.07545  0.0273302 -0.00958654  -0.0235214   0.0453913  0.0200314 0.00587394  0.0120364   0.0104703 -0.00753962  0.00256862    0.211499 -0.00214928   0.0102046 -0.0344492   0.179139    -9.8073 
             115.301 -0.0263888    2.13682  -0.321801  -0.0103787  -0.0313427 5.75562e-05 -0.0108975    1.07548  0.0272836 -0.0095871 -0.0235216  0.0453886  0.0147946   0.003168 0.00771594   0.0105088 -0.00747496  0.00257593    0.211517 -0.00191456     0.01035 -0.0344531   0.179111    -9.8073 
             115.401 -0.285355   2.05297  -0.39566 -0.00949725  -0.0337474  0.00854142 -0.011024   1.07548 0.0272723 -0.00958549  -0.0235232   0.0453832 0.00746248 0.00335543  0.0160239   0.0106517 -0.00743045  0.00261479    0.211525 -0.00173339   0.0100904 -0.0344438   0.179121    -9.8073 
             115.501 -0.330925   1.98801 -0.411545 -0.00975716  -0.0356617   0.0156216  -0.01111   1.07549 0.0272523 -0.00958474  -0.0235239   0.0453809 -0.000580357    0.0032885     0.021765    0.010673 -0.00739276  0.00262362    0.211551 -0.00160617  0.00990904 -0.03444 0.179128  -9.8073 
             115.601 -0.314897   1.88004 -0.413426 -0.00853881  -0.0359249    0.020585 -0.0111396    1.07544  0.0272377 -0.00958436   -0.023524   0.0453803 -0.00668562  0.00713716   0.0248042   0.0106605 -0.00732906  0.00262318    0.211454 -0.00157378  0.00981163 -0.03443 0.179134  -9.8073 
             115.701 -0.297274   1.85534 -0.417852 -0.00872867  -0.0357201   0.0248468 -0.0111619    1.07542  0.0272293 -0.00958424  -0.0235241   0.0453804 -0.011989 0.0111631 0.0267448   0.0106497 -0.00731224   0.0026254    0.211413 -0.00154188  0.00975034 -0.034426  0.179137   -9.8073 
             115.801  -0.26314   1.83128 -0.414579 -0.00923785  -0.0350281   0.0283893 -0.0111751    1.07539   0.027221 -0.00958424  -0.0235242   0.0453809 -0.0182406  0.0149385  0.0289094  0.0106302 -0.0073045 0.00262468    0.211362 -0.00151382  0.00972298 -0.034422  0.179137   -9.8073 
             115.901 -0.223736   1.81796  -0.40668 -0.0100931 -0.0341262  0.0313447 -0.0111872    1.07536  0.0272116 -0.00958434  -0.0235243   0.0453816 -0.0248516  0.0184761  0.0296395  0.0106077 -0.0073007  0.0026196    0.211297 -0.00147176  0.00972168 -0.0344176   0.179135    -9.8073 
             116.001 -0.180151   1.81874 -0.398064 -0.0110529 -0.0331761  0.0337507 -0.0112001    1.07533  0.0271999 -0.00958449  -0.0235245   0.0453828 -0.0288868  0.0203298  0.0278976  0.0105836 -0.0073021 0.00261301    0.211217 -0.00141397  0.00973939 -0.0344122    0.17913    -9.8073 
             116.101 -0.139301   1.82257 -0.387159 -0.0119978 -0.0324051  0.0356125 -0.0112161    1.07529  0.0271856 -0.00958468  -0.0235247   0.0453844 -0.0327809  0.0208381  0.0261767   0.0105632 -0.00730489  0.00260791    0.211119 -0.00133485   0.0097721 -0.0344053   0.179122    -9.8073 
             116.201 -0.107807   1.82831 -0.378298  -0.012839 -0.0318021  0.0369864 -0.0112329    1.07525  0.0271691 -0.00958483   -0.023525    0.045386 -0.0348085  0.0214767  0.0255535   0.0105415 -0.00731093  0.00260138    0.211005 -0.00124006  0.00981674 -0.0343964   0.179113    -9.8073 
             116.301 -0.0778406    1.83972  -0.371628 -0.0135396 -0.0313197  0.0379913 -0.0112493     1.0752  0.0271517 -0.0095849 -0.0235253  0.0453874 -0.0354512  0.0208463  0.0235724  0.0105255 -0.0073191 0.00259602   0.210877 -0.0011347  0.0098688 -0.0343854   0.179101    -9.8073 
             116.406 -0.056929   1.84907 -0.364756 -0.0141982 -0.0309896  0.0386749 -0.0112669    1.07515  0.0271337 -0.0095849 -0.0235256  0.0453886 -0.036674 0.0195404 0.0202804   0.0105129 -0.00732419  0.00259249    0.210738 -0.00101706  0.00992747 -0.0343723   0.179089    -9.8073 
             116.508 -0.0413194    1.85736  -0.360174 -0.0145703 -0.0310619  0.0388605 -0.0112848    1.07511  0.0271175 -0.00958481  -0.0235258   0.0453894 -0.036631 0.0175042  0.018285   0.0105026 -0.00733082  0.00258857    0.210586 -0.00089056  0.00999085 -0.0343567   0.179075   -9.80731 
             116.608 -0.0347474    1.86387  -0.359008  -0.014735 -0.0311647  0.0388372 -0.0113003    1.07507  0.0271011 -0.00958464  -0.0235259   0.0453897 -0.0363483  0.0165459  0.0171057   0.0104998 -0.00733946  0.00258721    0.210427 -0.00076817    0.010056 -0.0343394   0.179062   -9.80731 
             116.701 -0.0331773    1.87285  -0.356699 -0.0145988 -0.0314982  0.0384598 -0.0113173    1.07502  0.0270844 -0.00958444   -0.023526   0.0453897 -0.0353783  0.0142087  0.0141257   0.0104955 -0.00734233  0.00258446     0.210269 -0.000647609    0.0101215 -0.0343212    0.17905   -9.80731 
             116.804 -0.0383773    1.87483  -0.357792 -0.0148296 -0.0316002  0.0380531 -0.0113337    1.07499  0.0270687 -0.00958423  -0.0235259   0.0453894 -0.0340262  0.0144416  0.0135224   0.0104974 -0.00734263  0.00258765     0.210116 -0.000536806     0.010185 -0.0343028   0.179039   -9.80731 
             116.901 -0.0420645    1.88079  -0.357704 -0.0146412 -0.0318231  0.0374329 -0.0113519    1.07494  0.0270537 -0.00958403  -0.0235258    0.045389 -0.0334521  0.0142009 0.00965345  0.0104991 -0.0073437 0.00258903     0.209957 -0.000426329    0.0102469 -0.0342836   0.179029   -9.80731 
             117.001 -0.0536754    1.87836  -0.360774  -0.014553 -0.0319698  0.0365234 -0.0113713     1.0749  0.0270411 -0.00958384  -0.0235257   0.0453886 -0.0330143  0.0133631 0.00692674   0.0105049 -0.00734323  0.00259062       0.2098 -0.000319985    0.0103061 -0.0342645   0.179019   -9.80731 
             117.101 -0.0640015    1.87784  -0.362295 -0.0145107 -0.0321742  0.0354397 -0.0113905    1.07486  0.0270297 -0.00958369  -0.0235256   0.0453881 -0.0333738  0.0124089 0.00265347   0.0105118 -0.00734534  0.00259191     0.209644 -0.000215196    0.0103584 -0.0342458   0.179011   -9.80731 
             117.201 -0.075606   1.88319 -0.363822 -0.0145035 -0.0323573  0.0343698 -0.0114077    1.07482  0.0270167 -0.00958357  -0.0235255   0.0453877 -0.0332912  0.0131246 0.00221538   0.0105206 -0.00734589  0.00259663     0.209488 -0.000114249    0.0104031 -0.0342278   0.179003   -9.80731 
             117.301 -0.0894223    1.88871  -0.365592 -0.0144931 -0.0324915  0.0332471 -0.0114235    1.07478   0.027002 -0.00958348  -0.0235254   0.0453874  -0.0330928   0.0139323 3.60417e-06   0.0105261 -0.00734545  0.00259851     0.209333 -1.73445e-05    0.0104411 -0.0342105   0.178996   -9.80731 
             117.401 -0.101089   1.89133 -0.367801 -0.0144345 -0.0326182  0.0323459 -0.0114383    1.07474  0.0269869 -0.00958342  -0.0235253   0.0453872  -0.0330253   0.0132455 0.000420824   0.0105309 -0.00734968  0.00259881     0.20918 7.41907e-05     0.01047 -0.0341945    0.17899   -9.80731 
             117.501 -0.112375   1.89338 -0.368346 -0.0143962 -0.0327218  0.0314968 -0.0114544     1.0747  0.0269707 -0.00958339  -0.0235253   0.0453871  -0.0319132   0.0138856 -0.00176803  0.0105362 -0.0073511 0.00260154    0.209031 0.000163032    0.010493 -0.0341797   0.178984   -9.80731 
             117.601 -0.123046   1.89111 -0.369579 -0.0142831 -0.0327444  0.0307425 -0.0114717    1.07465  0.0269541 -0.00958338  -0.0235253   0.0453871  -0.0317381   0.0147754 -0.00254689  0.0105414 -0.0073557 0.00259807    0.208884 0.000248773   0.0105093 -0.0341662   0.178979   -9.80731 
             117.702 -0.132234   1.89335 -0.370359 -0.0142715 -0.0327094  0.0300509 -0.0114908     1.0746  0.0269384 -0.00958339  -0.0235253   0.0453871  -0.0318938   0.0161227 -0.00299798   0.0105433 -0.00735743  0.00259785    0.20874 0.00033406  0.0105196 -0.0341541   0.178974   -9.80731 
             117.801 -0.138817   1.89498 -0.370764  -0.014216 -0.0326279  0.0293538 -0.0115117    1.07455  0.0269233 -0.0095834 -0.0235253  0.0453873  -0.0317614   0.0173298 -0.00577145   0.0105431 -0.00735879  0.00259316    0.208597 0.000421855   0.0105237 -0.0341431    0.17897   -9.80731 
             117.901 -0.142906   1.89796 -0.370591 -0.0143017 -0.0324988  0.0287185 -0.0115331    1.07449  0.0269099 -0.00958343  -0.0235254   0.0453874    -0.03261   0.0175754 -0.00578435   0.0105433 -0.00735821  0.00259117    0.208456 0.000513728    0.010521 -0.0341331   0.178965   -9.80731 
             118.001 0.0996983   2.36989 -0.364418 -0.0123991 -0.0334246  0.0281053 -0.0115616    1.07444  0.0269096 -0.00958359  -0.0235255   0.0453936  -0.0154765  0.00846062 -0.00629874   0.0104097 -0.00761291  0.00258566     0.2083 0.00062122  0.0105174 -0.0341218   0.178959   -9.80731 
             118.101  0.195297   1.82773 -0.338854 -0.0190393 -0.0367622  0.0480401 -0.0116783     1.0742  0.0268881 -0.0095835 -0.0235231  0.0453997  -0.0416169 -0.00776192   0.0157163    0.01036 -0.0073126 0.00257228    0.208359 0.000722196  0.00990194 -0.034214  0.178986  -9.80731 
             118.201   0.37773   2.18904 -0.201196 -0.0193073 -0.0321764  0.0486016 -0.0115999    1.07414  0.0269478 -0.00958012  -0.0235241   0.0453955  -0.0293798 -0.00244852   0.0162056   0.0102622 -0.00751008  0.00249687    0.208222 0.000356032  0.00989965 -0.0341999   0.179008   -9.80731 
             118.301 0.290792  2.32731 -0.36218 -0.0208727 -0.0343856  0.0503184 -0.0116202    1.07414  0.0269197 -0.00957978  -0.0235243   0.0453959   -0.024494 -0.00910006   0.0171695  0.0103082 -0.0075851 0.00259094     0.20819 0.000471483  0.00989804 -0.0341981   0.179001   -9.80731 
             118.501 -0.0661592    2.49027  -0.380403   -0.02874 -0.0394465  0.0567002 -0.0117013    1.07418  0.0268578 -0.00957931  -0.0235262   0.0453888 -0.0212278 -0.0102765  0.0159694   0.0105103 -0.00767528  0.00260247    0.208351 0.000691783  0.00981905 -0.0342194    0.17899   -9.80731 
             118.601  0.535984   2.38295 -0.112031 -0.0256509 -0.0314916  0.0377825 -0.011514   1.07426 0.0268876 -0.00957693   -0.023531    0.045379 -0.00815029 -0.00239007 -0.00468225   0.0102509 -0.00762671  0.00247574    0.208162 0.000228624   0.0103994 -0.0341482   0.179002   -9.80731 
             118.701  0.282605   2.45454 -0.301654 -0.0180029 -0.0311859  0.0299884 -0.0114946    1.07421  0.0268806 -0.00957716  -0.0235303   0.0453814  0.0108234  0.0007003 -0.0127425   0.0103836 -0.00767062  0.00257872    0.207853 0.000276616   0.0105868 -0.0341065   0.178996   -9.80731 
             118.801  0.133073   2.44085 -0.349799 -0.0123443  -0.031372  0.0248765 -0.0115061    1.07417  0.0268812 -0.00957698  -0.0235294   0.0453811  0.0210194 0.00216818 -0.0170363   0.0104599 -0.00766672  0.00260643    0.207675 0.000331976   0.0106859 -0.0340854   0.178994   -9.80731 
             118.901 0.0849021   1.90212 -0.428069 -0.0134936 -0.0363288  0.0284817  -0.01157   1.07417 0.0268588 -0.00957344  -0.0235304    0.045381 0.00248746 -0.0120065  -0.012283  0.0104803 -0.0073572 0.00264962    0.207743 0.000581012   0.0105553 -0.0340981    0.17898   -9.80731 
             119.001 -0.0509119     1.6875  -0.470668 -0.0151878 -0.0407992  0.0355306 -0.0115999    1.07414  0.0268973 -0.00957018  -0.0235314     0.04538  -0.0146426  -0.0171443 -0.00582349   0.0105563 -0.00723726  0.00267355    0.207773 0.000719248   0.0103143 -0.0341108   0.178971   -9.80731 
             119.101 -0.149555   1.59861 -0.466904 -0.0175976 -0.0435851  0.0346658 -0.0116217    1.07414  0.0269085 -0.00957023  -0.0235313   0.0453791  -0.0278286  -0.0151336 -0.00661984   0.0106098 -0.00718844  0.00267066    0.207783 0.000809151   0.0103322 -0.0341118   0.178966   -9.80731 
             119.201  0.282028   2.09481 -0.413819 -0.0197839 -0.0408174  0.0105417 -0.0116458    1.07427   0.026967 -0.00956705  -0.0235346   0.0453761  -0.0177293 -0.00864286  -0.0309427   0.0103593 -0.00746491  0.00264119    0.207873 0.000680615   0.0110776 -0.0340929   0.178984   -9.80731 
             119.301  0.251593   2.38071 -0.425371 -0.0215422 -0.0427909 0.00500769 -0.0116659    1.07429  0.0269461 -0.0095672 -0.0235347  0.0453764  -0.011731 -0.0141701  -0.033865    0.010371 -0.00762587  0.00264613     0.20792 0.000758405   0.0111595 -0.0340962    0.17898   -9.80731 
             119.701  0.199299   2.50822 -0.428364 -0.0222913 -0.0501303 -0.0102954 -0.0116749     1.0743  0.0269416 -0.00956689  -0.0235347   0.0453762 0.00801245 -0.0235293 -0.0341421   0.0104033 -0.00769537  0.00264816    0.207939 0.000777878   0.0112299 -0.0340959   0.178981   -9.80731 
             119.801 -0.435661     2.997 -0.454204 -0.0103566 -0.0393913 -0.0231771 -0.0115812    1.07426  0.0269938 -0.00956572  -0.0235343   0.0453818  0.0507384  0.0229924 -0.0430508   0.0107369 -0.00795973  0.00266536    0.207766 0.000515965    0.011453 -0.0340701   0.178994   -9.80731 
             119.901 -0.491269   3.01934 -0.478808 -0.00747471  -0.0374172  -0.0249089 -0.0115919    1.07429  0.0270017 -0.00956587  -0.0235346   0.0453815  0.0586599  0.0304979 -0.0417177   0.0107715 -0.00796948  0.00267643    0.207855 0.000541692    0.011382 -0.0340773   0.178993   -9.80731 
             120.001 -0.492052   3.00419 -0.493816 -0.00501568  -0.0360265  -0.0254776 -0.0116142    1.07434  0.0270073 -0.00956588  -0.0235348   0.0453834   0.063992  0.0345573 -0.0396386   0.0107671 -0.00796019  0.00268077    0.207978 0.000618082   0.0112819 -0.0340868   0.178989   -9.80731 
             120.101 -0.464374   2.98392  -0.50388 -0.0030961 -0.0351829 -0.0251589 -0.0116452    1.07439   0.027017 -0.00956584  -0.0235349   0.0453879  0.0658341  0.0335634 -0.0378803   0.0107529 -0.00794747  0.00268955    0.208143 0.000739925   0.0111591 -0.0340978   0.178984   -9.80731 
             120.201 -0.462525   2.93695 -0.508429 -0.00191231  -0.0347188  -0.0241942 -0.0116856    1.07446  0.0270358 -0.00956584   -0.023535    0.045394   0.063894  0.0343635 -0.0322017    0.010755 -0.00792111   0.0026939    0.208349 0.000907534   0.0110305 -0.0341108   0.178979   -9.80731 
             120.301 -0.461509   2.93196 -0.515986 -0.00183309  -0.0346873   -0.023071 -0.0117439    1.07455  0.0270598 -0.00956602   -0.023535   0.0454001  0.0606464  0.0333684 -0.0286832   0.0107534 -0.00791669  0.00269674    0.20861 0.00112197  0.0109155 -0.0341285   0.178974   -9.80731 
             120.401 -0.444979   2.94184 -0.518911 -0.00184077  -0.0348094  -0.0219131 -0.0118155    1.07464  0.0270732 -0.00956642  -0.0235351    0.045405  0.0595876  0.0312571 -0.0264809   0.0107456 -0.00791987  0.00270021   0.208887 0.00135476  0.0108165 -0.0341481   0.178971   -9.80731 
             120.504 -0.449107   2.92942 -0.516673 -0.00188174  -0.0347682  -0.0209604 -0.0119012    1.07475  0.0270774 -0.00956695  -0.0235351   0.0454084 0.0580634 0.0310682 -0.022791   0.0107473 -0.00791248  0.00269904   0.209182 0.00159202    0.01073 -0.0341693    0.17897   -9.80731 
             120.601 -0.42859  2.91153 -0.51665 -0.00167567  -0.0348236  -0.0194821 -0.0119866    1.07484  0.0270748 -0.00956738   -0.023535   0.0454107  0.0569481  0.0300906 -0.0184225   0.0107374 -0.00790023  0.00269792    0.20946 0.00182446  0.0106434 -0.0341885    0.17897   -9.80731 
             120.701 -0.417833   2.89987 -0.518469 -0.00118983  -0.0347268  -0.0181154 -0.0120776    1.07494  0.0270682 -0.00956772   -0.023535    0.045412   0.057003  0.0297122 -0.0170977   0.0107338 -0.00788934  0.00269908   0.209743 0.00205383  0.0105693 -0.0342084   0.178971   -9.80731 
             120.801 -0.411452   2.88713 -0.520999 -0.00084579  -0.0346878  -0.0167226 -0.0121777    1.07505  0.0270616 -0.00956797   -0.023535   0.0454124  0.0556638   0.029251 -0.0149886   0.0107263 -0.00787706  0.00269932   0.210042 0.00228997  0.0105038 -0.0342302   0.178973   -9.80731 
             120.901 -0.173213    2.5784 -0.544843  -0.0045606  -0.0334885 0.000412663 -0.0123654    1.07543   0.027093 -0.00956401  -0.0235325   0.0454198 0.0379656  0.021969 0.0035829   0.0105921 -0.00770475  0.00271273   0.210527 0.00237155 0.00993831 -0.0341669   0.179034   -9.80731 
             121.001 -0.256327   2.21028 -0.437207 -0.00630076   -0.032909 0.000379169 -0.0124129    1.07549  0.0271046 -0.00956553  -0.0235318   0.0454247  0.0219385  0.0241752 0.00482508   0.0106251 -0.00755358  0.00266742   0.210767 0.00253084 0.00998496 -0.0342008   0.179028   -9.80731 
             121.101  0.175638   2.58479 -0.417977  -0.0122574  -0.0293708 -0.00054542 -0.0124168    1.07561  0.0271321 -0.00956502  -0.0235317   0.0454223   0.0155166   0.0223885 0.000448128   0.0104182 -0.00772623  0.00265682   0.211218 0.00247265  0.0100712 -0.034246  0.179037  -9.80731 
             121.201  0.343033   3.06565 -0.376268 -0.0169476 -0.0255328 -0.0296611 -0.0122102    1.07525  0.0271982 -0.00956099  -0.0235398   0.0454176  0.0240076  0.0256884 -0.0323639   0.0103345 -0.00796599  0.00263516   0.211538 0.00251276  0.0110789 -0.0344725   0.178933   -9.80731 
             121.301 0.0194221   2.78161 -0.424338 -0.0139548 -0.0323951 -0.0274489 -0.0124014    1.07528  0.0270626 -0.00955946  -0.0235412   0.0454067   0.026419 0.00661136 -0.0273454   0.0105151 -0.00781376  0.00265933    0.21152 0.00308237  0.0109291 -0.0344669   0.178916   -9.80731 
             121.401 -0.227313   2.42894 -0.376348 -0.0154687 -0.0304084 -0.0340328 -0.0123735    1.07527  0.0270638 -0.00956042  -0.0235408   0.0454095  0.0170652  0.0178535 -0.0316473  0.0106438 -0.0076162 0.00263546   0.211655 0.00307297  0.0110679 -0.0345034   0.178905   -9.80731 
             121.501 -0.319771   2.27509 -0.353871 -0.0169751 -0.0287911  -0.039581 -0.0123721    1.07528  0.0270495  -0.009561 -0.0235405  0.0454095 0.00913569  0.0240741 -0.0335799   0.0106949 -0.00752909  0.00262237   0.211778 0.00312481   0.011161 -0.0345312   0.178895   -9.80731 
             121.601 -0.329104   2.21359 -0.365995 -0.0145586 -0.0296374 -0.0387883 -0.0124474     1.0753  0.0270002 -0.0095597 -0.0235407  0.0454066  0.0104802  0.0202544 -0.0313563   0.0107025 -0.00749509  0.00263023   0.211705 0.00331933  0.0110263 -0.0345044   0.178896   -9.80731 
             121.701  -0.24717   2.58307 -0.390988 -0.0177467 -0.0311668 -0.0317853 -0.0125628    1.07552  0.0269687 -0.00955912  -0.0235411   0.0454047   0.011665  0.0126328 -0.0215895   0.0106561 -0.00770401  0.00264605   0.211983 0.00348845  0.0107217 -0.0344675   0.178919   -9.80731 
             121.801 -0.734851   2.73725 -0.376214 -0.0142305 -0.0314552  -0.028734 -0.012641   1.07556 0.0269018 -0.00955978  -0.0235431   0.0454025  0.0249356  0.0235497 -0.0152189   0.0109262 -0.00778526  0.00263745   0.211922 0.00365126  0.0105424 -0.0344362   0.178927   -9.80731 
             121.901 -0.825375   2.62349 -0.399382 -0.0114303 -0.0312658 -0.0247792 -0.0127207    1.07562   0.026852 -0.00955944  -0.0235441   0.0454009   0.0284843   0.0326637 -0.00944965   0.0109757 -0.00771963  0.00265223   0.211915 0.00382667  0.0103728 -0.0344087   0.178935   -9.80731 
             122.001  -0.32323    2.7497 -0.429581 -0.0120235 -0.0393405 -0.0251975 -0.0128921    1.07572  0.0267747 -0.00955648  -0.0235434   0.0454203  0.0304547  0.0103184 -0.0118874   0.0106912 -0.00778516  0.00266761   0.212137 0.00458174  0.0104154 -0.0344274   0.178895   -9.80731 
             122.101 -0.381106   2.85346 -0.457857 -0.0110412 -0.0423572 -0.0295192 -0.012954   1.07574 0.0267226 -0.00955494  -0.0235433    0.045424  0.0365804 0.00892678 -0.0170696   0.0107189 -0.00784133  0.00268288   0.212282 0.00492732  0.0105383 -0.0344542   0.178867   -9.80731 
             122.201 -0.0363589    2.82498  -0.493822 -0.00999331  -0.0439382  -0.0273904 -0.0130124    1.07583  0.0267144 -0.00955479  -0.0235433   0.0454286   0.0400175 0.000975914  -0.0122997   0.0105297 -0.00782513  0.00270299   0.212451 0.00505618  0.0104363 -0.0344502   0.178872   -9.80731 
             122.301   -0.9494   2.91576 -0.498363 -0.00223431  -0.0424441  -0.0145264 -0.0131468    1.07592  0.0267431 -0.00955647  -0.0235493    0.045432  0.0551301  0.0244787 0.00550384    0.011037 -0.00787574  0.00270207   0.212347 0.00506058 0.00993219 -0.0343768   0.178931   -9.80731 
             122.401 -1.16843  2.55055 -0.56954  0.00447965  -0.0404738 -0.00805912 -0.0132311    1.07593  0.0266736 -0.00955534  -0.0235512   0.0454289 0.0558085 0.0429896 0.0123047   0.0111573 -0.00767183  0.00274319   0.212268 0.00516719 0.00973154 -0.0343465   0.178951   -9.80731 
             122.501 -0.504492   2.19742 -0.509044 0.00171127 -0.0355586 -0.0218618 -0.0130964    1.07592  0.0266603 -0.00956023  -0.0235544   0.0454378   0.0377134   0.0493521 -0.00548005   0.0107747 -0.00746706  0.00271188   0.212602 0.00516528  0.0102862 -0.0344417   0.178883   -9.80731 
             122.602 -0.481703   1.96676 -0.603954  0.00550393  -0.0374908 -0.00278244 -0.0134129    1.07603  0.0266639 -0.00955486   -0.023553   0.0454482 0.0275577 0.0377416 0.0170823   0.0107583 -0.00734027  0.00276401   0.212637 0.00555862 0.00965694 -0.0343744   0.178956   -9.80731 
             122.702 -0.499262   1.84517 -0.552827 -0.00357772  -0.0372576  0.00832984 -0.0136324    1.07631  0.0266957 -0.00955484  -0.0235521   0.0454598 -0.0024692  0.0349367  0.0271677   0.0107655 -0.00727285  0.00273467   0.213249 0.00581565 0.00939554 -0.0343884      0.179   -9.80731 
             122.801 -0.483762   1.46378 -0.471137 -0.00621767  -0.0369103   0.0243706 -0.0138272     1.0764  0.0267218 -0.00955265  -0.0235512   0.0454612 -0.0250247  0.0327829  0.0418279   0.0107552 -0.00707716  0.00269601   0.213312 0.00595585 0.00897662 -0.0343515   0.179061   -9.80731 
             122.902 -0.0366899    2.04621  -0.585273 -0.00845491  -0.0387068   0.0236851 -0.0138356    1.07636  0.0267303 -0.00955249  -0.0235529   0.0454698 -0.0198761  0.0187579   0.035216   0.0105061 -0.00739581  0.00275631    0.21338 0.00623398 0.00917196 -0.0343879   0.179017   -9.80731 
             123.003 0.0670811   1.48059 -0.500173 -0.0107273 -0.0400554  0.0452928 -0.014024   1.07638 0.0267842 -0.00954965  -0.0235498   0.0454693 -0.0441651 0.00812747  0.0525205   0.0104526 -0.00707788  0.00271084   0.213281 0.00627532  0.0086102 -0.0343358   0.179101    -9.8073 
             123.101  0.419651   1.42838 -0.296084 -0.0196324 -0.0390839  0.0573905  -0.01408   1.07649 0.0267674 -0.00954762  -0.0235467   0.0454669  -0.0684157 -0.00152294   0.0587758   0.0102504 -0.00705267  0.00259271   0.213451 0.00616876 0.00840456 -0.0343246   0.179146    -9.8073 
             123.202  0.690573   1.92837 -0.382695 -0.0208568  -0.033854   0.024137 -0.0136284    1.07639  0.0269182 -0.00954547  -0.0235575   0.0454773 -0.0505992 0.00544603  0.0204503   0.0100881 -0.00733252  0.00264465   0.213287 0.00611049 0.00960565 -0.0343651   0.178955   -9.80731 
             123.303    0.6844   2.47401 -0.411415 -0.0212926 -0.0330747 -0.0261406 -0.0132285    1.07641  0.0270471 -0.00953456   -0.023569   0.0454938 -0.0242623 0.00721667 -0.0308228   0.0100896 -0.00763215  0.00266094  0.213269  0.006525 0.0112535 -0.0344157   0.178694   -9.80731 
             123.402  0.859353    2.3737 -0.406178  -0.021441 -0.0328298 -0.0433279 -0.0131288    1.07642  0.0270702 -0.00953248  -0.0235717   0.0454981  -0.0184798 -0.00406626  -0.0453833   0.0100084 -0.00758117  0.00265827   0.213181 0.00661512  0.0117096 -0.0344097   0.178632   -9.80731 
             123.501  0.758356   2.44635 -0.410579 -0.0208947 -0.0341517 -0.0579456 -0.013091   1.07643 0.0270424 -0.00953054  -0.0235729   0.0454995 -0.00965653   -0.014032  -0.0545591   0.0100654 -0.00761518  0.00266122   0.213111 0.00673836  0.0120416 -0.0344013   0.178591   -9.80731 
             123.602  0.852987   2.43249 -0.422805 -0.0212026 -0.0396934 -0.0627444 -0.0131505    1.07642  0.0269766 -0.00952941  -0.0235729    0.045497 -0.00740508  -0.0366862  -0.0537856  0.0100159 -0.0076086 0.00266747   0.213078 0.00693432   0.012034 -0.0344004   0.178583   -9.80731 
             123.702 0.780069   2.4361 -0.44029 -0.0210861  -0.044541 -0.0680319 -0.0131613     1.0764  0.0269615 -0.00952917  -0.0235729   0.0454963 -0.00412523  -0.0498377  -0.0526996   0.0100563 -0.00761138  0.00267579   0.213042 0.00698171   0.012032 -0.0343991    0.17858   -9.80731 
             123.802  0.682346   2.43613 -0.459029 -0.0206396 -0.0483907 -0.0736477 -0.0131247    1.07638  0.0269838 -0.00952956   -0.023573    0.045498 -0.00152484   -0.054408  -0.0541351   0.0101132 -0.00760933  0.00268762   0.213004 0.00689888  0.0120318 -0.0343969   0.178581   -9.80731 
             124.001   0.36368   2.45197 -0.490813 -0.0190313 -0.0517812 -0.0957862 -0.0130353    1.07643  0.0270502 -0.00952981  -0.0235711   0.0455085 0.00825117 -0.0464465 -0.0663843   0.0102918 -0.00761353  0.00270504   0.212962 0.00661698  0.0123456 -0.0343759   0.178594   -9.80731 
             124.201  -0.33905   2.89576 -0.392689 -0.0259292 -0.0486308  -0.136054 -0.0132137    1.07683  0.0271279 -0.00952355  -0.0235611   0.0455117    0.020779 -0.00428513  -0.0927633   0.0106822 -0.00785329  0.00264823  0.213504 0.0065566 0.0131306 -0.0343651   0.178655   -9.80731 
             124.401  -1.30475    2.8833 -0.348412 -0.0220952 -0.0401438  -0.137108 -0.0130164    1.07678   0.027194 -0.00952504  -0.0235717   0.0455169  0.0373989   0.056344 -0.0749818   0.0112196 -0.00784315  0.00262718   0.213587 0.00640978  0.0126063 -0.0343816   0.178605   -9.80731 
             124.501  -1.14938    2.7876 -0.327737 -0.0212907 -0.0387076  -0.127893 -0.0128968    1.07676   0.027227 -0.00952576  -0.0235768   0.0455258  0.0369513  0.0615907 -0.0591703   0.0111314 -0.00779178  0.00261623   0.213708 0.00648376  0.0121257 -0.0343956   0.178561   -9.80731 
             124.601  -1.39149   2.58167 -0.376717 -0.0148155 -0.0329114  -0.107719 -0.0126798    1.07666  0.0272529 -0.00952456   -0.023586   0.0455299  0.0389045  0.0834871 -0.0346581   0.0112673 -0.00767919  0.00264605     0.2136 0.00637153  0.0113505 -0.0343822   0.178506   -9.80732 
             124.701  -1.21222   2.11869 -0.428104 -0.0154335 -0.0353492 -0.0448983 -0.0123144     1.0766  0.0274075 -0.00951208  -0.0236024   0.0455652 0.0121031 0.0653856 0.0266136   0.0111732 -0.00742586  0.00267873   0.213797 0.00641269 0.00947834 -0.0343561   0.178399   -9.80732 
             124.802 -0.393758   2.20548 -0.473247  -0.0182466  -0.0369027 -0.00121442 -0.0121256    1.07663  0.0274796 -0.00950696  -0.0236023   0.0455996 0.00204934  0.0342729  0.0644109   0.0107176 -0.00747732  0.00270079   0.214055 0.00639452 0.00834192 -0.0343351   0.178361   -9.80732 
             124.901 0.0261632   2.27473 -0.445026   -0.0201 -0.037387 0.0295414 -0.0120692    1.07667  0.0274767 -0.00950621   -0.023598   0.0456071 -0.00308368   0.0142168   0.0883274   0.0104836 -0.00751678  0.00268814   0.214195 0.00634737 0.00765871 -0.034314  0.178365  -9.80732 
             125.001  0.336952   2.20066 -0.471409 -0.0210356 -0.0389909  0.0578116 -0.0120686     1.0767  0.0274758 -0.00950515   -0.023593    0.045606 -0.0088427 -0.0050514   0.108309   0.0103107 -0.00747303  0.00270232   0.214249 0.00630237 0.00710242 -0.0342903   0.178384   -9.80732 
             125.101  0.472341   2.13375 -0.425847  -0.020005 -0.0361263  0.0773818 -0.0120375    1.07668  0.0275057 -0.00950348  -0.0235891   0.0455974  -0.0108335 -0.00795891    0.116743   0.0102348 -0.00743378  0.00267701   0.214128 0.00601479 0.00681938 -0.0342613   0.178419   -9.80732 
             125.201  0.829995   1.77749 -0.398917 -0.0199453 -0.0351044  0.0962683 -0.0120128    1.07666  0.0275439 -0.00950173  -0.0235858   0.0455907 -0.0234585 -0.0210983    0.12515   0.0100359 -0.00723403  0.00265932   0.213996 0.00577751 0.00659789 -0.0342351    0.17845   -9.80732 
             125.303 0.952466  1.80159 -0.41827 -0.0192355 -0.0358131    0.11152 -0.0119814    1.07661  0.0275722 -0.00950083  -0.0235837   0.0455902 -0.0262381 -0.0344103   0.127132  0.00996773 -0.00725131  0.00267057   0.213835 0.00559405 0.00649942 -0.034214   0.17847  -9.80732 
             125.401    1.1067   1.66824 -0.380819 -0.0180874 -0.0356913   0.123419 -0.0119052    1.07654  0.0276433 -0.00949971  -0.0235823   0.0455942 -0.0320399    -0.0436   0.126643  0.00988316 -0.00717963  0.00264707   0.213611 0.00530242  0.0064791 -0.0341882   0.178493   -9.80732 
             125.501   1.21009    1.5748 -0.382633 -0.0172313 -0.0362758   0.132644 -0.0118209    1.07646  0.0277163 -0.00949939  -0.0235819   0.0456013 -0.0364635  -0.053721   0.123859  0.00982458 -0.00712447  0.00264469   0.213384 0.00501446 0.00655036 -0.0341656    0.17851   -9.80732 
             125.601   1.30038   1.75924 -0.477677 -0.0144639 -0.0397023   0.138118 -0.0117611    1.07637  0.0277708 -0.0095001 -0.0235821  0.0456103 -0.0297367 -0.0670431    0.11843  0.00976933 -0.00722903  0.00269963   0.213126 0.00486167 0.00674635 -0.0341477   0.178512   -9.80732 
             125.702     1.329   1.83627 -0.507095 -0.0124104 -0.0426109   0.140658 -0.0116927    1.07632   0.027841 -0.00950108  -0.0235826   0.0456215 -0.0263514 -0.0751025   0.111555  0.00975277 -0.00727581  0.00271584   0.212914 0.00464862 0.00701705 -0.0341285   0.178519   -9.80732 
             125.804   1.34695   1.71819 -0.485914 -0.0107142 -0.0439014   0.141858 -0.0115915    1.07628  0.0279477 -0.0095015 -0.0235838  0.0456333 -0.0282695 -0.0772899   0.101173 0.00974203 -0.0072106 0.00270573   0.212699  0.0042954 0.00729808 -0.0341008   0.178538   -9.80732 
             125.901   1.34488   1.64764 -0.495165 -0.0095339 -0.0443154    0.14125 -0.0114939    1.07627  0.0280623  -0.009502 -0.0235851  0.0456431 -0.0304445 -0.0801618  0.0923631  0.00974795 -0.00717396  0.00270884   0.212512 0.00391215 0.00759411 -0.0340691   0.178563   -9.80732 
             126.001   1.31133   1.73387 -0.543665 -0.00941856  -0.0460673    0.139221 -0.0114494    1.07631  0.0281598 -0.00950265  -0.0235859   0.0456502  -0.03047 -0.083309 0.0823644  0.00977055 -0.00722331  0.00273949   0.212391 0.00361423  0.0079278 -0.0340369   0.178592   -9.80731 
             126.101   1.27284   1.78889 -0.555477 -0.00955934  -0.0473841     0.13577  -0.01142   1.07637 0.0282602 -0.00950256  -0.0235865   0.0456561 -0.0300421 -0.0833879  0.0703411  0.00979786 -0.00725018  0.00274442   0.212278 0.00328528 0.00827258 -0.0339971   0.178631   -9.80731 
             126.201   1.22528   1.82182 -0.561832 -0.00974586  -0.0481441    0.131429 -0.0114079    1.07645  0.0283538 -0.0095019 -0.0235871  0.0456601  -0.030122 -0.0832465  0.0612622  0.00983319 -0.00726814  0.00274625   0.212168 0.00293161 0.00861056 -0.0339504   0.178678   -9.80731 
             126.301   1.19321   1.73234 -0.525601 -0.00971392   -0.047789    0.127669 -0.0113608    1.07651   0.028444 -0.00950026  -0.0235882   0.0456617  -0.033189 -0.0789098  0.0523596 0.00985499 -0.0072208 0.00272793   0.212022 0.00248793 0.00888987 -0.0338979   0.178724   -9.80731 
             126.401   1.16485   1.67782 -0.514959 -0.0104512 -0.0468575    0.12455 -0.0112992    1.07657  0.0285184 -0.00949873  -0.0235893   0.0456612 -0.0377264 -0.0749256  0.0454149  0.00987867 -0.00719362  0.00272187   0.211891 0.00202125 0.00911695 -0.0338462   0.178766   -9.80731 
             126.501   1.14068   1.68014 -0.506665 -0.0116391 -0.0461887   0.121883 -0.0112459    1.07663  0.0285826 -0.00949739  -0.0235902   0.0456596  -0.041596 -0.0720753  0.0386485 0.00989872 -0.0071973 0.00271788   0.211767 0.00158212 0.00930742 -0.0337967   0.178805   -9.80731 
             126.601   1.12402    1.6984 -0.495363 -0.0136988 -0.0459482   0.119986 -0.0111883    1.07669  0.0286444 -0.00949621  -0.0235907   0.0456576 -0.0459389 -0.0718037  0.0344295  0.00991345 -0.00720739  0.00271228   0.211658 0.00115611 0.00945544 -0.0337521   0.178839   -9.80731 
             126.701   1.11099   1.69208 -0.485036  -0.014206 -0.0455985    0.11742 -0.0111319    1.07671   0.028694 -0.00949525  -0.0235912    0.045655 -0.0477346 -0.0719221  0.0278879 0.00992578 -0.0072058 0.00270373   0.211465 0.00071847 0.00960314 -0.0337008   0.178875   -9.80731 
             126.901   1.04018   1.71117 -0.479228 -0.0235463 -0.0519438   0.116845 -0.011104   1.07679 0.0287554 -0.00949461  -0.0235909   0.0456541 -0.0626068 -0.0833309  0.0240936  0.00996812 -0.00721477  0.00269929    0.211393 0.000273145  0.00975102 -0.0336552   0.178921   -9.80731 
             127.001   1.14688   2.40903 -0.313247 -0.0210764 -0.0348591  0.0325917 -0.0137441    1.07822  0.0287936 -0.00946815   -0.023582    0.045651 -0.0196199 -0.0274637  -0.061824   0.0100208 -0.00755686   0.0026318    0.211521 0.000397496   0.0124562 -0.0331858    0.17987   -9.80729 
             127.101   1.01495   2.72899 -0.323666 -0.0208996 -0.0334095 -0.0137943 -0.0151663    1.07895  0.0287389 -0.00945688  -0.0235749   0.0456521 0.00409577 -0.0225397  -0.103294   0.0101026 -0.00772027  0.00264094    0.211696 0.000889457   0.0137508 -0.0329769   0.180336   -9.80729 
             127.201 -0.706591   2.18009 -0.532071 -0.0130411 -0.0439159  0.0014837 -0.0144481    1.07836  0.0287412 -0.0094467  -0.023605  0.0456124 0.000632567  -0.0156879   -0.074787   0.0110022 -0.00744997  0.00274807   0.211256 0.00111538  0.0129056 -0.0331052   0.180006   -9.80729 
             127.301 -0.234942   2.24658  -0.44226 -0.00907712  -0.0431483 -0.00602024 -0.0143888    1.07833  0.0287199 -0.00944809  -0.0236058   0.0456147 0.00881786   -0.01022 -0.0741121   0.0107426 -0.00749349  0.00269357      0.2111 0.000932679   0.0129031 -0.0330929   0.180008   -9.80729 
             127.401 -0.487885   2.10896 -0.450921 -0.00793016  -0.0429922  -0.0230577 -0.0147123    1.07848  0.0286665 -0.00944817  -0.0236017   0.0456123 0.00500951 0.00566754 -0.0842418    0.01088 -0.0074173  0.0026954  0.211112 0.0010735 0.0132017 -0.033048  0.180114  -9.80729 
             127.504 -0.507851   2.10162 -0.479506 -0.00722874  -0.0420635  -0.0356602 -0.0148409    1.07854  0.0286456 -0.0094482 -0.0236003  0.0456117 0.00318907  0.0173443 -0.0894111   0.0108887 -0.00741452  0.00271184   0.211115 0.00114544  0.0133245 -0.0330308   0.180153   -9.80729 
             127.605 -0.649839   2.21646 -0.485711 -0.00971858  -0.0407416  -0.0459985 -0.0149081    1.07861  0.0286517 -0.00944831  -0.0235998   0.0456133 -0.00164483   0.0291996  -0.0901108   0.0109691 -0.00747433  0.00271634   0.211257 0.00123772  0.0133724 -0.0330338   0.180166   -9.80729 
             127.701 -0.362408   1.45505 -0.472512 -0.0147048  -0.043363 -0.0255443 -0.0142266    1.07823  0.0286645 -0.00944367  -0.0236031   0.0456329 -0.0370915  0.0144493 -0.0622488   0.0108191 -0.00704532  0.00271138   0.211259 0.00118237  0.0125325 -0.0331492   0.179918   -9.80729 
             127.901 -0.872044   2.13282 -0.454996 -0.0214832 -0.0371919  -0.050312 -0.0145167     1.0784  0.0286318 -0.00944493  -0.0236011    0.045636 -0.0326241  0.0519828  -0.074028    0.011108 -0.00743097  0.00269997   0.211386 0.00139175  0.0128563 -0.0331193   0.179999   -9.80729 
             128.001  -0.32318   2.69468 -0.212382 -0.0294478 -0.0270847 -0.0656084 -0.0145732    1.07859  0.0287794 -0.00943975   -0.023601   0.0456233 -0.0227645   0.058919 -0.0837144   0.0108098 -0.00773956  0.00256563   0.211754 0.00104726  0.0131018 -0.0331076   0.180055   -9.80729 
             128.101   -0.3343   2.49116 -0.285713 -0.0255313  -0.025453  -0.053928 -0.0143926    1.07829  0.0287508 -0.00944063  -0.0235989   0.0456271 -0.0139721  0.0541751  -0.063737   0.0108085 -0.00764216  0.00260375   0.211395 0.00114536   0.012485 -0.0331484   0.179982   -9.80729 
             128.201 -0.341624   2.84956 -0.287184 -0.0286854 -0.0259771 -0.0497356 -0.0143614    1.07825  0.0286608 -0.00944157   -0.023598   0.0456268 -0.00424079   0.0446577  -0.0534314   0.0108064 -0.00782796  0.00260308  0.211539  0.001414 0.0121959 -0.0331863   0.179943   -9.80729 
             128.301 0.0114787   2.39725 -0.302405 -0.0330145 -0.0249355  -0.059485 -0.0143756    1.07834  0.0285927 -0.00944125  -0.0236007   0.0456331 -0.0146672  0.0357444 -0.0579109  0.0106299 -0.0076019 0.00261045   0.211676 0.00160621   0.012361 -0.0331853   0.179926   -9.80729 
             128.401 -0.0254307    2.30963  -0.276215 -0.0353798  -0.025042 -0.0669411 -0.0143932    1.07838  0.0285329 -0.00944064  -0.0236019   0.0456349 -0.0172837  0.0285651 -0.0583897   0.0106493 -0.00755461  0.00259474    0.21173 0.00182883   0.012431 -0.0331833   0.179907   -9.80729 
             128.501 -0.358527   2.56358 -0.220897 -0.0338044 -0.0297958 -0.0654287 -0.0144899    1.07835  0.0284284 -0.00944137  -0.0236027   0.0456231 -0.00471669   0.0172822  -0.0528552   0.0108461 -0.00770022  0.00255841   0.211658 0.00221875  0.0122236 -0.0331804   0.179892   -9.80729 
             128.601 -0.477957   2.56158 -0.327558 -0.0319792  -0.035896 -0.0775683 -0.0145531    1.07843  0.0282945 -0.00943811  -0.0236041    0.045611 0.00534351 0.00975828  -0.060255   0.0109052 -0.00769925  0.00261778  0.211635 0.0027122 0.0124517 -0.0331625   0.179847    -9.8073 
             128.801 -0.529385    2.6114 -0.352636 -0.0300743   -0.03919 -0.0962144 -0.014587   1.07851 0.0282011 -0.00943598   -0.023605   0.0456045  0.0167728  0.0181378 -0.0704982   0.0109359 -0.00772447  0.00263288   0.211688 0.00309721  0.0126404 -0.0331544   0.179806    -9.8073 
             128.901 -0.424601   2.67878 -0.433437 -0.0317691 -0.0456748 -0.0794046 -0.0147861    1.07851  0.0281598 -0.00943458  -0.0236021   0.0456054   0.0143194 0.000904674  -0.0460859   0.0108682 -0.00774915  0.00266728   0.211817 0.00342864   0.011984 -0.0331538   0.179851    -9.8073 
             129.001 -0.485481   2.82262 -0.268666 -0.0327906 -0.0444279 -0.0572938 -0.0149805    1.07851  0.0282097 -0.00943625  -0.0235988   0.0456062  0.0189605 0.00510126  -0.017618   0.0109096 -0.00781828  0.00257763   0.211925 0.00324088  0.0112073 -0.0331475   0.179958   -9.80729 
             129.101 -0.623716    2.6204 -0.390243 -0.0256103 -0.0424392 -0.0546898 -0.0150336    1.07844  0.0281998 -0.0094363 -0.0235983  0.0456059  0.0315641  0.0196043 -0.0124599   0.0109877 -0.00771404  0.00264709   0.211706 0.00317373   0.011063 -0.033129  0.179989  -9.80729 
             129.201  -1.24497    1.6634 -0.448722 -0.0144708 -0.0439179 -0.0338965 -0.0153241    1.07831  0.0281561 -0.00942824  -0.0236001   0.0455911  0.0206464  0.0376747 0.00897256   0.0113259 -0.00721355  0.00268614  0.211277 0.0033867 0.0104198 -0.0330756   0.180088   -9.80729 
             129.401 -0.422571   1.89062 -0.385475 -0.0190007 -0.0350634 -0.0213899 -0.0153774    1.07839  0.0281473 -0.00942658  -0.0235995   0.0455971 -0.00192778   0.0443609    0.016602    0.010874 -0.00733918  0.00265006 0.211551 0.003182 0.010153 -0.03308 0.180137 -9.80729 
             129.501 -0.400924   2.02747 -0.307924  -0.0181667  -0.0320439 3.06991e-05 -0.0156233    1.07842  0.0281292 -0.00942546  -0.0235974    0.045599 -0.00370024   0.0447257   0.0346098   0.0108569 -0.00740176  0.00261403   0.211536 0.00317078 0.00959728 -0.033048  0.180244  -9.80729 
             129.701  -0.40941   2.09032 -0.436094 -0.0168201 -0.0364327  0.0170768 -0.015843   1.07841 0.0280814 -0.00942379  -0.0235965    0.045605 -0.00521038   0.0346168   0.0443666   0.0108573 -0.00743895  0.00268078   0.211473 0.00375367 0.00938034 -0.0330402    0.18026   -9.80729 
             129.801 -0.176203   2.29163 -0.397184 -0.0205781 -0.0348358 0.00819848 -0.0156627    1.07845  0.0280879 -0.00942302  -0.0235986   0.0456042 -0.00618997   0.0341782   0.0301277   0.0107282 -0.00754747  0.00265747   0.211624 0.00387392 0.00979059 -0.0330668   0.180168   -9.80729 
             129.901 -0.115286    2.4055 -0.373262   -0.0236646   -0.0344651 -0.000587437 -0.0155209    1.07848  0.0280594 -0.00942221  -0.0236001   0.0456035 -0.0045911  0.0320871   0.016035   0.0107018 -0.00761068   0.0026451  0.211743 0.0040834 0.0101548 -0.0330883   0.180082   -9.80729 
             130.001 -0.723638   1.95157 -0.454534   -0.02019 -0.0391401 0.00762233 -0.0157211    1.07841  0.0279964 -0.00941858  -0.0236023   0.0455883 -0.0115729  0.0342953  0.0206218   0.0110529 -0.00735674  0.00269121    0.21153 0.00459783 0.00997494 -0.0330758   0.180097   -9.80729 
             130.101 -0.680625   2.33826 -0.389661 -0.0220893    -0.0351 0.00929223 -0.0157287    1.07844  0.0280374 -0.00941849  -0.0236025   0.0455878 -0.00690427    0.046834    0.018497   0.0110334 -0.00757636  0.00265321   0.211612 0.00459224 0.00998456 -0.0330808   0.180096   -9.80729 
             130.201 -0.480522   2.84544 -0.352926 -0.0190555  -0.027388 -0.0521945 -0.0148195    1.07841  0.0282805 -0.00940342  -0.0236034   0.0455886  0.0243614  0.0752002 -0.0467923   0.0109188 -0.00786003   0.0026332   0.211588 0.00469604  0.0118596 -0.0331177   0.179713    -9.8073 
             130.304 -0.800226   2.80805 -0.326731 -0.0239794 -0.0250239 -0.0533535 -0.0149335    1.07852  0.0281345 -0.00940427  -0.0236031   0.0455793  0.0186008  0.0800245 -0.0449137   0.0111118 -0.00784061  0.00261645   0.211903 0.00511107  0.0117868 -0.0331357   0.179711    -9.8073 
             130.401  -0.97937   2.75153 -0.359545 -0.0225527 -0.0284056 -0.0714918 -0.014791   1.07857 0.0279142 -0.00940085  -0.0235998   0.0455664   0.025667  0.0766243 -0.0597764   0.0112134 -0.00780871  0.00263558   0.211947 0.00593588  0.0122811 -0.0331453   0.179577    -9.8073 
             130.501  -1.10345   2.39208 -0.355272  -0.022247 -0.0285253 -0.0729473 -0.0149163    1.07861  0.0277686 -0.00939877  -0.0236001   0.0455643  0.0186934  0.0770268 -0.0551132   0.0112824 -0.00760404   0.0026385   0.212022 0.00647803  0.0121882 -0.0331438   0.179574    -9.8073 
             130.601  -1.25723   2.48067 -0.378191 -0.0220664 -0.0293558 -0.0889199 -0.0148098    1.07867   0.027661 -0.00939763   -0.023597   0.0455597  0.0200305  0.0827363 -0.0695076    0.011366 -0.00765614  0.00264851   0.212135 0.00714258  0.0125933 -0.0331559   0.179464    -9.8073 
             130.701  -1.31943    2.3268 -0.376456 -0.0209352 -0.0296915 -0.0889274 -0.015019   1.07873 0.0275714 -0.00939618  -0.0235973   0.0455615 0.0166719 0.0847087 -0.063605    0.011402 -0.00756907   0.0026508  0.212196 0.0077261 0.0124326 -0.0331474   0.179478    -9.8073 
             130.801  -1.14141   2.15299 -0.342851 -0.0248193 -0.0267367 -0.0841325 -0.0152712    1.07883   0.027546 -0.00939543  -0.0235975   0.0455731  0.0015771  0.0867082 -0.0520158   0.0112994 -0.00746862  0.00263433   0.212461 0.00807504  0.0121314 -0.0331471   0.179535    -9.8073 
             130.901 -0.714198   2.80444  -0.15095 -0.0212414 -0.0212321   -0.11167 -0.0148682    1.07878  0.0276656 -0.00939313  -0.0236034   0.0455855  0.0291002  0.0937276 -0.0779118   0.0110487 -0.00784423  0.00252011  0.212389  0.008333 0.0129177 -0.0331745   0.179334    -9.8073 
             131.001 -0.604973   3.44957 -0.240579 -0.0291182 -0.0194276  -0.113928 -0.0150162    1.07904  0.0275501 -0.00939626  -0.0236015   0.0455815  0.0379776  0.0836266 -0.0723302   0.0109788 -0.00821018  0.00256694   0.213085 0.00887818  0.0128181 -0.0331996   0.179335    -9.8073 
             131.101  -0.66077    2.8035 -0.144137 -0.0281998 -0.0208338 -0.0935328 -0.0157564    1.07923  0.0275676 -0.00939817  -0.0235983   0.0455854 0.0311135 0.0672348 -0.041381   0.0110117 -0.00784632  0.00251844   0.213247 0.00946744  0.0119474 -0.0331487   0.179547    -9.8073 
             131.201  -0.745115    2.90621 -0.0997693 -0.0261799 -0.0201835 -0.0849192 -0.0161469    1.07938  0.0275364 -0.00939938  -0.0235978    0.045582  0.0403233  0.0634919 -0.0261792   0.0110623 -0.00789916  0.00249407   0.213392 0.00989273  0.0115595 -0.0331176   0.179637    -9.8073 
             131.301 -0.487695   2.62377 -0.325342 -0.0218873 -0.0248107 -0.0440836 -0.0173332    1.07965   0.027483 -0.0093867 -0.0235929   0.045583 0.0384284 0.0372744 0.0200625   0.0109128 -0.00774282   0.0026201  0.213477 0.0104932  0.010176 -0.0329981   0.180003   -9.80729 
             131.401 -0.378283   2.70205 -0.385943  -0.015288 -0.0286776 -0.0254923 -0.0178623    1.07977  0.0274483 -0.00938082  -0.0235902    0.045583  0.049758 0.0232124 0.0379006   0.0108497 -0.00779129   0.0026517   0.213435   0.010964 0.00966586 -0.0329331   0.180133   -9.80729 
             131.501   -0.2355   2.56514 -0.388317  -0.0112682  -0.0300325 -0.00631702 -0.0182597    1.07992  0.0274522 -0.00937899  -0.0235877   0.0455824 0.0489357 0.0142539 0.0532215   0.0107716 -0.00771551  0.00265498   0.213503   0.011145 0.00918475 -0.0328838    0.18026   -9.80729 
             131.601 -0.0145708    2.89058  -0.432254 -0.0154207 -0.0332079 0.00753769 -0.0184734     1.0802  0.0274411 -0.00937861  -0.0235887   0.0455813    0.0465338 -0.000136892    0.0613328   0.0106477 -0.00789458  0.00267873   0.214015   0.011409 0.00896538 -0.0328765   0.180297   -9.80729 
             131.703 -0.189065   2.62143 -0.397463 -0.0152386 -0.0356114   0.030894 -0.0188433    1.08043  0.0274677 -0.00937853  -0.0235869   0.0455783   0.0389222 -0.00475841   0.0806465   0.0107493 -0.00774585  0.00265912   0.214218  0.0115052 0.00844705 -0.0328271   0.180427   -9.80729 
             131.801 -0.643671   2.35061 -0.274184 -0.0110856 -0.0360988  0.0519509 -0.0191054    1.08054  0.0275244 -0.00937699  -0.0235887   0.0455751 0.0354735 0.0068843  0.095296   0.0110136 -0.00758776  0.00258665  0.214185  0.011514 0.0080183 -0.0327745   0.180535   -9.80728 
             131.901 -0.357429   1.90502 -0.266975 -0.00605093  -0.0324931   0.0372627 -0.0186572    1.08025  0.0274057 -0.00938273  -0.0235902    0.045575 0.0303408 0.0233186 0.0737032   0.0108465 -0.00733503  0.00258668   0.214023  0.0114543 0.00878719 -0.0328616   0.180356   -9.80729 
             132.001 0.0326136   2.04268 -0.390212 -0.00536379  -0.0323119   0.0534709 -0.0188009    1.08036  0.0273884 -0.00938084  -0.0235891   0.0455786 0.0238541 0.0126911 0.0822881   0.0106273 -0.00741541  0.00265459  0.214154 0.0114875 0.0085291 -0.0328379   0.180414   -9.80729 
             132.101  0.696502   2.21982 -0.343066 -0.0104819 -0.0297033  0.0404607 -0.0184274    1.08031  0.0274762 -0.00938137  -0.0235975   0.0455716  0.0152338 0.00212827  0.0626583   0.0102522 -0.00751257  0.00262921   0.214525   0.011378 0.00923597 -0.0329386   0.180264   -9.80729 
             132.201 0.0768402   2.03979 -0.312613 -0.0103249 -0.0280213  0.0498371 -0.0184558    1.08036  0.0275302 -0.00938058  -0.0235989   0.0455734 0.00497791 0.00873963  0.0674479   0.0106056 -0.00741338  0.00261202   0.214559  0.0113297 0.00911786 -0.032927  0.180285  -9.80729 
             132.301  0.136126   1.06796 -0.367521 -0.0119433 -0.0299732  0.0401923 -0.0183826    1.08021  0.0273749 -0.0093884 -0.0235986  0.0455716 -0.0278216 0.00439867  0.0495641   0.0105731 -0.00686823  0.00264031   0.214487   0.011659 0.00966661 -0.0329815   0.180187   -9.80729 
             132.501 -0.242944   1.62449 -0.411851 -0.0109294 -0.0311104  0.0361354 -0.0183955    1.08003  0.0274267 -0.00939062  -0.0235974   0.0455661 -0.0298913  0.0149311   0.037151   0.0107868 -0.00718554  0.00266668  0.214271 0.0120347 0.0100576 -0.0330118   0.180116   -9.80729 
             132.601 -0.26415  1.60736 -0.18175   -0.0159302    -0.026338 -0.000377208 -0.0181581    1.07994  0.0274322 -0.00939278  -0.0235918   0.0455623   -0.037613   0.0347348 -0.00324661   0.0108074 -0.00717724  0.00253549   0.21445 0.0122594 0.0113153 -0.0330923   0.179958   -9.80729 
             132.801 -0.104375    1.2733 -0.431704 -0.0279452 -0.0352929  0.0158359  -0.01843   1.07997 0.0273159  -0.009384 -0.0235928  0.0455676 -0.0810062 0.00560424 0.00936924   0.0107147 -0.00699089  0.00268064  0.214371  0.012801 0.0109006 -0.033066  0.179999  -9.80729 
             132.901  0.428184   2.06555 -0.247316 -0.0337539 -0.0315692  0.0177329 -0.0184014    1.07996  0.0273909 -0.00938336  -0.0235929   0.0455616   -0.0681305 -0.000134925    0.0130519   0.0104265 -0.00744193  0.00257854  0.214424 0.0125282 0.0108528 -0.0330749    0.18001   -9.80729 
             133.001  0.354007   2.71523 -0.244822 -0.0376008 -0.0297162  0.0240685 -0.0183775    1.07989  0.0273587 -0.00938678  -0.0235927   0.0455624   -0.047106 -0.00443311   0.0176397    0.010477 -0.00781071  0.00257818  0.214397 0.0123793 0.0106636 -0.0330907   0.180023   -9.80729 
             133.101 -0.142626   2.37325 -0.346877 -0.0354032 -0.0381881  0.0427217 -0.0184817    1.07966   0.027255 -0.00938592  -0.0235963   0.0455567 -0.0410509 -0.0190132  0.0344653   0.0107621 -0.00761477  0.00263584  0.213973 0.0126951 0.0101275 -0.0331002   0.180042   -9.80729 
             133.201  0.299436   2.25003 -0.355286 -0.0344562 -0.0391073 0.00564874 -0.0185019    1.08001  0.0270884 -0.00938046  -0.0235967   0.0455531  -0.0286286  -0.0137565 -0.00303095   0.0105222 -0.00754244  0.00264011   0.21399 0.0129871 0.0113984 -0.0329981   0.179987   -9.80729 
             133.301 -0.0516369    2.22813  -0.215071  -0.0346445  -0.0374617 -0.00215927 -0.0184799    1.08001  0.0271129 -0.00937871  -0.0235963   0.0455539   -0.0242041 -0.000199475  -0.00779287   0.0107195 -0.00753071  0.00256259  0.213921 0.0129314 0.0116077 -0.0329836   0.179981   -9.80729 
             133.401 -0.126711   2.19082 -0.217127 -0.0330228 -0.0363056 -0.0103254 -0.0184889    1.08002  0.0270761 -0.00937795  -0.0235955   0.0455522 -0.0168478 0.00799631 -0.0138305   0.0107618 -0.00750988  0.00256429  0.213787 0.0129519 0.0118238 -0.0329594   0.179978   -9.80729 
             133.601 0.0544642   2.39291  -0.27505 -0.0279158 -0.0432903  0.0076211 -0.0185356    1.07976  0.0270112 -0.00938025  -0.0235963   0.0455544 -0.000805364   -0.0121125   0.00326595   0.0106632 -0.00761885  0.00259584  0.213427  0.013165 0.0112327 -0.032992  0.179981  -9.80729 
             133.701  0.147635   3.15412 -0.513169 -0.0196896 -0.0414419 0.00276678 -0.0184885    1.07972  0.0270375 -0.00938105  -0.0235945   0.0455561   0.0413769 -0.00736188 -0.00116517   0.0106101 -0.00804139   0.0027241   0.21327 0.0130084 0.0113575 -0.0329794   0.179987   -9.80729 
             133.801 -0.0185028    2.24879  -0.269722 -0.0250234 -0.0392737 0.00726107 -0.0184158    1.07975  0.0271741 -0.00937882  -0.0235932   0.0455663    0.011708 -0.00223245  0.00524622   0.0107131 -0.00753427  0.00258634  0.213513 0.0128199 0.0112183 -0.033006  0.179985  -9.80729 
             133.901 -0.221389   2.42287 -0.243223 -0.0251532 -0.0396011   0.017651 -0.0183666     1.0797  0.0272521 -0.00937847  -0.0235946   0.0455672   0.013158 0.00140246   0.016148   0.0108354 -0.00763171   0.0025726  0.213573 0.0127633 0.0109022 -0.0330322   0.179979   -9.80729 
             134.001 -0.666603   2.43147 -0.294239 -0.0214681 -0.0366584  0.0182274 -0.0183439    1.07968  0.0272572 -0.00937838  -0.0235951   0.0455703  0.018591 0.0209148 0.0167862   0.0110888 -0.00763602  0.00260219  0.213478 0.0126759 0.0109092 -0.033026  0.179982  -9.80729 
             134.101  0.376845   2.24408 -0.283122 -0.0192818 -0.0334945  0.0278716 -0.0182407    1.07958  0.0272914 -0.00937701   -0.023596   0.0455693  0.0141399 0.00536186  0.0232513    0.010505 -0.00753246  0.00259386  0.213412 0.0123803 0.0106555 -0.0330428   0.179986   -9.80729 
             134.201 -0.538064   2.20447   -0.3986 -0.0218123 -0.0339338  0.0289575 -0.0183031    1.07969  0.0272788 -0.00937657  -0.0236001   0.0455682 0.00569853  0.0180805  0.0207771   0.0110338 -0.00751189  0.00266229  0.213606 0.0125892 0.0106838 -0.033044  0.179979  -9.80729 
             134.301 -0.220346   1.86946 -0.394935 -0.0183999 -0.0327538  0.0260089 -0.0183227    1.07966   0.027148 -0.00937816  -0.0235993    0.045566 0.000658933   0.0184707   0.0166742   0.0108535 -0.00732105  0.00266127  0.213406 0.0126378 0.0108511 -0.0330289   0.179982   -9.80729 
             134.401 -0.124166   1.89123 -0.407842 -0.0150008 -0.0332043  0.0267118 -0.0183516    1.07962  0.0270883 -0.00937831   -0.023599   0.0455668 0.00153467  0.0151558   0.016673   0.0107879 -0.00733831  0.00266689  0.213243 0.0127726 0.0108846 -0.0330196    0.17998   -9.80729 
             134.501 -0.166694   1.78314 -0.406919  -0.014492 -0.0325358  0.0274893 -0.0183709    1.07961  0.0270696 -0.00937859  -0.0235989   0.0455671 -0.00741639   0.0168038   0.0167339   0.0108245 -0.00727797  0.00266862  0.213192 0.0128659 0.0109167 -0.0330166   0.179977   -9.80729 
             134.601 -0.111378   1.82362 -0.427017  -0.013395 -0.0333604  0.0284419 -0.0184007    1.07959  0.0270372 -0.00937885  -0.0235989   0.0455683 -0.0102292  0.0129806  0.0145659   0.0107793 -0.00730306  0.00267713  0.213098 0.0130105 0.0109449 -0.0330124   0.179973   -9.80729 
             134.701   -0.1637   1.73661 -0.415917 -0.0144388 -0.0329254  0.0288101 -0.0184215    1.07959  0.0270227 -0.0093792 -0.0235989  0.0455686 -0.0187775  0.0116442  0.0150444   0.0108265 -0.00725684  0.00267548  0.213071 0.0130999 0.0109865 -0.033011   0.17997  -9.80729 
             134.801 -0.109931   1.80328 -0.427627  -0.014441 -0.0335165   0.029219 -0.0184502    1.07956  0.0269945 -0.00937947   -0.023599   0.0455697 -0.0218593  0.0133577  0.0126983   0.0107863 -0.00729455  0.00267977  0.212976 0.0132288 0.0110268 -0.0330068   0.179965   -9.80729 
             134.901 -0.0787663    1.86119  -0.440591 -0.0146806 -0.0336493  0.0294494 -0.0184685    1.07954  0.0269707 -0.00937956  -0.0235991   0.0455708 -0.0234923  0.0100723  0.0117706   0.0107691 -0.00732787  0.00268624  0.212884 0.0133134 0.0110625 -0.0330021   0.179961   -9.80729 
             135.001 -0.149451   1.76529 -0.409953 -0.0166544 -0.0331314  0.0291126 -0.018485   1.07953 0.0269557 -0.00937978  -0.0235992    0.045571 -0.0321748  0.0128054   0.011813   0.0108181 -0.00727298   0.0026695  0.212836 0.0133866  0.011117 -0.0329985   0.179957   -9.80729 
             135.101 -0.0972595    1.83314  -0.415861 -0.0170732 -0.0335824  0.0288883 -0.0185078     1.0795  0.0269288 -0.00937991  -0.0235994    0.045572 -0.0334053  0.0129476  0.0100524   0.0107829 -0.00731411   0.0026688  0.212705 0.0134999 0.0111655 -0.0329911   0.179951   -9.80729 
             135.201 -0.165669   1.77157 -0.397931 -0.0188353   -0.03307  0.0281546 -0.0185224    1.07948  0.0269097 -0.00938005  -0.0235996   0.0455722 -0.0380265  0.0133795  0.0103617   0.0108243 -0.00727686  0.00265613  0.212611 0.0135713 0.0112249 -0.032984  0.179946  -9.80729 
             135.301 -0.226375   1.68807 -0.376368 -0.0204772 -0.0328786  0.0259678 -0.0185478    1.07947  0.0268833 -0.00938035  -0.0235998   0.0455716 -0.0440941  0.0166764 0.00842899   0.0108538 -0.00723257  0.00264558  0.212491 0.0136843 0.0113357 -0.0329719   0.179938   -9.80729 
             135.401 -0.243566   1.66334 -0.362735 -0.0220599 -0.0325902   0.023668 -0.0185737    1.07945   0.026857 -0.00938056     -0.0236   0.0455711 -0.0493642   0.019096 0.00534418   0.0108608 -0.00721946  0.00263782  0.212349 0.0137927 0.0114383 -0.0329581    0.17993   -9.80729 
             135.502 -0.244538   1.68908 -0.346284 -0.0236318 -0.0326014  0.0222624 -0.0186075    1.07942  0.0268249 -0.00938068  -0.0236002   0.0455711 -0.0506683  0.0175529 0.00409427  0.0108629  -0.007233 0.00263018  0.212192 0.0139258 0.0115058 -0.0329458   0.179923   -9.80729 
             135.601 -0.243462   1.73527 -0.347337 -0.0245562 -0.0325204  0.0208404 -0.0186382    1.07937  0.0267887 -0.0093806 -0.0236003  0.0455716 -0.0494839  0.0196544 0.00239899   0.0108608 -0.00726069  0.00262996  0.212008 0.0140439 0.0115612 -0.0329323   0.179917   -9.80729 
             135.701 -0.246416   1.76796 -0.343977 -0.0251212 -0.0324648  0.0195303 -0.0186685    1.07932  0.0267473 -0.00938044  -0.0236003   0.0455724   -0.048414   0.0201226 0.000665328   0.0108605 -0.00727582  0.00262767  0.211809 0.0141644 0.0116083 -0.0329181   0.179912   -9.80729 
             135.802 -0.249532   1.78668 -0.341673 -0.0254854 -0.0322197  0.0182983 -0.0186989    1.07926  0.0267031 -0.00938025  -0.0236002   0.0455731  -0.0473119   0.0219485 -0.00102143    0.010864 -0.00728605   0.0026267  0.211602 0.0142873  0.011646 -0.0329038   0.179907   -9.80729 
             135.901 -0.253291   1.79866 -0.339711 -0.0256207 -0.0320611  0.0172328 -0.0187299    1.07921  0.0266602 -0.00938005  -0.0236001   0.0455737  -0.0468165   0.0226244 -0.00155893   0.0108653 -0.00729387  0.00262553  0.211391 0.0144188 0.0116733 -0.0328896   0.179903   -9.80729 
             136.101 -0.197139   1.96388   -0.2754 -0.0326225 -0.0292842  0.0166465 -0.0187566    1.07919  0.0266411 -0.00938029  -0.0236003   0.0455748  -0.0498577   0.0241189 -0.00198195    0.010837 -0.00738459  0.00258919  0.211303 0.0145246 0.0116846 -0.0328828     0.1799    -9.8073 
             136.201  0.383873   2.15085 -0.274086  -0.0348477  -0.0270216 -0.00143653 -0.0187351    1.07943  0.0266932 -0.00937761  -0.0236041   0.0455739 -0.0410101  0.0138452  -0.021896   0.0105209 -0.00748437  0.00258746  0.211327 0.0144878 0.0122528 -0.0328008   0.179871    -9.8073 
             136.302 -0.148629   2.79993  -0.37206 -0.0234716 -0.0340536 -0.0265129 -0.0188711    1.07963  0.0265646 -0.00936946   -0.023604   0.0455791 0.00726222  0.0104498 -0.0441514   0.0108129 -0.00785055   0.0026383  0.210995 0.0151614 0.0129531 -0.0326736   0.179817    -9.8073 
             136.401  -0.36465   2.40647 -0.333941 -0.0263673 -0.0382582 -0.0174352 -0.018929    1.0795 0.0264433 -0.00936962  -0.0236055   0.0455725 -0.00504197  0.00400923  -0.0296387   0.0109163 -0.00765237  0.00262007  0.211052 0.0154237 0.0125587 -0.032728  0.179827   -9.8073 
             136.501 -0.324058   1.58192 -0.296209 -0.0270161  -0.043904 0.00625407 -0.0189872    1.07912  0.0263563 -0.00936405  -0.0236063   0.0455718  -0.0299227 -0.00929458 -0.00380369   0.0108957 -0.00720878  0.00260261  0.210848 0.0156184 0.0117385 -0.0328273   0.179864    -9.8073 
             136.601 -0.510494   1.70146 -0.334779  -0.0259152  -0.0400268 0.000122162 -0.0189484    1.07912  0.0263922 -0.0093649 -0.0236059  0.0455709  -0.0281291   0.0127632 -0.00702173   0.0110061 -0.00727507  0.00262237  0.210683 0.0154167 0.0118878 -0.0328022   0.179867    -9.8073 
             136.701 -0.460574   1.66724  -0.30876  -0.0250678   -0.035839 -0.00254703 -0.0189365     1.0791   0.026396 -0.00936406  -0.0236072   0.0455637  -0.0323574   0.0264782 -0.00758087   0.0109742 -0.00726008  0.00260803  0.210495 0.0152613 0.0119324 -0.0327877   0.179874    -9.8073 
             136.801 -0.390785   1.64219 -0.299009  -0.0251302  -0.0325847 -0.00401035 -0.0189352    1.07905  0.0263952  -0.009364 -0.0236075  0.0455623  -0.0364568   0.0338401 -0.00827553   0.0109347 -0.00724728  0.00260186  0.210331 0.0152386 0.0119449 -0.0327784   0.179877    -9.8073 
             136.901  -0.29384   1.83213 -0.396477  -0.024655 -0.0360167   0.013963 -0.0190932    1.07883  0.0263606 -0.00936037  -0.0236079   0.0455497 -0.0360409  0.0200835   0.011902   0.0108782 -0.00735793  0.00265613  0.210106  0.015566 0.0113897 -0.0328293   0.179908    -9.8073 
             137.001 -0.226763   2.21931 -0.224291 -0.0291715 -0.0335698  0.0202708 -0.0191069     1.0788  0.0263865 -0.00936074   -0.023608   0.0455501 -0.0328515  0.0224835  0.0160631   0.0108455 -0.00756702  0.00256117  0.210176  0.015498 0.0112351 -0.0328516   0.179921   -9.80729 
             137.102  -0.04543   2.29063 -0.227685 -0.0333104 -0.0314173  0.0161646 -0.0190915    1.07888  0.0264023 -0.00936026  -0.0236083   0.0455499 -0.0308423   0.023456  0.0108654   0.0107401 -0.00760556  0.00256493  0.210249 0.0155238 0.0114123 -0.0328342   0.179906    -9.8073 
             137.201 -0.119455   2.43868 -0.163837 -0.0377427 -0.0288776 0.00108617 -0.0190658     1.0791  0.0263857 -0.00935904  -0.0236082   0.0455486 -0.0252006  0.0295164 -0.0025701   0.0107797 -0.00768459  0.00252964  0.210405 0.0156372 0.0118952 -0.0327854   0.179866    -9.8073 
             137.303 -0.145138   2.59119 -0.141501 -0.0407517 -0.0277485 -0.0106991 -0.0190736    1.07926  0.0263444 -0.00935833   -0.023608   0.0455473 -0.0166802  0.0297193 -0.0133786   0.0107939 -0.00776792  0.00251688  0.210513 0.0158485 0.0122449 -0.0327493   0.179832    -9.8073 
             137.401 -0.0684144    2.74933  -0.132437 -0.0419842 -0.0281569  -0.019043 -0.0191121    1.07937  0.0263074 -0.00935734  -0.0236081   0.0455476 -0.00524992   0.0227178  -0.0190333   0.0107498 -0.00785437  0.00250711  0.210571 0.0161124 0.0124674 -0.0327233   0.179807    -9.8073 
             137.501 -0.0806881    2.83735  -0.132699 -0.0420548 -0.0289483 -0.0260333 -0.0191544    1.07946  0.0262639 -0.00935622  -0.0236082   0.0455477  0.0058673   0.018914 -0.0238594  0.0107548 -0.0079013 0.00250846  0.210615 0.0163652 0.0126308 -0.0327027   0.179787    -9.8073 
             137.602 -0.120208   2.88028 -0.139258 -0.0411821 -0.0299574 -0.0319666 -0.0191992    1.07953  0.0262234 -0.00935498  -0.0236082   0.0455474  0.0175188  0.0150253 -0.0267736   0.0107747 -0.00792681  0.00251019  0.210664 0.0166014 0.0127507 -0.0326865    0.17977    -9.8073 
             137.704 -0.161135   2.90475 -0.157097 -0.0397235 -0.0306246 -0.0373623 -0.0192331     1.0796  0.0261958 -0.00935402  -0.0236083    0.045547  0.0288825  0.0135098 -0.0284728   0.0107958 -0.00793759  0.00252233  0.210743 0.0167918 0.0128455 -0.0326761   0.179755    -9.8073 
             137.801 -0.209162   2.90016 -0.165885 -0.0381463 -0.0314794  -0.041747 -0.0192663    1.07967  0.0261821 -0.00935329  -0.0236084   0.0455468  0.0361177  0.0121748 -0.0341245    0.010822 -0.00793638   0.0025265  0.210854 0.0169795 0.0129084 -0.0326697   0.179741    -9.8073 
             137.902 -0.253125   2.89595 -0.175312 -0.0362336 -0.0325208 -0.0451546 -0.0192961    1.07974  0.0261824 -0.00935282  -0.0236086   0.0455469 0.0436176 0.0101694 -0.033913   0.0108481 -0.00793325  0.00252989  0.210987  0.017162 0.0129321 -0.0326663   0.179727    -9.8073 
             138.001 -0.234865   2.90343 -0.192418 -0.0321972 -0.0348654 -0.0341325 -0.0193446    1.07976  0.0261896 -0.00935241  -0.0236089   0.0455476  0.0509668 0.00262795   -0.01901   0.0108372 -0.00793338  0.00254097  0.210987 0.0172986 0.0125054 -0.0326535   0.179748    -9.8073 
             138.101 -0.237265   2.80108 -0.235917 -0.0283662 -0.0358739 -0.0244124 -0.0193597    1.07979   0.026217 -0.00935169  -0.0236093   0.0455487   0.0541426  0.00250162 -0.00910386    0.010839 -0.00787189  0.00256505  0.211027  0.017323 0.0121572 -0.032643  0.179765   -9.8073 
             138.202 -0.284684   2.67683 -0.234662 -0.0252255 -0.0358796 -0.0157048 -0.019355   1.07983  0.026257 -0.00935099  -0.0236097   0.0455501    0.0538829   0.00481185 -0.000183863  0.0108653  -0.007799 0.00256255  0.211115 0.0172967 0.0118716 -0.0326337   0.179777    -9.8073 
             138.303 -0.300999   2.54592 -0.251642  -0.0222559  -0.0362369 -0.00740501 -0.0193557    1.07989  0.0262915 -0.00935031  -0.0236099   0.0455514  0.0522247 0.00521017 0.00796658   0.0108695 -0.00772414  0.00257075  0.211221 0.0173112 0.0116321 -0.0326224   0.179786    -9.8073 
             138.404 -0.285617   2.44961  -0.24937  -0.0208764  -0.0360947 0.000474334 -0.0193457    1.07997  0.0263378 -0.00934966    -0.02361   0.0455535  0.0449141 0.00727827   0.015641   0.0108582 -0.00766452   0.0025674  0.211402 0.0173075 0.0114384 -0.0326162   0.179789    -9.8073 
             138.502 -0.250504   2.38104 -0.250338 -0.0205387 -0.0356048 0.00783896 -0.0193341    1.08005  0.0263838 -0.00934915  -0.0236098    0.045555  0.0379213 0.00896952  0.0217073   0.0108373 -0.00762429  0.00257129  0.211601 0.0172999 0.0112823 -0.0326122    0.17979    -9.8073 
             138.601 -0.248456   2.32388 -0.245523 -0.0205992 -0.0346388   0.013969 -0.0193221    1.08011  0.0264226 -0.00934879  -0.0236096   0.0455557 0.0310357 0.0110166 0.0253125   0.0108357 -0.00758958  0.00256856  0.211792 0.0172836 0.0111794 -0.0326116    0.17979    -9.8073 
             138.701 -0.0904025     2.2516  -0.286327 -0.0220342 -0.0333313  0.0131116 -0.0193039    1.08014  0.0264722 -0.00934951    -0.02361   0.0455564 0.0228985 0.0108702 0.0209577   0.0107463 -0.00754692  0.00259454  0.212031 0.0172938 0.0113069 -0.0326393   0.179774    -9.8073 
             138.802 -0.114588   2.30785 -0.232261 -0.0224136 -0.0335372  0.0194789 -0.0193164    1.08021  0.0264862 -0.00934961  -0.0236096    0.045556  0.0190246 0.00990695  0.0253335  0.0107576 -0.0075801 0.00256254  0.212175 0.0173706 0.0111977 -0.0326328   0.179774    -9.8073 
             138.901 0.0271192   2.30928 -0.277352 -0.0242078 -0.0322394  0.0200126 -0.0193008    1.08023  0.0265266 -0.00934981  -0.0236098   0.0455548  0.0138693 0.00893436  0.0234568   0.0106785 -0.00757831  0.00258611  0.212376 0.0173562  0.011278 -0.0326531   0.179764    -9.8073 
             139.001  0.030069   2.41317 -0.211472 -0.0247969 -0.0238458   0.010826 -0.0192019    1.08015  0.0266017 -0.00934848  -0.0236099   0.0455535 0.0162838 0.0251863 0.0127159   0.0106793 -0.00763721  0.00254925  0.212512 0.0169346 0.0116019 -0.0327041   0.179755    -9.8073 
             139.101 0.0598724   2.42807  -0.18177 -0.0260178 -0.0187145  0.0074896 -0.0191663    1.08014  0.0266433 -0.00934811  -0.0236096   0.0455523   0.014476  0.0301439 0.00727908   0.0106583 -0.00764097  0.00253087  0.212669  0.016803 0.0117446 -0.0327307   0.179748    -9.8073 
             139.201  0.104095    2.4282 -0.158909 -0.0270209 -0.0160073  0.0070307 -0.0191658    1.08017  0.0266581 -0.00934817  -0.0236094   0.0455512  0.0133158  0.0279543 0.00680158   0.0106331 -0.00763626  0.00251641  0.212802 0.0168342 0.0117955 -0.0327422   0.179741    -9.8073 
             139.302   0.19796   2.38532 -0.173804 -0.0274141 -0.0159723  0.0126021 -0.0191819    1.08023  0.0266485 -0.00934773  -0.0236092   0.0455511 0.00971122  0.0174338  0.0123285   0.0105798 -0.00761068   0.0025246  0.212873 0.0169514 0.0116697 -0.0327274   0.179741    -9.8073 
             139.401  0.243385   2.36486 -0.178641 -0.0273918 -0.0171828  0.0174922 -0.0192028    1.08028  0.0266358 -0.00934723  -0.0236091   0.0455509 0.00812065  0.0063215  0.0168222   0.0105536 -0.00759649  0.00252956  0.212912 0.0170898   0.01158 -0.0327141   0.179739    -9.8073 
             139.501  0.275782   2.36092 -0.189372 -0.0273402 -0.0185738  0.0215152 -0.0192185    1.08032   0.026627 -0.00934684  -0.0236091   0.0455507   0.0078732 -0.00373951   0.0172022   0.0105368 -0.00759423  0.00253451  0.212942  0.017179 0.0115192 -0.032705  0.179737   -9.8073 
             139.602  0.235909   2.20479 -0.178037 -0.0271609 -0.0195256  0.0036528 -0.0192896    1.08023  0.0266013 -0.00934793  -0.0236095   0.0455501  0.00762767 -0.00431728 -0.00119697   0.0105576 -0.00750442  0.00252671  0.213024 0.0174215 0.0121179 -0.032762  0.179713   -9.8073 
             139.701  0.124512   2.26489 -0.150522 -0.0292722 -0.0200792 0.00454412 -0.0192789    1.08027  0.0266167 -0.00934795  -0.0236096   0.0455499  0.00208693 -0.00593365 0.000619764   0.0106219 -0.00753629  0.00251022  0.213148 0.0174323 0.0120962 -0.0327643   0.179708    -9.8073 
             139.802  0.106394   2.27953 -0.140303 -0.0307045 -0.0205768 0.00441561 -0.019272   1.08029 0.0266282 -0.00934796  -0.0236095   0.0455498 -0.00118654 -0.00832932   0.0012552   0.0106358 -0.00754334  0.00250575  0.213218 0.0174252 0.0121083 -0.0327683   0.179705    -9.8073 
             139.902 0.0960743    2.3133 -0.136423 -0.0322354  -0.021061  0.0043545 -0.0192617    1.08031  0.0266422 -0.00934796  -0.0236095   0.0455498 -0.00419967 -0.00882178  0.00119624   0.0106421 -0.00756534  0.00250163  0.213282 0.0174029 0.0121169 -0.0327725   0.179703    -9.8073 
             140.002 0.0876964   2.33704   -0.1302 -0.0333927 -0.0213695 0.00365775 -0.0192531    1.08031  0.0266544 -0.00934795  -0.0236095   0.0455498  -0.00370323  -0.00835746 -8.23499e-05   0.0106493 -0.00757955  0.00249657  0.213321 0.0173701 0.0121392 -0.0327774   0.179702    -9.8073 
             140.102 0.0200095   2.42727 -0.126553   -0.0323501    -0.020892 -0.000661502 -0.0192667    1.08028  0.0266565 -0.0093478 -0.0236093    0.04555  0.00254698 -0.00435813 -0.00334308   0.0106861 -0.00762569  0.00249328  0.213296 0.0173427 0.0122576 -0.032787  0.179705   -9.8073 
             140.202 0.0810556    2.3217 -0.140497 -0.0318458 -0.0222363 0.00714912 -0.0192185    1.08028  0.0266534 -0.00934799  -0.0236096   0.0455509 0.000866211  -0.0111304  0.00352208    0.010651 -0.00756231  0.00249691  0.213235 0.0172872 0.0120106 -0.0327718   0.179704    -9.8073 
             140.301 0.0784445     2.316 -0.142839 -0.0321945 -0.0223139 0.00588398 -0.0192126    1.08027  0.0266694 -0.00934805  -0.0236096   0.0455507 0.000966875  -0.0103258  0.00150783   0.0106506 -0.00755969  0.00249906   0.21326 0.0172268 0.0120565 -0.0327787   0.179705    -9.8073 
             140.402 0.0672397   2.30078 -0.138673 -0.0320926  -0.022219 0.00387885 -0.0192141    1.08026    0.02668 -0.00934806  -0.0236095   0.0455504  0.000659196   -0.0085323 -0.000760769   0.0106532 -0.00754787  0.00249602  0.213261 0.0171707 0.0121153 -0.032785  0.179709   -9.8073 
             140.502 0.0561976   2.32053 -0.140853 -0.0324182 -0.0221232 0.00278534 -0.0192085    1.08025  0.0266942 -0.00934806  -0.0236095   0.0455503    0.0015078  -0.00774932 -1.73763e-05   0.0106592 -0.00755872  0.00249809  0.213286  0.017114 0.0121463 -0.0327906    0.17971    -9.8073 
             140.602 0.0572254   2.33858 -0.127142 -0.0334622  -0.021429 0.00208698 -0.019189   1.08025 0.0267226 -0.00934799  -0.0236095   0.0455502  0.00132979  -0.0067875 0.000665167   0.0106588 -0.00756777  0.00249103  0.213342 0.0170122 0.0121666 -0.0327994   0.179711    -9.8073 
             140.702  0.014131   2.45786 -0.116366  -0.0331348  -0.0202645 -0.00118967 -0.0191907    1.08024  0.0267407 -0.0093477 -0.0236094  0.0455502  0.00708189  -0.0023985 -0.00285624   0.0106802 -0.00763449  0.00248415  0.213371 0.0169304 0.0122569 -0.0328086   0.179715    -9.8073 
             140.802 0.0070501   2.51711 -0.121626  -0.0322658   -0.019911 -0.00366096 -0.0192013    1.08024  0.0267453 -0.00934755  -0.0236093   0.0455501   0.0118738 0.000747387 -0.00406537   0.0106861 -0.00766836  0.00249128   0.21339 0.0169218 0.0123223 -0.032812  0.179717   -9.8073 
             140.902 0.000865162      2.5398   -0.131674  -0.0307592   -0.019822 -0.00590474 -0.0192171    1.08025   0.026743 -0.00934744  -0.0236092   0.0455501   0.0172672 0.000651331 -0.00471096   0.0106896 -0.00768406  0.00249806  0.213398 0.0169412  0.012378 -0.0328129   0.179719    -9.8073 
             141.001 -0.0120922    2.57778  -0.143308  -0.0299534  -0.0198361 -0.00753523 -0.019223   1.08027  0.026751 -0.00934735  -0.0236092   0.0455499    0.0203275 -2.32379e-06  -0.00624114   0.0106965 -0.00770081  0.00250128  0.213457 0.0169578 0.0124178 -0.0328153   0.179717    -9.8073 
             141.102 -0.0229949    2.63421  -0.151254  -0.0289816  -0.0197436 -0.00949045 -0.0192278    1.08029  0.0267624 -0.00934724  -0.0236092   0.0455497   0.0261659  0.00154962 -0.00527687   0.0107015 -0.00773051  0.00250447  0.213531 0.0169686 0.0124656 -0.0328189   0.179715    -9.8073 
             141.201 -0.0323579    2.63569  -0.157559 -0.0276228 -0.0196358  -0.011233 -0.0192331    1.08031  0.0267726 -0.00934715  -0.0236092   0.0455497   0.0303536 0.000960553 -0.00484214 0.0107105 -0.007732 0.0025084  0.213605 0.0169824 0.0125124 -0.0328223   0.179713    -9.8073 
             141.302 -0.0448034    2.64322  -0.174955 -0.0258452 -0.0201096 -0.0128313 -0.0192474    1.08034  0.0267771 -0.00934704  -0.0236093   0.0455497   0.0335244 0.000750237 -0.00802997   0.0107131 -0.00773479  0.00251609  0.213675 0.0170349 0.0125545 -0.0328236    0.17971    -9.8073 
             141.402 -0.0164353    2.77551  -0.225262 -0.0227476 -0.0217872 -0.0138611 -0.0192742    1.08037  0.0267727 -0.00934673  -0.0236094   0.0455498   0.0423651 -0.00386722  -0.0101158   0.0106904 -0.00780709  0.00254547 0.213725 0.017149 0.012571 -0.0328203   0.179705    -9.8073 
             141.502 -0.00595687     2.86917   -0.266134 -0.0197928 -0.0227951  -0.017574 -0.0192993    1.08041  0.0267807 -0.00934636  -0.0236096   0.0455496   0.0509318 -0.00534991  -0.0126778   0.0106826 -0.00785832  0.00256802  0.213825 0.0172174 0.0126636 -0.032825  0.179702   -9.8073 
             141.602 -0.0391424    2.86448  -0.288356 -0.0168987 -0.0238279 -0.0209146 -0.0193175    1.08045  0.0267917 -0.00934612  -0.0236098   0.0455495  0.0551139 -0.0049823 -0.0145124  0.0107034 -0.0078579 0.00258128  0.213946   0.01728 0.0127403 -0.0328313   0.179697    -9.8073 
             141.702 -0.0888359    2.79403   -0.29468 -0.0157724 -0.0242021 -0.0250037 -0.0193266    1.08049  0.0268233 -0.00934609  -0.0236098   0.0455503    0.054502 -0.00256556  -0.0184854   0.0107285 -0.00781644  0.00258318  0.214152 0.0173015 0.0128394 -0.0328455   0.179691    -9.8073 
             141.801   -0.1413   2.78245 -0.293745  -0.015053 -0.0243598 -0.0285809 -0.0193286    1.08054  0.0268618 -0.00934617  -0.0236097   0.0455512    0.0536051 -0.000531852   -0.0193826   0.0107537 -0.00780966  0.00257899   0.21438 0.0173174 0.0129156 -0.0328606   0.179684    -9.8073 
             141.902 -0.120394   2.40081 -0.280119 -0.0185096 -0.0382477 -0.0249482 -0.019417   1.08066 0.0267689 -0.00934859  -0.0236089   0.0455563  0.0309792 -0.0297727 -0.0160055   0.0107391 -0.00759404  0.00257008  0.214684 0.0182162 0.0128492 -0.0328574   0.179643    -9.8073 
             142.008 -0.202666   2.21287 -0.249318 -0.0267597  -0.048569 -0.0213869 -0.0194319     1.0808  0.0268101 -0.00935047  -0.0236077   0.0455625 0.00399732 -0.0434719  -0.012584   0.0107836 -0.00749123   0.0025524  0.215129 0.0186441 0.0127633 -0.0328669   0.179615    -9.8073 
             142.201  0.613059   2.68646 -0.357681 -0.0266682 -0.0619214 -0.0219144 -0.0193916    1.08081   0.026742 -0.00935128  -0.0236055   0.0455651  0.0184224 -0.0780541 -0.0115478   0.0103241 -0.00776048  0.00261617   0.21526 0.0185858 0.0126954 -0.0328681   0.179612    -9.8073 
             142.301 -0.297206   2.53973 -0.258349 -0.0311646 -0.0587426 -0.0142196 -0.0192536    1.08096  0.0269321 -0.00934867  -0.0236073   0.0455748   0.00633431   -0.0400814 -8.96739e-05   0.0108331 -0.00767462   0.0025627  0.215522 0.0180844 0.0123609 -0.0328386   0.179619    -9.8073 
             142.401 0.0533178    2.6366 -0.163058 -0.0310007 -0.0567283 -0.0146105 -0.0191954    1.08096   0.027021 -0.00934582  -0.0236073   0.0455742   0.013363 -0.0329002  0.0034853   0.0106375 -0.00772673  0.00250838  0.215581 0.0176751 0.0123556 -0.0328399   0.179632    -9.8073 
             142.501  -0.152306    2.52066 -0.0297224 -0.0390989 -0.0528936 -0.0219481 -0.0191677    1.08096  0.0271879 -0.00934265  -0.0236033   0.0455769  0.00408863  -0.0133672 -0.00666271   0.0107595 -0.00765558  0.00243352  0.216038 0.0172236  0.012679 -0.032903  0.179648   -9.8073 
             142.601 -0.171616   2.63182 -0.156437 -0.0417192 -0.0455144 -0.0133871 -0.0189956    1.08105  0.0273337 -0.00935049  -0.0236062   0.0455813 0.000990478  0.00466799  0.00420644   0.0107656 -0.00771638  0.00250414  0.216165 0.0166889 0.0123166 -0.0328676   0.179653    -9.8073 
             142.702 -0.314519   2.93072 -0.188311 -0.0342643  -0.041713  -0.026511 -0.0190383    1.08086  0.0273016 -0.00934877   -0.023605   0.0455842  0.0313726  0.0210978 -0.0117656   0.0108427 -0.00788078  0.00252212  0.215926 0.0165287 0.0127836 -0.032921  0.179673   -9.8073 
             143.702  0.213873   2.41177 -0.372573 -0.0237559 -0.0799146 -0.0109666 -0.0190917    1.08106  0.0271424 -0.00933838  -0.0236043   0.0456127  0.0258688 -0.0524031 0.00163618   0.0105388 -0.00758977  0.00262331 0.216225 0.017198 0.012334 -0.0328576   0.179637    -9.8073 
             144.802  0.594729   2.00135 0.0143432 -0.112084 -0.105453 0.0626318 -0.0188234    1.08123  0.0271784 -0.00933516  -0.0236017   0.0456115 -0.0847508  -0.118806  0.0354165   0.0103327 -0.00737294  0.00241853  0.216387 0.0167155 0.0113913 -0.0327749   0.179617    -9.8073 
             144.902  0.315194   2.95711 -0.264321 -0.0278476 -0.0271551 -0.0382468 -0.0195974    1.08123  0.0271731 -0.00932717  -0.0236058    0.045612    0.073412 -0.00437938  -0.0298349  0.0104775 -0.0078823 0.00256439  0.216454 0.0166613 0.0134738 -0.0328309   0.179835    -9.8073 
             145.002  0.564371   2.62653 -0.110486  -0.0399488  -0.0384232 -0.00709508 -0.0192861    1.08116  0.0271328 -0.0093194 -0.0236179  0.0456088   0.0220078  -0.0544169 -0.00569853   0.0103519 -0.00771157  0.00248054  0.216504 0.0167275 0.0127126 -0.032834  0.179728   -9.8073 
             145.102 -0.0890802    2.22661  -0.186042 -0.0324123 -0.0439934  0.0143117 -0.0190417    1.08102  0.0273758 -0.00931323  -0.0236276   0.0456045 0.00839535 -0.0449864  0.0119607   0.0107211 -0.00749488  0.00252011    0.2164  0.016722 0.0121534 -0.0328454   0.179653    -9.8073 
             145.202  0.572914   2.05856 -0.182994 -0.0424884 -0.0506097  0.0312169 -0.018771   1.08093  0.027327 -0.0093106 -0.0236277  0.0456137 -0.0295465 -0.0704885  0.0262471   0.0103576 -0.00741188  0.00251449  0.216523 0.0166705 0.0117374 -0.0328687   0.179577    -9.8073 
             145.302   0.76108   2.01892 -0.167688  -0.047938 -0.0566283  0.0300651 -0.0188436    1.08096  0.0273369 -0.0093112 -0.0236282  0.0456119 -0.0384497 -0.0796067  0.0211164   0.0102536 -0.00739032  0.00250513  0.216571 0.0166318 0.0118781 -0.032867  0.179599   -9.8073 
             145.402   1.27181   2.50886 0.0286419 -0.0477135 -0.0504986  0.0283344 -0.0188858     1.0809  0.0274006 -0.00929824  -0.0236325   0.0455846 -0.0206683  -0.069578  0.0182673  0.00996089 -0.00766769  0.00239508  0.216485 0.0161033 0.0119872 -0.0328826   0.179641    -9.8073 
             145.502    -0.1086    2.29625 -0.0733981 -0.0384019  -0.053289  0.0371722 -0.0186823    1.08069  0.0275432 -0.0092968  -0.023642  0.0455987 -0.00633026  -0.0457459   0.0294356   0.0107189 -0.00754297  0.00245285  0.216203 0.0159824 0.0116479 -0.0328984   0.179594    -9.8073 
             145.602  0.456807   2.37538 -0.135399 -0.0396317  -0.051762  0.0214184 -0.0191158     1.0808  0.0275875 -0.00929632  -0.0236407   0.0455962 0.00269677 -0.0436556 0.00429588   0.0103921 -0.00758327  0.00249093  0.216235 0.0157147 0.0123922 -0.0328788   0.179748    -9.8073 
             145.702  0.625535   2.32585 -0.132948 -0.0412152 -0.0502131  0.0176994 -0.0191757    1.08079  0.0276632 -0.00929661  -0.0236412   0.0455898   0.0015962  -0.0439978 0.000159128   0.0102946 -0.00755233  0.00248865  0.216285 0.0153492 0.0125712 -0.0328914   0.179792    -9.8073 
             145.802   0.365018    2.14994 -0.0748177 -0.0379086 -0.0456966  0.0117374  -0.01924    1.0807 0.0277282 -0.00929569  -0.0236405   0.0455916  0.00548791  -0.0266474 -0.00678011    0.010445 -0.00745088  0.00245466  0.216158 0.0148146 0.0127794 -0.0329063   0.179855    -9.8073 
             145.902 0.0716932   2.23179 -0.210418 -0.0291377 -0.0526794 0.00983243 -0.0193367    1.08068  0.0276525 -0.00929404  -0.0236402   0.0455885   0.0198083  -0.0341839 -0.00786146   0.0106051 -0.00749361     0.00253  0.215856 0.0151578 0.0127728 -0.0328782   0.179861    -9.8073 
             146.002 -0.237544   2.38235 -0.425896  -0.0194928   -0.058115 -0.00917431 -0.0198342     1.0808  0.0275266 -0.00929005  -0.0236321   0.0455861  0.0430365  -0.028172 -0.0300983   0.0107707 -0.00757841  0.00264975  0.215642 0.0155198 0.0134705 -0.0328305   0.179996   -9.80729 
             146.102   0.12758   2.97957 -0.450607 -0.0137445   -0.05802 -0.0258002 -0.0201397    1.08087  0.0276588 -0.00928578  -0.0236326   0.0455835  0.0672598 -0.0259884 -0.0475043   0.0105652 -0.00791286  0.00266417   0.21572 0.0153491  0.014005 -0.0328249   0.180097   -9.80729 
             146.202 -0.296961   3.08031 -0.524646 -0.0096753  -0.051377 -0.0164651 -0.0197033    1.08078  0.0278261 -0.00929525  -0.0236375   0.0455873   0.0697749 0.000766247  -0.0266725   0.0108001 -0.00796718  0.00270559  0.215817 0.0146171 0.0134008 -0.0328605   0.180016   -9.80729 
             146.302 -0.633145    2.5057  -0.52224  -0.0187748  -0.0517396 -0.00908203 -0.0195739    1.08092  0.0279858 -0.00929377  -0.0236407   0.0455936  0.0378153 0.00870492  -0.015623   0.0109838 -0.00764433  0.00270833  0.216567 0.0146437 0.0130997 -0.032893  0.179953  -9.80729 
             146.402 -0.644318   2.42805 -0.362712 -0.0176735 -0.0398953 -0.0121486 -0.0194755    1.08093  0.0281382 -0.00928634  -0.0236405   0.0455946  0.0361894  0.0425335 -0.0177327   0.0109978 -0.00759878   0.0026181  0.216707 0.0138786 0.0131595 -0.0329006   0.179978   -9.80729 
             146.502 -0.409472    2.1833 -0.330965 -0.0188195 -0.0298648 -0.0141293 -0.0194233    1.08096   0.028236 -0.00928283  -0.0236402    0.045591  0.0244262  0.0592905 -0.0209416   0.0108664 -0.00745853   0.0026036  0.216931 0.0134354 0.0131921 -0.0329086   0.179989   -9.80729 
             146.602 -0.0420667    2.61852  -0.161662 -0.0251134 -0.0252393  -0.016865 -0.0194461    1.08107  0.0283006 -0.0092846 -0.0236352  0.0455926  0.0202791  0.0522545 -0.0246242   0.0106604 -0.00770588    0.002504  0.217488 0.0134783 0.0132657 -0.0329347   0.179992   -9.80729 
             146.702 -0.179881   2.52768 -0.311786 -0.0231373 -0.0203489 -0.0216088 -0.0194711    1.08107  0.0282972  -0.009285 -0.0236358  0.0455937  0.0241413  0.0561279 -0.0302247   0.0107352 -0.00765292  0.00259081  0.217515 0.0135466 0.0133573 -0.0329413   0.179993   -9.80729 
             146.802 -0.226176   2.52396 -0.308564 -0.0243643 -0.0198224 -0.0223807 -0.0194847    1.08111  0.0282781 -0.0092847 -0.0236361  0.0455955   0.020792  0.0479029 -0.0278183  0.0107616 -0.0076521 0.00259006  0.217724 0.0139322 0.0133081 -0.032954  0.179975  -9.80729 
             146.902 -0.234405   2.53414 -0.299455 -0.0254387 -0.0204465  -0.022662 -0.0194871    1.08114   0.028254 -0.00928423  -0.0236364   0.0455958  0.0188372  0.0400768 -0.0268466   0.0107687 -0.00765799  0.00258321  0.217908 0.0143406 0.0132466 -0.0329631   0.179955   -9.80729 
             147.002 -0.243269   2.54682 -0.292865 -0.0263812 -0.0216523  -0.022884 -0.0194868    1.08117   0.028232 -0.00928371  -0.0236367    0.045595  0.0169586  0.0317674 -0.0259287  0.0107728 -0.0076644 0.00258052  0.218068 0.0147247 0.0131847 -0.0329686   0.179937   -9.80729 
             147.102 -0.0812452    2.38945  -0.281652 -0.0254676 -0.0207906 -0.0154427 -0.0194816    1.08121  0.0281896 -0.00928255   -0.023635   0.0455951  0.0103946  0.0263322 -0.0151718   0.0106837 -0.00757946  0.00257262   0.21796 0.0148564 0.0128236 -0.032938   0.17994  -9.80729 
             147.203 -0.191687   2.43321 -0.280502 -0.0267273 -0.0227964 -0.0156926 -0.019481   1.08124 0.0281731 -0.00928209  -0.0236352   0.0455939 0.00847717  0.0193045 -0.0155223   0.0107469 -0.00760437  0.00257489  0.218097  0.015209 0.0128011 -0.0329414   0.179922   -9.80729 
             147.302 -0.290227   2.48423 -0.321356  -0.026136 -0.0238706 -0.0164553 -0.0194881    1.08126  0.0281525 -0.00928145  -0.0236354    0.045592   0.012207  0.0163657 -0.0162696   0.0108004 -0.00763435  0.00259797  0.218127 0.0154381 0.0127764 -0.0329389   0.179913   -9.80729 
             147.402  -0.16266   2.49851 -0.233547  -0.0305048  -0.0268408 -0.00741925 -0.0195014    1.08134   0.028127 -0.00928208  -0.0236338   0.0455913    0.002254  0.00535851 -0.00579279   0.0107284 -0.00764206   0.0025494  0.218273 0.0157397 0.0124312 -0.0329164   0.179914   -9.80729 
             147.502 -0.0365149    2.39486  -0.247402 -0.0290624 -0.0297076 0.00180656 -0.0195516     1.0814  0.0280586 -0.0092815 -0.0236319  0.0455923 2.42714e-05 -0.00145423  0.00549024   0.0106582 -0.00758312  0.00255659  0.218064 0.0159693 0.0120641 -0.0328741   0.179934   -9.80729 
             147.602 -0.110368   2.29244 -0.235874 -0.0284412 -0.0337917 0.00500804 -0.0195766    1.08143  0.0280246 -0.00928134  -0.0236315   0.0455917 -0.00155502 -0.00718769  0.00715879   0.0106986 -0.00752585  0.00255074  0.218002 0.0162603 0.0119648 -0.0328585   0.179932   -9.80729 
             147.702 0.0272913   2.65116 -0.156062  -0.0277636   -0.032613 -0.00306234 -0.0195345    1.08138  0.0280632 -0.00928023  -0.0236328   0.0455917   0.0134044 -0.00594081 -0.00245198   0.0106193 -0.00773017  0.00250432  0.218141 0.0160852 0.0122771 -0.0328926   0.179913   -9.80729 
             147.802 -0.380103   2.46196 -0.356903 -0.0221418 -0.0338413 -0.0068926 -0.0195358    1.08136  0.0279954   -0.00928 -0.0236316  0.0455912   0.0220876  0.00371765 -0.00575874   0.0108435 -0.00762672  0.00262036  0.217991 0.0162013 0.0123842 -0.0328907   0.179907   -9.80729 
             147.902 -0.188667   2.12575 -0.233287 -0.0274538 -0.0335608 0.00010983 -0.0195441    1.08142  0.0280195 -0.00927951  -0.0236313   0.0455942  -0.00129299   0.00242623 -0.000932821   0.0107364 -0.00743664  0.00254997  0.218172 0.0161989 0.0121617 -0.0328817   0.179916   -9.80729 
             148.002  -0.43064   2.15815 -0.431984 -0.0260609 -0.0418289  0.0148534 -0.0197149    1.08153  0.0279402 -0.00927269  -0.0236332   0.0455863 -0.00838007 -0.00670101   0.0170248   0.0108717 -0.00746228  0.00266341  0.217974 0.0168436 0.0115862 -0.0328187   0.179949   -9.80729 
             148.102  0.718444   2.70408 -0.301898 -0.0299738 -0.0434307 -0.0058569 -0.019624   1.08149 0.0282341 -0.00926875  -0.0236461   0.0455844 0.00954173  -0.034008 -0.0108907   0.0102345 -0.00776081   0.0025931  0.218427 0.0166353 0.0124472 -0.0328952   0.179879    -9.8073 
             148.202 -0.100439   2.40423 -0.356785  -0.0282273   -0.049008 0.000555495 -0.0196999    1.08153  0.0282528 -0.00926787  -0.0236489   0.0455829  0.00503465  -0.0307558 0.000377058   0.0106985 -0.00759277  0.00262076  0.218311 0.0168902 0.0121522 -0.032869  0.179897   -9.8073 
             148.302 -0.177159   2.41369 -0.129894 -0.0282263 -0.0521041 0.00376251 -0.0197057    1.08154  0.0282615 -0.00926811  -0.0236495   0.0455825 0.00467941 -0.0290677 0.00338409   0.0107464 -0.00760105  0.00249028  0.218303 0.0169087 0.0120322 -0.0328628   0.179904    -9.8073 
             148.402 -0.695315   2.31939 -0.332276 -0.0255802 -0.0550939 0.00927148 -0.0197465    1.08155  0.0282485 -0.00926836  -0.0236524   0.0455803  0.0047443 -0.0140419 0.00854889   0.0110326 -0.00754771  0.00260259  0.218158  0.017012 0.0118114 -0.0328442   0.179917   -9.80729 
             148.503 -0.822065   1.95757 -0.345833 -0.0231655 -0.0543665  0.0224886 -0.019764   1.08151 0.0282093 -0.00926588  -0.0236572   0.0455805 -0.00742744   0.0034762   0.0214708   0.0111056 -0.00734404  0.00261289  0.217903 0.0169288  0.011325 -0.0328144   0.179951   -9.80729 
             148.602 -0.826406   1.73745 -0.328457 -0.0217176 -0.0518432  0.0336172 -0.0197661    1.08146  0.0281575 -0.00926331  -0.0236602   0.0455792 -0.018824 0.0207503 0.0336653  0.0111092 -0.0072236 0.00260348  0.217677  0.016824 0.0109643 -0.0327935   0.179977   -9.80729 
             148.702 -0.791692   1.56526 -0.302355 -0.0216424 -0.0483628  0.0434729 -0.0197719    1.08141   0.028099 -0.00926117   -0.023662   0.0455773 -0.0328909  0.0340331  0.0412776   0.0110903 -0.00712728  0.00258929  0.217478 0.0167551  0.010699 -0.0327792   0.179997   -9.80729 
             148.802 -0.672375   1.42311 -0.306785 -0.0218369 -0.0448728  0.0505784 -0.0197806    1.08136  0.0280246 -0.00926003  -0.0236627   0.0455758 -0.0436507  0.0433803  0.0441756   0.0110223 -0.00704834  0.00259204  0.217252 0.0167527 0.0105625 -0.0327686   0.180009   -9.80729 
             148.902  -0.58407   1.31495 -0.252134 -0.0229552 -0.0430752  0.0570088 -0.0198048    1.08132  0.0279475 -0.00925982  -0.0236632   0.0455778 -0.0557177   0.045803  0.0467511   0.0109711 -0.00699045  0.00256171  0.217032 0.0169266 0.0104634 -0.0327594   0.180014   -9.80729 
             149.002 -0.532245    1.2868 -0.255017 -0.0242726 -0.0424987  0.0603507 -0.0198274     1.0813  0.0278752 -0.00926014  -0.0236634   0.0455818 -0.064044 0.0449256 0.0475568   0.0109404 -0.00697659  0.00256721  0.216799 0.0171921 0.0104904 -0.0327477   0.180006   -9.80729 
             149.102  -0.704359    1.13743 -0.0970213 -0.0269883 -0.0418315  0.0665701 -0.0198784    1.08125  0.0278001 -0.00926209  -0.0236646   0.0455819 -0.0793379  0.0495991  0.0498256   0.0110344 -0.00689469  0.00247933  0.216545 0.0174987 0.0104117 -0.0327401    0.18001   -9.80729 
             149.202 -0.709976    1.2286 -0.145258 -0.0313232 -0.0436909   0.064058 -0.0198886    1.08135  0.0277443 -0.00926297  -0.0236647   0.0455838 -0.0850829  0.0473804   0.041161   0.0110374 -0.00694731  0.00250502  0.216424 0.0179803 0.0106819 -0.0327047   0.179966   -9.80729 
             149.302  -0.856894   0.985956 -0.0309682 -0.0340588 -0.0394355   0.070138 -0.0199426    1.08123  0.0276547 -0.00926307  -0.0236659   0.0455838 -0.100005 0.0613209 0.0443213  0.0111212 -0.0068109  0.0024417  0.216018 0.0180639 0.0105731 -0.0327004   0.179989   -9.80729 
             149.402   -1.03292     1.2173 -0.0956813 -0.0371289 -0.0416485  0.0677208 -0.0200026    1.08134  0.0275388 -0.00926221   -0.023665    0.045581 -0.0989985  0.0624506  0.0366818   0.0112155 -0.00694237  0.00247709  0.215757 0.0186676 0.0107965 -0.0326432   0.179953   -9.80729 
             149.502 -0.265044   1.33507 -0.122043 -0.0383142 -0.0413769  0.0433989 -0.0197084    1.08203  0.0277111 -0.00925547  -0.0236756    0.045593 -0.0849866  0.0506178 0.00543622   0.0107833 -0.00700692  0.00249154  0.215633 0.0188737 0.0118343 -0.0324261    0.17978    -9.8073 
             149.602 0.0123997    1.7049 -0.194247 -0.0377863 -0.0437432  0.0218012 -0.0194998    1.08259  0.0276853 -0.00924493   -0.023683   0.0456093 -0.0645738  0.0350682 -0.0194903   0.0106253 -0.00721636  0.00253018  0.215513 0.0192416 0.0126314 -0.0322339   0.179639    -9.8073 
             149.702 -0.0449318    2.00796   0.137868 -0.038811 -0.042921 0.0192685 -0.0195931    1.08252  0.0276105 -0.00924756  -0.0236849   0.0456171 -0.0561463  0.0315335 -0.0177485   0.0106638 -0.00738897  0.00234291  0.215269 0.0194278  0.012616 -0.032228  0.179656   -9.8073 
             149.802 -0.592053   2.06717 -0.117796 -0.0394134 -0.0456523  0.0173494 -0.0197085    1.08257  0.0274093 -0.0092461 -0.0236848   0.045612 -0.0499034  0.0349607 -0.0176622   0.0109607 -0.00741988  0.00248518  0.215057  0.019924 0.0125962 -0.0322009   0.179663    -9.8073 
             149.902 -0.00987271     1.89036   -0.278009 -0.0389323 -0.0491634 0.00820562 -0.0196706    1.08282   0.027327 -0.00924055  -0.0236851   0.0456154 -0.0442359  0.0152799  -0.026721  0.0106455 -0.0073297 0.00257236  0.214873 0.0202631 0.0128617 -0.0321018    0.17962    -9.8073 
             150.002 -0.12952  2.19669 0.106185  -0.038427 -0.0476265 0.00831991 -0.0197877    1.08262  0.0272898 -0.00924266  -0.0236868   0.0456181 -0.0354283  0.0183743 -0.0220971   0.0107177 -0.00750127  0.00235828  0.214598 0.0203025 0.0127166 -0.0321365   0.179665    -9.8073 
             150.102  -0.461476    2.16453 -0.0658273 -0.0377985 -0.0529089  0.0141931 -0.0200474    1.08243  0.0271586 -0.00924466  -0.0236879   0.0456088 -0.0337209  0.0133657 -0.0113713    0.010896 -0.00748529  0.00245668  0.214294 0.0208425 0.0123931 -0.03218 0.179729  -9.8073 
             150.202 -0.409713   2.13788 0.0265557 -0.0370718 -0.0521753  0.0154294 -0.0201418    1.08229  0.0271183 -0.0092458 -0.0236883  0.0456077  -0.0308224   0.0168069 -0.00964091   0.0108678 -0.00747042   0.0024088  0.214031 0.0209054 0.0122759 -0.0322018   0.179765    -9.8073 
             150.302 -0.743754   2.06718 -0.123539 -0.0373567  -0.050927  0.0191026 -0.0202691    1.08213  0.0270891 -0.00924603   -0.023689   0.0456049  -0.0324645   0.0309332 -0.00376797   0.0110533 -0.00743431  0.00249983  0.213813 0.0210345 0.0120835 -0.0322351   0.179808    -9.8073 
             150.403 -0.261664   1.82025 -0.104305 -0.0348238 -0.0495515    0.02689 -0.0204554    1.08182  0.0269653 -0.00924577  -0.0236882   0.0456016  -0.035971   0.026064 0.00573462   0.0107913 -0.00730162  0.00248686  0.213344 0.0211231 0.0117424 -0.0322961   0.179889    -9.8073 
             150.502 -0.745984   1.64107 -0.131545 -0.0321341 -0.0472522  0.0349632 -0.0206457    1.08154  0.0269371 -0.00924361    -0.02369    0.045594 -0.0393962  0.0392285  0.0167374   0.0110682 -0.00720088  0.00250046   0.21289 0.0212432 0.0114125 -0.0323439   0.179965    -9.8073 
             150.602 -0.698945   1.48269 -0.117146 -0.0289367 -0.0467676  0.0422872 -0.0208205    1.08135    0.02682 -0.00924129   -0.023691   0.0455861 -0.0440149   0.040928  0.0246547   0.0110421 -0.00711619  0.00249406  0.212419 0.0214965 0.0111546 -0.0323608   0.180026   -9.80729 
             150.702 -0.877039    1.1652   -0.1255  -0.022162 -0.0479271  0.0424506 -0.0209406    1.08135  0.0266777 -0.00924071   -0.023691   0.0455717 -0.0452667  0.0448686  0.0224725   0.0111386 -0.00693857  0.00250043  0.211825 0.0218776   0.01118 -0.0323057   0.180049   -9.80729 
             150.802  0.052149   1.39376 -0.132762 -0.0249365 -0.0458992  0.0466972 -0.0209859     1.0813  0.0265962 -0.0092401 -0.0236901   0.045574 -0.0539815  0.0287847  0.0229422   0.0106174 -0.00706699  0.00250281  0.211708 0.0219096 0.0110877 -0.0323146   0.180068   -9.80729 
             150.903 -0.461045   1.33322 -0.121647 -0.0260831 -0.0466191  0.0531569 -0.0211154     1.0812  0.0265432 -0.0092391 -0.0236915  0.0455732 -0.0639034   0.031283  0.0289751   0.0109039 -0.00703911  0.00249639  0.211424 0.0222111 0.0108907 -0.0323204   0.180106   -9.80729 
             151.002  0.806509   1.62793 -0.119554 -0.0354152 -0.0431212  0.0331653 -0.0208572    1.08172  0.0269024 -0.00923692  -0.0237119   0.0455675  -0.0671082   0.0130964 -0.00151943   0.0102148 -0.00720426  0.00249698  0.211845 0.0219879 0.0118054 -0.0321773   0.179963    -9.8073 
             151.102  0.905562   1.80922 -0.153931 -0.0401464 -0.0434158  0.0137831 -0.0206947    1.08217  0.0269326 -0.00923345  -0.0237233   0.0455726  -0.0612025 -0.00132834  -0.0251095    0.010157 -0.00730596  0.00251736  0.211981 0.0220473 0.0125529 -0.0320327   0.179857    -9.8073 
             151.202  0.874312   2.15293 -0.100761 -0.0431453 -0.0442457 -0.0048159 -0.020604   1.08252 0.0269235 -0.00922796  -0.0237292    0.045577 -0.0488343 -0.0149584 -0.0456356   0.0101754 -0.00749576  0.00248744  0.212037 0.0220753 0.0131657 -0.0319113   0.179786    -9.8073 
             151.302  0.823879   2.33065 -0.124782 -0.0439801 -0.0462276 -0.0184076 -0.0205831     1.0827  0.0269002 -0.00922488  -0.0237302   0.0455807 -0.0360427 -0.0278319 -0.0571449   0.0102028 -0.00758848  0.00249899  0.211943 0.0220962 0.0134986 -0.0318387   0.179763    -9.8073 
             151.402  0.535577   2.61125 -0.016519 -0.0470582 -0.0491067 -0.0238725 -0.0205757    1.08268  0.0268969 -0.00922539  -0.0237313    0.045581 -0.0299644 -0.0349269 -0.0582716   0.0103679 -0.00774432  0.00244255  0.211951 0.0221045   0.01347 -0.031844   0.17976   -9.8073 
             151.502    0.5434   2.58895 -0.182569 -0.0417994 -0.0497395 -0.0390653 -0.020621   1.08279 0.0268853 -0.00922545  -0.0237276   0.0455886 -0.00819679  -0.0361086  -0.0697108   0.010363 -0.0077324 0.00253093  0.211595 0.0219255  0.013796 -0.0317767   0.179781    -9.8073 
             151.602 0.00631157    2.65144  -0.231823 -0.0378426 -0.0499864 -0.0428035 -0.0205839    1.08264  0.0269335 -0.00922795  -0.0237298   0.0455984  0.0038102 -0.0249165 -0.0645288   0.0106644 -0.00777189  0.00255897  0.211331 0.0217563 0.0136234 -0.0317982   0.179788    -9.8073 
             151.702  0.440244   2.59346 -0.205834 -0.0386128 -0.0521103 -0.0468278 -0.0205409    1.08258  0.0270011 -0.00922853  -0.0237304   0.0456012 0.00601613 -0.0367506 -0.0633801   0.0104252 -0.00774177  0.00254454   0.21138  0.021608 0.0135255 -0.0318196   0.179784    -9.8073 
             151.802   0.336556    2.71699 -0.0882072 -0.0391472 -0.0528911  -0.045148 -0.0203896    1.08245  0.0270929 -0.00922807  -0.0237326   0.0456038 0.00863255   -0.03537 -0.0531183   0.0104905 -0.00780835   0.0024786   0.21142 0.0213623 0.0131982 -0.0318619   0.179759    -9.8073 
             151.902 -0.147617   2.66443 -0.260433  -0.036033 -0.0517419 -0.0443691 -0.0202687    1.08233  0.0271642 -0.00922928  -0.0237371     0.04561  0.0155254 -0.0215896 -0.0439478   0.0107349 -0.00777877   0.0025669  0.211264 0.0210687 0.0129323 -0.0318825   0.179742    -9.8073 
             152.002  0.387304   2.60026 -0.220877 -0.0363338 -0.0525302 -0.0459145 -0.0202065     1.0823  0.0272292 -0.00922921  -0.0237374   0.0456103  0.0159241 -0.0311036 -0.0420808   0.0104464 -0.00774269  0.00254435  0.211348 0.0208686 0.0128293 -0.0318981   0.179734    -9.8073 
             152.102    0.29085    2.66678 -0.0952366 -0.0394452 -0.0523963 -0.0422636 -0.020025   1.08227  0.027328 -0.00922692  -0.0237374   0.0456103    0.01202 -0.0303423 -0.0342597   0.0105062 -0.00778067  0.00247794  0.211583 0.0206064 0.0125303 -0.0319178   0.179696    -9.8073 
             152.202 -0.113476   2.71952 -0.282105 -0.0320805 -0.0522101 -0.0419728 -0.0199256    1.08221  0.0272857 -0.00922739  -0.0237392   0.0456109  0.0278722 -0.0196436 -0.0285465   0.0106812 -0.00779877  0.00256354  0.211229 0.0204072 0.0123398 -0.0319021   0.179682    -9.8073 
             152.302  0.402073   2.56828 -0.229305  -0.032762 -0.0533863 -0.0422041 -0.0198677    1.08221  0.0273526 -0.00922719  -0.0237391   0.0456112  0.0253975 -0.0314006 -0.0279427    0.010419 -0.00771479  0.00253658  0.211393 0.0202492 0.0122552 -0.0319116   0.179672    -9.8073 
             152.402 -0.0962601    2.44829   -0.30573 -0.0295029     -0.051 -0.0398479 -0.0197418     1.0822  0.0273888 -0.00922631  -0.0237413   0.0456137  0.0254916 -0.0143923 -0.0205935   0.0106913 -0.00765058  0.00257745  0.211311 0.0199221 0.0120421 -0.0319002   0.179654    -9.8073 
             152.502  0.400311   2.47013 -0.242757 -0.0318459 -0.0524202 -0.0389468 -0.0196813    1.08223  0.0274467 -0.00922605  -0.0237405   0.0456144  0.0196967 -0.0274644 -0.0178384   0.0104239 -0.00765621   0.0025433  0.211569 0.0198172 0.0119517 -0.0319083    0.17964    -9.8073 
             152.602  0.357172   2.58146 -0.163197 -0.0342383 -0.0526534 -0.0346059 -0.0195495    1.08229  0.0274848 -0.00922472  -0.0237395    0.045612  0.0151143 -0.0287936 -0.0110995    0.010455 -0.00771736      0.0025  0.211795  0.019616 0.0117288 -0.0319002   0.179614    -9.8073 
             152.702  0.283922   2.55791 -0.301615 -0.0291914 -0.0504938 -0.0407608 -0.0196108    1.08222  0.0274527 -0.00922627  -0.0237389   0.0456126  0.0266698 -0.0201504 -0.0167377   0.0104944 -0.00770071  0.00257646  0.211619 0.0192957 0.0119018 -0.0319131   0.179648    -9.8073 
             152.802 0.336402  2.59947 -0.18297 -0.0322475 -0.0514204 -0.0352997 -0.0194777    1.08231   0.027506 -0.00922555  -0.0237383   0.0456109   0.0196269  -0.0267563 -0.00653711   0.0104705 -0.00771124  0.00252065   0.21191 0.0191709 0.0116577 -0.0319008   0.179616    -9.8073 
             152.902 -0.106181   2.53704  -0.33731 -0.0267519 -0.0518185 -0.0306834 -0.0193739    1.08235  0.0275037 -0.00922542  -0.0237397   0.0456138  0.0258756 -0.0152813 5.7458e-05   0.0106954 -0.00768062  0.00259917  0.211702 0.0190541 0.0114309 -0.0318639   0.179596    -9.8073 
             153.003   0.42849    2.3971 -0.258688 -0.0292781 -0.0527818  -0.031045 -0.0193714    1.08236  0.0275645 -0.00922591  -0.0237401   0.0456147   0.0164649  -0.0283725 -0.00289756   0.0104053 -0.00759628  0.00255641  0.211953 0.0189191 0.0114716 -0.0318824     0.1796    -9.8073 
             153.103   0.27845   2.57145 -0.299399 -0.0269174 -0.0512218 -0.0327833 -0.0193557    1.08234  0.0275785 -0.00922643  -0.0237401   0.0456151  0.0249065 -0.0218463 -0.0037588   0.0104931 -0.00769049  0.00258198  0.211941  0.018644 0.0115143 -0.0318895   0.179613    -9.8073 
             153.202  0.445538   2.49053 -0.327161 -0.0239777 -0.0486647 -0.0409907 -0.0194402    1.08224  0.0276258 -0.00922749  -0.0237412   0.0456131   0.030752 -0.0193144 -0.0139865   0.0104178 -0.00765612  0.00259457  0.211931  0.018333 0.0118086 -0.0319284   0.179654    -9.8073 
             153.302  0.391355    2.5657 -0.184152 -0.0282024 -0.0504944 -0.0342935 -0.0193093    1.08239   0.027674 -0.00922746  -0.0237398   0.0456114   0.0187216  -0.0266761 -0.00509106   0.0104566 -0.00769169  0.00251795  0.212297 0.0182859 0.0115354 -0.0319084   0.179618    -9.8073 
             153.404 -0.0574568    2.50858  -0.358967 -0.0246475 -0.0513142 -0.0300733 -0.019232   1.08242 0.0277001 -0.00922781  -0.0237416   0.0456141   0.022191 -0.0199297 0.00258479   0.0106973 -0.00766318  0.00261247    0.2122 0.0181781 0.0113428 -0.0318815   0.179602    -9.8073 
             153.505  0.435936    2.3674 -0.270675 -0.0289698 -0.0527078  -0.029968 -0.0192286    1.08247   0.027767 -0.00922796  -0.0237417   0.0456153    0.0104922    -0.032261 -0.000865545   0.0104277 -0.00758023   0.0025645   0.21252 0.0180652 0.0113878 -0.031898  0.179605   -9.8073 
             153.604 -0.100985   2.42929 -0.356458 -0.0256495 -0.0528195 -0.0262637 -0.0191511    1.08248  0.0278166 -0.00922857  -0.0237436   0.0456191   0.014454 -0.0210278 0.00391436   0.0107226 -0.00761294  0.00261256  0.212399 0.0178942 0.0112164 -0.0318753   0.179594    -9.8073 
             153.702 0.439536  2.32927 -0.26654 -0.0290385  -0.053511 -0.0278361 -0.0191692    1.08249  0.0279009 -0.00922847  -0.0237437   0.0456186  0.00768736  -0.0300957 0.000124473   0.0104372 -0.00755886  0.00256274  0.212639 0.0177237 0.0113156 -0.0318938   0.179606    -9.8073 
             153.802  0.277325   2.53998 -0.282806 -0.0273066 -0.0523649 -0.0295016 -0.0191642    1.08247  0.0279326 -0.0092283 -0.0237439  0.0456185    0.017762  -0.0228212 -0.00184307   0.0105299 -0.00767639  0.00257318  0.212632 0.0174523 0.0113604 -0.0318988   0.179618    -9.8073 
             153.902  0.422062    2.5459 -0.305198 -0.0250227 -0.0500481 -0.0381021 -0.0192546    1.08241  0.0279804 -0.0092276 -0.0237448   0.045616  0.0248876  -0.020687 -0.0118221    0.010446 -0.00767153  0.00258498  0.212634 0.0171429 0.0116735 -0.031928  0.179659   -9.8073 
             154.002 0.728643  2.64607 -0.18562  -0.032322 -0.0549013 -0.0359806 -0.0192285    1.08252  0.0280325 -0.00922858  -0.0237421   0.0456149  0.0114569 -0.0372616 -0.0125714   0.0102861 -0.00772241  0.00252139  0.213173 0.0172454 0.0116039 -0.0319382   0.179643    -9.8073 
             154.202 -0.457161   2.85312 0.0628649  -0.030099 -0.0558397 -0.0294617 -0.0190924    1.08246  0.0284151 -0.00922931  -0.0237582    0.045628   0.0275522 -0.00509286   -0.012774   0.0109567 -0.00784731  0.00238488  0.213258 0.0171514 0.0112219 -0.0319182   0.179605    -9.8073 
             154.404 -0.0765597    2.59888 0.00698996 -0.0309423 -0.0544905 -0.0219827 -0.0190157    1.08246  0.0285095 -0.00922868  -0.0237591   0.0456295    0.020179 -0.00648185 -0.00508482   0.0107419 -0.00768841  0.00240542   0.21343 0.0168642 0.0109141 -0.0319038   0.179585    -9.8073 
             154.502  -0.381441    2.53723 -0.0618738 -0.0274076 -0.0550029 -0.0216641 -0.019005   1.08248 0.0284946 -0.00922852  -0.0237592   0.0456293   0.0247156  0.00528111 -0.00567321   0.0109199 -0.00765579  0.00244397  0.213353  0.016961 0.0108724 -0.0318929    0.17958    -9.8073 
             154.602 -0.132373   2.48473 -0.270512 -0.0318538 -0.0522223 -0.0134574 -0.0189706    1.08247  0.0285361 -0.00923017   -0.023761   0.0456285  0.0121905 0.00659351 0.00238183   0.0107744 -0.00762731  0.00256074  0.213596 0.0167179  0.010591 -0.0318876   0.179563    -9.8073 
             154.702 -0.234411   2.53164 -0.276944 -0.0297756 -0.0515598 -0.0144503 -0.0189754    1.08247  0.0285308 -0.00922997  -0.0237609   0.0456287    0.0187219     0.011166 -0.000446005   0.0108258 -0.00764918  0.00256326  0.213583 0.0167475 0.0106274 -0.0318894   0.179565    -9.8073 
             154.802 -0.0281343     2.5823   0.249221 -0.0355532 -0.0480935 -0.0167261 -0.0189676    1.08241  0.0286025 -0.00922739  -0.0237584   0.0456261   0.0118486   0.0150576 -0.00322249   0.0107196 -0.00767392  0.00226635  0.213927 0.0165907 0.0107644 -0.0319285   0.179553    -9.8073 
             155.004 -0.383667   2.57707 -0.277762 -0.0378205 -0.0471109 -0.0157961 -0.0189274    1.08251  0.0286235 -0.00922591  -0.0237627   0.0456248   0.0128388   0.0236447 -0.00297724   0.0109072 -0.00767466    0.002569  0.214149 0.0167764 0.0107374 -0.0319196   0.179532    -9.8073 
             155.202  0.697948   2.63024 -0.098283 -0.0385298 -0.0599492 -0.0235894 -0.0188876    1.08254  0.0286267 -0.00922683  -0.0237692    0.045644  0.0202754 -0.0370287 -0.0144517    0.010344 -0.00770338  0.00247702  0.214345 0.0172682 0.0110368 -0.03193 0.179494 -9.80731 
             155.302  0.385636   2.70298 -0.418563  -0.021188 -0.0577816 -0.0256986 -0.018943   1.08246 0.0286329 -0.00922914   -0.023764   0.0456487  0.0525822 -0.0246207 -0.0150921   0.0104925 -0.00773562  0.00263788  0.213757 0.0170706  0.010968 -0.0319094   0.179538    -9.8073 
             155.402  0.344802   2.93321 -0.262598  -0.023677 -0.0645477 -0.0263118 -0.0189192    1.08253  0.0286223 -0.00923081  -0.0237643   0.0456429  0.0522735 -0.0408309 -0.0147197   0.0105203 -0.00785593  0.00255688  0.214122 0.0172522 0.0109755 -0.0319165   0.179511   -9.80731 
             155.702 -0.643741   2.70892 -0.266028  -0.013097 -0.0548123 -0.0233046 -0.018841    1.0826 0.0287721 -0.00922774  -0.0237717   0.0456761   0.0596072   0.0212803 -0.00631576   0.0110509 -0.00773558  0.00255891  0.214321 0.0167189 0.0107372 -0.0319067   0.179517   -9.80731 
             155.802  -0.216815    2.47056 -0.0760313 -0.0241928 -0.0468844 -0.0161974 -0.0187654    1.08272  0.0288889 -0.00922439  -0.0237695   0.0456824  0.0285896  0.0278928 0.00272838   0.0108436 -0.00760982   0.0024671  0.214916 0.0163473 0.0105222 -0.0319045   0.179513   -9.80731 
             155.902 -0.650103   2.51084 -0.454129  -0.0180328  -0.0470285 -0.00991673 -0.0188092    1.08279   0.028881 -0.00922219  -0.0237722   0.0456789  0.034596 0.0380542 0.0103944   0.0110469 -0.00763267  0.00266063  0.214804 0.0165589 0.0102981 -0.0318683   0.179516   -9.80731 
             156.002 -0.209056   2.72732 -0.356051 -0.0184247 -0.0543922 -0.0194704 -0.0188696    1.08272  0.0289335 -0.00922195  -0.0237719   0.0456898   0.0431026    0.013874 -0.00377157   0.0107693 -0.00773466  0.00260441   0.21502  0.017034 0.0107105 -0.0319245   0.179493   -9.80731 
             156.102 -0.298096   2.49679 -0.152637  -0.0299862  -0.0470834 -0.00879737 -0.0188381    1.08293  0.0289991 -0.00921747  -0.0237679   0.0456904  0.0111729  0.0267547 0.00688411   0.0108364 -0.00759604  0.00250484   0.21559 0.0167315 0.0103642 -0.031897  0.179508  -9.80731 
             156.202 -0.269001   2.44177  -0.10341  -0.0352423  -0.0438473 -0.00404243 -0.0188409    1.08301  0.0290044 -0.00921678  -0.0237663   0.0456914 -0.00120338   0.0307902   0.0119024   0.010824 -0.0075563  0.0024801  0.215848 0.0167045 0.0102393 -0.0318888   0.179514   -9.80731 
             156.302 0.0652759   2.63044 -0.167968 -0.0380114 -0.0445756 -0.0135191 -0.0188028    1.08294  0.0290243 -0.00921635  -0.0237693   0.0456961  0.00597252   0.0191804 -0.00266818     0.01062 -0.00764303   0.0025166  0.216002 0.0168809 0.0106649 -0.0319444   0.179481   -9.80731 
             156.402  0.223227   2.68691 0.0503863 -0.0366502 -0.0419236 -0.0123339 -0.0188076    1.08296  0.0290337 -0.00921584  -0.0237692   0.0456948     0.013163    0.0156271 -0.000921811   0.0105341 -0.00767735  0.00238992  0.215973 0.0168145 0.0106031 -0.0319366   0.179487   -9.80731 
             156.502  0.251972   2.68239 0.0403162 -0.0354332 -0.0411942 -0.0110052 -0.0188152    1.08297  0.0290296 -0.00921595  -0.0237688   0.0456949   0.0179789  0.00808441 0.000629264   0.0105182 -0.00767359  0.00239799  0.215989 0.0168431 0.0105506 -0.0319302    0.17949   -9.80731 
             156.602   0.26653   2.66018 0.0329102  -0.0341018  -0.0414193 -0.00968474 -0.018821     1.083 0.0290218 -0.00921582  -0.0237688   0.0456947   0.023527 0.00201584 0.00204176   0.0105105 -0.00766094  0.00240003  0.216028 0.0168963 0.0105082 -0.0319242   0.179489   -9.80731 
             156.702  0.275121   2.63711 0.0250837 -0.0326935 -0.0422204 -0.0084257 -0.0188206    1.08302  0.0290182 -0.00921556   -0.023769   0.0456945   0.0277003 -0.00639578  0.00495271   0.0104996 -0.00764692  0.00240459  0.216093 0.0169411 0.0104795 -0.0319203   0.179487   -9.80731 
             156.802  0.283847   2.61425 0.0162381  -0.0314656  -0.0432571 -0.00722502 -0.0188104    1.08305  0.0290241 -0.0092154 -0.0237694  0.0456944  0.0294073 -0.0107369 0.00573332   0.0104969 -0.00763465  0.00241147  0.216186 0.0169568 0.0104637 -0.0319197   0.179482   -9.80731 
             156.902  -0.119421    2.73608 -0.0895061   -0.0298761   -0.0476031 -0.000657615 -0.018839   1.08318 0.0290195 -0.00921397  -0.0237732   0.0456874 0.0321851 -0.015192 0.0137205     0.01072 -0.00770044  0.00247204  0.216299 0.0171943 0.0102302 -0.0318788   0.179475   -9.80731 
             157.002  -0.129389    2.31342 -0.0268232 -0.0374252 -0.0518813  0.0194543 -0.0187826    1.08344   0.029111 -0.00920992  -0.0237783   0.0456916 0.00163101  -0.025255  0.0338153    0.010728 -0.00746473  0.00243733  0.216782 0.0172546 0.0095525 -0.0318076   0.179455   -9.80731 
             157.202   0.291363    3.04781 -0.0652625 -0.0371897 -0.0514489  0.0626916 -0.0185683    1.08357  0.0289701 -0.00922485   -0.023774   0.0456895  0.0201749 -0.0355712  0.0769368   0.0104895 -0.00786864   0.0024582   0.216833  0.0164555 0.00824013 -0.0317195   0.179475   -9.80731 
             157.302   0.58306   1.70563 -0.374409 -0.0228646 -0.0569267  0.0475896 -0.0188324    1.08328  0.0291001 -0.00923355  -0.0237823   0.0456813  0.0200487 -0.0476876  0.0479232   0.0103618 -0.00725563  0.00260673   0.216055  0.0167357 0.00904931 -0.0317747   0.179528   -9.80731 
             157.402  0.469784   1.79191 -0.417238 -0.0138893 -0.0523294  0.0289387 -0.0188742    1.08299  0.0290246 -0.00924798  -0.0237762   0.0456892  0.0325349 -0.0314903  0.0212084   0.0104344 -0.00729802  0.00263249   0.215798  0.0162957 0.00987036 -0.0318871    0.17956    -9.8073 
             157.502  0.567115   1.43537 -0.253724 -0.0184158 -0.0476323  0.0147728 -0.0188865    1.08288  0.0290209 -0.00925382  -0.0237757   0.0457027  0.00727657  -0.0234829 -0.00171143   0.0103923 -0.00708293  0.00254097    0.2162 0.0158399 0.0105197 -0.0319837   0.179569    -9.8073 
             157.602  0.456107     1.329 -0.255557   -0.0206848    -0.042902 -0.000985612  -0.01896   1.08282 0.0290467 -0.00925645  -0.0237739   0.0457131 -0.00921288  -0.0120771  -0.0206351   0.0104638 -0.00701491  0.00254425  0.216396 0.0154898 0.0111111 -0.0320446   0.179595    -9.8073 
             157.702  0.101919   1.50797 -0.408126  -0.0279853  -0.0479289 0.000907312 -0.0189275    1.08288    0.02906 -0.00925793  -0.0237765   0.0457033 -0.0339694 -0.0201958 -0.0163971   0.0106581 -0.00711546  0.00262905    0.2167 0.0157276 0.0109835 -0.0320497   0.179572    -9.8073 
             157.802 0.269496  2.14562 -0.10816  -0.0356602   -0.047449 -0.00686526 -0.0190105    1.08291  0.0291841 -0.00925531  -0.0237738   0.0456999 -0.0340552 -0.0199129 -0.0228442   0.0105691 -0.00747616  0.00246052  0.217035  0.015584 0.0112217 -0.032072  0.179586   -9.8073 
             158.002  -0.383261    2.43335 -0.0296163 -0.0417461 -0.0428527 -0.0100921 -0.0189261    1.08288  0.0291988 -0.00925317  -0.0237765   0.0457115 -0.0282135 0.00950129 -0.0234348  0.0109377 -0.0076333 0.00241753  0.217056 0.0152604 0.0111371 -0.0320781    0.17958    -9.8073 
             158.102 -0.831976   1.89941 -0.157358  -0.0410564   -0.044757 -0.00358758 -0.0188516    1.08281  0.0289944 -0.00925412  -0.0237824   0.0457085 -0.0403685  0.0219053 -0.0139392   0.0111878 -0.00733155  0.00249497  0.216696 0.0155065 0.0108075 -0.0320727    0.17955    -9.8073 
             158.202 0.0427784   2.71781 0.0204117 -0.0419661 -0.0323856 -0.0166093 -0.0189906    1.08282  0.0293555 -0.00924485  -0.0237848   0.0456897  -0.014203   0.033893 -0.0252009   0.0107157 -0.00777642  0.00240021  0.216777 0.0148314 0.0111824 -0.0320793   0.179599    -9.8073 
             158.302 -0.163155   2.59584 -0.220082 -0.0328728 -0.0346052 -0.0362826 -0.0192014    1.08294   0.029189 -0.00923652  -0.0237811   0.0456983  0.0095149  0.0306107 -0.0436979  0.0108247 -0.0077047 0.00253697  0.216411  0.015435 0.0117232 -0.0320281   0.179634    -9.8073 
             158.402 -0.193557   2.37132 -0.178342  -0.027375 -0.0317861 -0.0387015 -0.0191797    1.08289  0.0291724 -0.00923714  -0.0237811   0.0456976  0.0161524  0.0331131 -0.0422112   0.0108409 -0.00757437  0.00251246  0.216164 0.0154439 0.0116366 -0.0320261   0.179634    -9.8073 
             158.502 -0.194195   2.20671 -0.194123 -0.0232491 -0.0301098 -0.0390006 -0.0191567    1.08285  0.0291473 -0.00923726  -0.0237813   0.0456973  0.0170198  0.0329153 -0.0398776   0.0108383 -0.00748087  0.00251988  0.216017 0.0155015 0.0115027 -0.0320248   0.179629    -9.8073 
             158.602 -0.183597   2.09756 -0.210933 -0.0205394  -0.029477 -0.0378625 -0.0191302    1.08282  0.0291271 -0.00923712  -0.0237816   0.0456975   0.014263  0.0288589 -0.0357949   0.0108303 -0.00741698  0.00253136  0.215944 0.0155992 0.0113472 -0.0320238   0.179621    -9.8073 
             158.702 -0.336201   2.25091 -0.259213 -0.0180609 -0.0300693 -0.0547303 -0.0192192    1.08297  0.0290814 -0.00923511  -0.0237809   0.0456973   0.019215  0.0298928 -0.0470652   0.0109173 -0.00750316   0.0025597  0.215958 0.0160312  0.011792 -0.0319848   0.179622    -9.8073 
             158.802 -0.359261   1.97106 -0.219742 -0.0196314 -0.0287649 -0.0536124 -0.0191895    1.08296  0.0290914 -0.00923503  -0.0237813   0.0456984 0.00449801  0.0298545 -0.0421221  0.0109296  -0.007344 0.00253838  0.216054 0.0160803 0.0116177 -0.0319931   0.179613    -9.8073 
             158.902 -0.328664   1.90023  -0.21136 -0.0210272 -0.0285987 -0.0509272 -0.0191745    1.08293  0.0291002 -0.00923514  -0.0237814   0.0456989 -0.00646614   0.0265899   -0.035736   0.0109102 -0.00730191  0.00253671   0.21611 0.0161801 0.0114147 -0.0320008   0.179606    -9.8073 
             159.002 -0.276003   1.97062 -0.231418 -0.0208078 -0.0297688 -0.0468464  -0.01918    1.0829 0.0291006 -0.00923541  -0.0237813   0.0456995 -0.00923206   0.0202749  -0.0280384   0.0108738 -0.00734001  0.00254568  0.216079 0.0163351 0.0111892 -0.0320066   0.179604    -9.8073 
             159.102 -0.247502   1.98076 -0.227576 -0.0212031 -0.0307602 -0.0432141 -0.0191933    1.08286  0.0290982 -0.00923569  -0.0237811   0.0456999 -0.0128531  0.0170902  -0.022973  0.0108556 -0.0073463 0.00254462  0.216055 0.0164652 0.0109961 -0.0320129   0.179605    -9.8073 
             159.202 -0.221535    1.9855 -0.225348 -0.0218538 -0.0315187 -0.0399169 -0.0192099    1.08283  0.0290928 -0.00923586  -0.0237808   0.0457002 -0.0169284  0.0130484 -0.0170956   0.0108381 -0.00735063  0.00254319  0.216024  0.016563 0.0108284 -0.0320193   0.179609    -9.8073 
             159.302 -0.358145   2.22868 -0.258795 -0.0215868 -0.0326377 -0.0550247 -0.0192251    1.08294  0.0290804 -0.00923519  -0.0237814   0.0457003 -0.00965235   0.0174711   -0.031278   0.0109116 -0.00749366  0.00256336  0.215967 0.0169576  0.011277 -0.031985   0.17958   -9.8073 
             159.402 -0.361438   1.99428 -0.209805 -0.0236664 -0.0314996 -0.0510386 -0.0192397    1.08289   0.029088 -0.00923475   -0.023781   0.0457002 -0.0203134  0.0195869 -0.0234774  0.0109141 -0.0073609 0.00253713  0.215977 0.0169176 0.0110471 -0.0319999   0.179593    -9.8073 
             159.502 -0.301214   2.03176 -0.219216 -0.0241923 -0.0318219 -0.0474916 -0.0192718    1.08284  0.0290711 -0.00923467  -0.0237807   0.0457004 -0.0227898   0.018318 -0.0180901  0.0108805 -0.0073804 0.00254115  0.215916 0.0170109 0.0108661 -0.0320077   0.179603    -9.8073 
             159.602 -0.269024   2.04609 -0.215508  -0.024786 -0.0319568 -0.0439999 -0.0193063     1.0828  0.0290517 -0.00923459  -0.0237804   0.0457009 -0.0244475  0.0168613 -0.0136606   0.0108586 -0.00738657  0.00253838  0.215843 0.0170902 0.0106972 -0.0320151   0.179614    -9.8073 
             159.702 -0.237128   2.03505 -0.208268  -0.024905  -0.031968 -0.0404444 -0.0193401    1.08275  0.0290295 -0.00923449    -0.02378   0.0457014 -0.0249774  0.0147875 -0.0086826    0.010839 -0.00737823  0.00253571  0.215737 0.0171509 0.0105394 -0.0320211   0.179626    -9.8073 
             159.803  -0.20517   2.02775 -0.204803 -0.0249737 -0.0319899 -0.0368572 -0.0193725     1.0827  0.0290061 -0.00923437  -0.0237797   0.0457018  -0.0246694   0.0131327 -0.00339354   0.0108235 -0.00737114  0.00253274  0.215627 0.0172091 0.0103973 -0.0320261   0.179639    -9.8073 
             159.902 -0.340221     2.287 -0.241844 -0.0242057  -0.032727 -0.0518777 -0.0193305    1.08282    0.02896 -0.00923307  -0.0237803   0.0457017 -0.0162138  0.0183362 -0.0209487   0.0108958 -0.00750157  0.00255278  0.215528 0.0175678 0.0108898 -0.0319822    0.17959    -9.8073 
             160.002 -0.645059   3.09168  -0.23733 -0.0304619  -0.036806 -0.0660403 -0.0193103    1.08303  0.0288893 -0.00922726  -0.0237791   0.0456835 0.00111413  0.0192939 -0.0343071   0.0110615 -0.00792959  0.00254413  0.215877 0.0181732 0.0113499 -0.0319491   0.179529    -9.8073 
             160.102 -0.598942   2.29042   -0.2219 -0.0330999 -0.0345594 -0.0713136 -0.0193097    1.08305  0.0287829 -0.00922794   -0.023779   0.0456868 -0.0141679  0.0304493  -0.036208    0.011031 -0.00748127  0.00254141  0.215891 0.0182106 0.0114176 -0.0319446   0.179523   -9.80731 
             160.202 -0.693603   1.87643  -0.32028 -0.0327936 -0.0353534 -0.0736867 -0.0193538    1.08304  0.0286996 -0.0092259 -0.0237787  0.0456841 -0.0239529  0.0327005 -0.0362743   0.0110809 -0.00724764  0.00259811  0.215762 0.0185106 0.0113963 -0.0319361   0.179521   -9.80731 
             160.302 -0.659588   1.64716 -0.335487 -0.0251735 -0.0376317 -0.0652392 -0.0194877    1.08291   0.028605 -0.00922121  -0.0237776   0.0456753 -0.0189981  0.0276491 -0.0237655  0.0110633  -0.007118 0.00260639    0.2153 0.0188104 0.0110025 -0.0319383   0.179565    -9.8073 
             160.402 -0.437278   1.67217 -0.367424 -0.0239546 -0.0376114 -0.0532578 -0.0196156    1.08279  0.0285862 -0.00921771  -0.0237762   0.0456768  -0.0244541   0.0240542 -0.00810878   0.0109513 -0.00712339  0.00262296  0.215155  0.018889 0.0105326 -0.0319584   0.179618    -9.8073 
             160.702 -0.403806   1.76586 -0.428404 -0.0302436 -0.0383539 -0.0302904 -0.0198412    1.08262    0.02857 -0.00921435  -0.0237739   0.0456805 -0.0477953  0.0228804  0.0124587   0.0109304 -0.00717483  0.00265692    0.21499  0.0192202 0.00984763 -0.0319907   0.179698    -9.8073 
             160.902 -0.262888   2.23995 -0.295725 -0.0365966 -0.0374985 -0.0122822 -0.0199794    1.08252  0.0285574 -0.00921597  -0.0237725   0.0456796 -0.0378992  0.0174739  0.0277839   0.0108501 -0.00743103  0.00257836    0.21501  0.0192743 0.00940883 -0.0320231   0.179756    -9.8073 
             161.004  -0.692203    2.32926 -0.0637593 -0.0328309 -0.0259031   -0.04172 -0.0196991    1.08271  0.0285601 -0.00921165  -0.0237732   0.0456886  -0.0193324   0.0593177 -0.00179081   0.0110822 -0.00747171  0.00244774  0.214873 0.0190976 0.0103355 -0.0319451   0.179633    -9.8073 
             161.202 -0.378883   2.32324  -0.37221 -0.0288305  -0.031113 -0.0322155 -0.0198161    1.08263  0.0283544 -0.00920193  -0.0237718   0.0456965 -0.00797036   0.0358334  0.00547689   0.0109068 -0.00746808  0.00261952  0.214644 0.0196885 0.0101004 -0.0319635   0.179651    -9.8073 
             161.302  0.481244   1.90851 -0.234114  -0.027839 -0.0382977 -0.0193713 -0.019906   1.08254 0.0282565 -0.00920134  -0.0237702   0.0457079  -0.0188297 -0.00633529   0.0144176   0.0104336 -0.00723323  0.00254172   0.214456  0.0199515 0.00978677 -0.0319797   0.179685    -9.8073 
             161.402 -0.567636   2.00073 -0.313587 -0.0240547 -0.0373461 -0.0190891 -0.0199167    1.08252  0.0281906 -0.00920158  -0.0237726   0.0457104 -0.012412 0.0164607 0.0130971   0.0110184 -0.00728098  0.00258307     0.2143  0.0200335 0.00977674 -0.0319752   0.179685    -9.8073 
             161.502  0.297691   2.22431 -0.339533 -0.0274626 -0.0357857 -0.0168613 -0.0199036    1.08253  0.0282785 -0.00920174  -0.0237728   0.0457117   -0.0130137 -0.000103523    0.0133044   0.0105277 -0.00740512  0.00259956   0.214382  0.0199044 0.00976648 -0.0319783   0.179689    -9.8073 
             161.602  0.438447    2.2377 -0.311314 -0.0299423 -0.0326296 -0.0115017 -0.0199136     1.0825  0.0283053 -0.00920193  -0.0237721   0.0457086  -0.0151972 -0.00251682   0.0160124   0.0104497 -0.00741302   0.0025817   0.214402   0.019674 0.00963934 -0.0319874   0.179709    -9.8073 
             161.702  0.359778   2.12161 -0.174382 -0.0377617 -0.0364482 -0.0133722   -0.0199   1.08257 0.0283327 -0.00920364  -0.0237715   0.0457088 -0.0310304 -0.0166436  0.0128326   0.0104961 -0.00734834  0.00250648   0.214637  0.0198975 0.00976794 -0.0319864   0.179689    -9.8073 
             161.802  0.140358   2.46446 -0.350084 -0.0335092 -0.0409232  -0.028024 -0.0198466    1.08266  0.0282952 -0.00920137  -0.0237702   0.0457089 -0.00712301  -0.0205688 -0.00394123   0.0106104 -0.00754014  0.00260683  0.214451 0.0201803  0.010222 -0.0319514   0.179639    -9.8073 
             161.904 0.0250552   2.20715 -0.379598 -0.0289935 -0.0429856 -0.0353256 -0.0198252    1.08267  0.0282219 -0.00920185  -0.0237686    0.045708 -0.000238261    -0.018325   -0.0113481   0.0106762 -0.00739284  0.00262754  0.214217 0.0202189 0.0104269 -0.0319324   0.179625    -9.8073 
             162.002  0.121425   2.12637 -0.297134 -0.0279086 -0.0474995  -0.037296 -0.0198345    1.08267  0.0281958 -0.00920235  -0.0237685   0.0457061 -0.00201752  -0.0272862  -0.0164487   0.0106224 -0.00734568  0.00258247  0.214149 0.0203819 0.0104615 -0.0319294    0.17962    -9.8073 
             162.102 -0.423042    2.1239 -0.320262 -0.0259039 -0.0469528 -0.0297392 -0.0198061    1.08261  0.0281878 -0.00920144   -0.023773   0.0457122 -0.00147447  -0.0122209 -0.00633139   0.0109038 -0.00734409  0.00259409   0.21404 0.0201843 0.0101096 -0.0319391   0.179633    -9.8073 
             162.207 -0.595135   2.54356 -0.247012 -0.0171587 -0.0419586 -0.0348049 -0.0197942    1.08259  0.0281293 -0.00919909  -0.0237737   0.0457261   0.0256383   0.0123797 -0.00983294   0.0109979 -0.00757458  0.00254785  0.213691 0.0198134  0.010212 -0.0319195   0.179638    -9.8073 
             162.302 -0.648293   2.68341 -0.302247 -0.0118643 -0.0349201 -0.0379068 -0.019778   1.08259 0.0281109 -0.00919892  -0.0237738   0.0457306  0.0401581  0.0352253 -0.0111032  0.0110231 -0.0076485 0.00257672  0.213572 0.0194471 0.0102526 -0.0319103   0.179644    -9.8073 
             162.402 -0.602731   2.75029 -0.283597 -0.0104498 -0.0281386 -0.0376654 -0.0197728    1.08259  0.0281598  -0.009199 -0.0237743  0.0457296   0.0435534   0.0497138 -0.00838477   0.0109955 -0.00768329  0.00256664  0.213719 0.0192487 0.0101988 -0.0319156   0.179649    -9.8073 
             162.502 -0.202177   2.20905 -0.349832 -0.0125141 -0.0289644 -0.0177158 -0.019746   1.08255 0.0282218 -0.00919559  -0.0237756   0.0457508 0.0209229 0.0318559 0.0133496  0.0107745 -0.0073917 0.00260377   0.213989  0.0194785 0.00952776 -0.0319413   0.179655    -9.8073 
             162.602  0.338769   2.27937 -0.270072 -0.0195643 -0.0335878 -0.0116781 -0.0197689    1.08259  0.0283046 -0.00919696  -0.0237748   0.0457808 0.00284616 0.00291495  0.0156916   0.0104669 -0.00742886  0.00255442   0.214511  0.0199289 0.00944674 -0.0319628   0.179649    -9.8073 
             162.702 -0.140954   2.51342 -0.344915 -0.0249098 -0.0439922 -0.0166752 -0.019871   1.08265 0.0283184 -0.00919582  -0.0237777   0.0457815 -0.00189603  -0.0138083  0.00722197   0.0107205 -0.00755388  0.00259276   0.214911   0.020816 0.00975747 -0.0319787   0.179628    -9.8073 
             162.802 -0.521971   2.60146  -0.36495 -0.0297785 -0.0499721 -0.0261687 -0.0199457    1.08268  0.0283251 -0.00919468  -0.0237776   0.0457725 -0.00261736  -0.0120996 -0.00629724  0.0109288 -0.0076047 0.00260277  0.215215 0.0213072 0.0101619 -0.0319943   0.179611    -9.8073 
             163.002 -0.682721   2.70538 -0.382954 -0.0315935 -0.0538238 -0.0350451 -0.0199885    1.08269  0.0283327 -0.00919373  -0.0237766   0.0457667  0.0101675  0.0047251 -0.0166629   0.0110141 -0.00766036  0.00261562  0.215369 0.0215897 0.0104296 -0.0320063   0.179599    -9.8073 
             163.202 -0.225297   2.58061 -0.414891 -0.0296044 -0.0448541 -0.0315282 -0.0199471    1.08273  0.0283852 -0.00919392  -0.0237757   0.0457621  0.0196354  0.0181611 -0.0116769  0.0107623 -0.0075953 0.00263185  0.215379 0.0210416 0.0101585 -0.0319877   0.179621    -9.8073 
             163.302 -0.629777   1.84041 -0.312033 -0.0225544 -0.0415067 -0.0198885 -0.0199436    1.08276  0.0283671 -0.00918923   -0.023777   0.0457569 0.00592267  0.0338523 0.00128104   0.0109761 -0.00720035  0.00258092   0.214983  0.0209977 0.00968283 -0.0319466   0.179646    -9.8073 
             163.402 -0.237687    1.5137  -0.39304  -0.020602 -0.0414593 -0.0239663 -0.0199316     1.0827  0.0282998 -0.00919138  -0.0237783    0.045757  -0.0073032    0.026717 -0.00371242   0.0107558 -0.00702194   0.0026249   0.214829  0.0211185 0.00984416 -0.0319573    0.17963    -9.8073 
             163.502 -0.208428   1.92588 -0.362173 -0.0172378 -0.0391316 -0.0198447 -0.019949   1.08273 0.0282559 -0.00919075  -0.0237779   0.0457588 -0.000278637    0.0274716   0.00241284   0.0107393 -0.00726148  0.00260559   0.214724  0.0210997 0.00968737 -0.0319431    0.17964    -9.8073 
             163.602  0.174999   1.59113 -0.361521 -0.0245595 -0.0407863 -0.0101924 -0.0199811    1.08278   0.028341 -0.00918894  -0.0237758    0.045766 -0.0286223 0.00832729  0.0111722   0.0105253 -0.00707238  0.00260495  0.214984 0.0212545  0.009412 -0.0319405   0.179658    -9.8073 
             163.803  0.224738   1.76391 -0.367437 -0.0357964 -0.0432751 -0.0123735 -0.0199834    1.08276  0.0283893 -0.00918977  -0.0237768    0.045767  -0.0504331 -0.00766023  0.00438811    0.010494 -0.00717068  0.00260751   0.215166  0.0214425 0.00955212 -0.0319586   0.179645    -9.8073 
             163.902 -0.666926   2.70821 -0.390746 -0.0246141 -0.0451307 -0.0393161 -0.0199104    1.08258  0.0285512 -0.00918849  -0.0237737   0.0457713 0.00535309   0.016308 -0.0211522   0.0109819 -0.00768923   0.0026168  0.214771 0.0218236 0.0103786 -0.0319821   0.179571    -9.8073 
             164.002 -0.195991   2.64868 -0.234295 -0.0299482 -0.0391051 -0.0324349 -0.0199437    1.08266  0.0287287 -0.00918879  -0.0237719   0.0457659 -0.00118695   0.0208374  -0.0106209  0.0107323 -0.0076569 0.00253399  0.214971 0.0214737 0.0100963 -0.0319752   0.179602    -9.8073 
             164.108  0.117477   2.50785 -0.200546   -0.03507 -0.0372883 -0.0321117 -0.0199582    1.08268  0.0287973 -0.00918898  -0.0237713   0.0457654  -0.0092539   0.0132759 -0.00961639   0.0105546 -0.00757638  0.00251667  0.215152 0.0214637  0.010072 -0.0319792   0.179607    -9.8073 
             164.204 -0.584792   2.52603 -0.128152 -0.0316894 -0.0371091 -0.0239107 -0.0199831    1.08265  0.0287984 -0.00918975  -0.0237748   0.0457644 -0.00135936   0.0239984  0.00219654   0.0109486 -0.00758768  0.00247833   0.214968  0.0215475 0.00975561 -0.0319773   0.179621    -9.8073 
             164.303  0.247077    2.4295 -0.361674 -0.0244909 -0.0374229 -0.0299622 -0.019981   1.08259 0.0286895 -0.00918852  -0.0237752   0.0457671   0.0154136  0.00819065 -0.00412297  0.0104787  -0.007535 0.00260772   0.214661  0.0216195 0.00996712 -0.0319687    0.17961    -9.8073 
             164.403 -0.0566205    2.34644   -0.40304 -0.0222631 -0.0421132 -0.0383461 -0.0200329    1.08261  0.0286126 -0.00918402  -0.0237761     0.04577   0.0175349 0.000719514  -0.0128691   0.0106462 -0.00749012  0.00263081  0.214667 0.0220727  0.010241 -0.0319637   0.179589    -9.8073 
             164.602  -1.09783    2.1135 -0.298596 -0.0182053  -0.033581 -0.0367783 -0.0200013    1.08256    0.02866 -0.00918274  -0.0237806   0.0457787  0.00981945   0.0504131 -0.00848363   0.0112326 -0.00736041  0.00257568  0.214575 0.0219252 0.0100866 -0.0319656   0.179597    -9.8073 
             164.702 -0.898921   1.97105 -0.283245 -0.0205858 -0.0322402 -0.0518388 -0.0200402    1.08262   0.028661 -0.00918423  -0.0237781   0.0457786 -0.0011051   0.054623 -0.0239449   0.0111211 -0.00728502  0.00256971   0.21473 0.0222545 0.0105535 -0.0319633    0.17957    -9.8073 
             164.802  -0.19771   1.89258 -0.334742 -0.0213107 -0.0382734 -0.0568266 -0.0200967    1.08267   0.028643 -0.00918426  -0.0237785   0.0457991 -0.00779228   0.0236448  -0.0273853   0.0107252 -0.00723718  0.00259693  0.214774 0.0228004 0.0106923 -0.0319593   0.179554    -9.8073 
             164.902 -0.876223   2.24242  -0.15293 -0.0245835 -0.0369315  -0.031848 -0.0201707    1.08266   0.028562 -0.00918877  -0.0237832   0.0457941    -0.011464    0.0334555 -0.000239096   0.0111074 -0.00743513  0.00249389   0.214911   0.022768 0.00984372 -0.0319732   0.179614    -9.8073 
             165.002  -0.58163    1.9599 -0.350821 -0.0235832 -0.0414083 -0.0248471 -0.0202321    1.08263  0.0284838 -0.00918584  -0.0237836   0.0457985 -0.0173937  0.0201678 0.00546751   0.0109432 -0.00728096  0.00260595   0.214802   0.023158 0.00965975 -0.031973  0.179622   -9.8073 
             165.102 -0.221481   2.42058  -0.44027 -0.0250364 -0.0472009 -0.0349771 -0.020235   1.08269 0.0285221 -0.00917989  -0.0237859   0.0458108 -0.00727917  0.00455706 -0.00784896   0.0107817 -0.00751234   0.0026461   0.21491 0.0236555 0.0100359 -0.0319644   0.179579    -9.8073 
             165.202 -0.178116   2.51945 -0.438202  -0.026479 -0.0507321 -0.0416657 -0.0202254    1.08273  0.0285177 -0.00917775  -0.0237872   0.0458144 -0.00257355 -0.00263397  -0.0168385   0.0107551 -0.00756512  0.00264615   0.21499 0.0239324 0.0102512 -0.0319601   0.179551    -9.8073 
             165.302 -0.260828   2.54392  -0.44332 -0.0257668 -0.0525077 -0.0485472 -0.0201983    1.08274  0.0285029 -0.00917662  -0.0237876   0.0458153  0.00283926 0.000369503  -0.0233844   0.0107975 -0.00757644  0.00264606  0.214958  0.024065 0.0104404 -0.0319543   0.179526    -9.8073 
             165.402  -0.29697   2.38844 -0.443906 -0.0267108 -0.0537471 -0.0461523 -0.0202316    1.08273  0.0285021 -0.00917672  -0.0237875   0.0458152 -0.000763996  -0.00037926   -0.0177024  0.0108151 -0.0074931 0.00264437 0.215012 0.024151 0.010276 -0.0319614   0.179544    -9.8073 
             165.502 -0.161828   2.46124 -0.232747 -0.0312566  -0.045232 -0.0423925 -0.0202838    1.08275  0.0285689 -0.00917051  -0.0237855   0.0458143 -0.00433798   0.0169208  -0.0105941   0.0107433 -0.00753072  0.00252723  0.215233 0.0236166 0.0100292 -0.031962   0.17959   -9.8073 
             165.602 -0.0575417    2.49224  -0.156111 -0.0363358 -0.0389136 -0.0351031 -0.0203451    1.08276  0.0286245 -0.00916746  -0.0237827   0.0458135 -0.0105933  0.0251474 0.00271153   0.0106923 -0.00754148  0.00248999   0.215478  0.0233266 0.00970775 -0.0319667   0.179638    -9.8073 
             165.802 0.0270411   2.41243 -0.109633  -0.042475 -0.0327794 -0.0262128 -0.0203975    1.08276  0.0286596 -0.00916624  -0.0237808    0.045814 -0.0160778  0.0254431 0.00966174  0.0106497 -0.0074967 0.00246694   0.215656  0.0232383 0.00942389 -0.0319716   0.179675    -9.8073 
             165.902 -0.0239676    2.74144  -0.213892 -0.0366046 -0.0316281 -0.0304796 -0.0203714    1.08273  0.0286209 -0.00916602  -0.0237802   0.0458153 0.0106115 0.0211322 0.0057524   0.0106755 -0.00769008  0.00252581   0.215381  0.0232934 0.00960063 -0.0319661   0.179656    -9.8073 
             166.002 -0.109069   2.78905 -0.230831 -0.0275509  -0.034231 -0.0346091 -0.0203761     1.0827  0.0285371 -0.00916467  -0.0237794   0.0458137   0.0336085   0.0145088 -0.00193416   0.0107198 -0.00772145  0.00253039   0.215046  0.0235672 0.00975293 -0.0319579   0.179639    -9.8073 
             166.102  -0.49163   2.70858 -0.261638 -0.0255455 -0.0392503 -0.0295974 -0.0204459    1.08275  0.0284663 -0.00916214  -0.0237812   0.0458033   0.034647  0.0122692 0.00244349   0.0109249 -0.00767508  0.00254659    0.21517  0.0240008 0.00959744 -0.0319501   0.179642    -9.8073 
             166.202 -0.590784   2.58332 -0.287508 -0.0248393 -0.0399723 -0.0370216  -0.02044   1.08276 0.0284407 -0.00916187  -0.0237799   0.0458005   0.0322609   0.0175609 -0.00568998   0.0109817 -0.00760134  0.00256418  0.215288 0.0241994 0.0098728 -0.0319585   0.179618    -9.8073 
             166.302 -0.566139   2.21171 -0.253383 -0.0195296 -0.0388041 -0.0305908 -0.0204582    1.08276  0.0283989 -0.00915995  -0.0237805   0.0457992  0.0289547  0.0239943 0.00134095  0.0109675 -0.0073939 0.00254469   0.215152  0.0242297 0.00962984 -0.0319438   0.179635    -9.8073 
             166.402 -0.448954   1.80397 -0.380289 -0.0238217    -0.0439 -0.0262654 -0.0205135    1.08283  0.0283846 -0.00915535  -0.0237819   0.0458134 0.00166593   0.012242 0.00397897   0.0108966 -0.00716844  0.00261768   0.215452  0.0247288 0.00953081 -0.0319383    0.17963    -9.8073 
             166.503 -0.695444   1.69894 -0.381738 -0.0252533 -0.0480485 -0.0215051 -0.0205638    1.08286  0.0283878 -0.00915338  -0.0237826   0.0458129 -0.0134395  0.0104255 0.00702346  0.0110449 -0.0071103 0.00261988   0.215506  0.0251411 0.00939726 -0.0319276   0.179633    -9.8073 
             166.602 -0.413058   1.55377 -0.372714 -0.0302527 -0.0499911 -0.0201406 -0.0205682    1.08288  0.0283848 -0.00915379  -0.0237829   0.0458178   -0.03447  0.0064037 0.00669286   0.0108833 -0.00702822  0.00261521   0.215621  0.0253153 0.00940244 -0.0319306   0.179629    -9.8073 
             166.702 -0.675352    1.7009 -0.337188 -0.0314028 -0.0486016 -0.0229233 -0.020567   1.08286 0.0283628 -0.00915476  -0.0237829   0.0458181 -0.0366411  0.0185762 0.00165668   0.0110303 -0.00711354  0.00259338   0.215522  0.0253529 0.00949884 -0.0319326   0.179623    -9.8073 
             166.802 -0.406374   1.61033 -0.349123 -0.0361998 -0.0491947 -0.0218993 -0.0205696    1.08286   0.028356 -0.00915504  -0.0237832   0.0458205 -0.0513795  0.0154363 0.00296195   0.0108769 -0.00706353  0.00259958  0.215521 0.0254887  0.009492 -0.0319327    0.17962    -9.8073 
             166.908 -0.676365   1.77526 -0.304477 -0.0367723 -0.0468618 -0.0253258 -0.0205628    1.08283  0.0283079 -0.00915587  -0.0237838   0.0458233   -0.0487372    0.0304113 -0.000963167   0.0110135 -0.00714759  0.00257687   0.215308    0.02556 0.00958947 -0.03193 0.179612  -9.8073 
             167.002 -0.440029   1.57612 -0.293718  -0.039824 -0.0457493 -0.0232511 -0.0205691    1.08282   0.028258 -0.00915596  -0.0237843   0.0458252   -0.0601397    0.0289485 -0.000685982   0.0108811 -0.00703736  0.00256885    0.21516  0.0256444 0.00952224 -0.031925  0.179616   -9.8073 
             167.102 -0.605883   1.76667 -0.260039  -0.041778 -0.0442068 -0.0241418 -0.0205752    1.08279  0.0282013 -0.00915683   -0.023785   0.0458273  -0.0591478    0.036443 -0.00141059   0.0109721 -0.00714044  0.00254943   0.214977  0.0258102 0.00953736 -0.0319229   0.179611    -9.8073 
             167.202 -0.388991   1.59441 -0.256544 -0.0441087 -0.0434477 -0.0215459 -0.0205855    1.08277  0.0281179 -0.00915692  -0.0237855   0.0458304 -0.0655058  0.0332684 0.00229024   0.0108563 -0.00704981  0.00254971   0.214734   0.025974 0.00945456 -0.031918  0.179615   -9.8073 
             167.302 -0.331734   1.54332 -0.232906  -0.044848 -0.0420173 -0.0193647 -0.0205995    1.08272  0.0280296 -0.00915706  -0.0237858   0.0458326 -0.0680981  0.0336995 0.00438202   0.0108243 -0.00702329  0.00253574    0.21441    0.02611 0.00937697 -0.031914   0.17962   -9.8073 
             167.402 -0.247206   1.49185 -0.232356 -0.0500066 -0.0439019 -0.0173208 -0.0206227    1.08272  0.0279695 -0.00915654  -0.0237862   0.0458353  -0.079187  0.0244158 0.00550398  0.0107784 -0.0069955 0.00253607   0.214275  0.0264395 0.00935124 -0.0319075   0.179616    -9.8073 
             167.502 -0.168626   1.73423 -0.227789 -0.0495012 -0.0421875 -0.0220572 -0.0206127    1.08272  0.0279137 -0.00915622  -0.0237867   0.0458401  -0.0689243   0.0261801 0.000680453   0.0107339 -0.00713409  0.00253156   0.213936  0.0265825 0.00950041 -0.0318859     0.1796    -9.8073 
             167.602 -0.182754   1.76971 -0.239907 -0.0490476 -0.0417668 -0.0244345 -0.0206216     1.0827  0.0278429 -0.00915573  -0.0237866   0.0458432   -0.0638654    0.0247493 -0.000528248   0.0107486 -0.00715799  0.00253521   0.213595  0.0267905 0.00956837 -0.0318685   0.179592    -9.8073 
             167.702 -0.167096   1.82548 -0.221252 -0.0511939 -0.0417524 -0.0232879 -0.0206514    1.08265  0.0277927 -0.00915574  -0.0237865   0.0458442  -0.0618346   0.0197239 0.000581502   0.0107424 -0.00719341  0.00252571   0.213377  0.0269461 0.00952482 -0.0318665   0.179597    -9.8073 
             167.802 -0.184271    1.8235 -0.227942 -0.0498364 -0.0422888   -0.02486 -0.0206768    1.08262   0.027711 -0.00915522  -0.0237863   0.0458447   -0.0554565    0.0183373 -0.000390697   0.0107542 -0.00719425  0.00252915  0.213012 0.0271484 0.0095682 -0.0318484   0.179595    -9.8073 
             167.902 -0.202855   1.81594 -0.239087 -0.0483149 -0.0429113 -0.0263183 -0.0207054    1.08259  0.0276296 -0.00915466   -0.023786   0.0458439  -0.0505738   0.0149308 -0.00148696   0.0107635 -0.00719169  0.00253463   0.212663  0.0273351 0.00960671 -0.0318305   0.179594    -9.8073 
             168.002 -0.196301   1.87841 -0.244267 -0.0460743 -0.0435213 -0.0255427 -0.0207455    1.08252  0.0275468 -0.00915452  -0.0237856   0.0458436   -0.0434143    0.0148596 -0.000585578    0.010762 -0.00722553  0.00253478   0.212295  0.0274869 0.00956295 -0.0318264   0.179603    -9.8073 
             168.102 -0.214487   1.85262 -0.256167 -0.0448128 -0.0437412 -0.0274358 -0.0207671     1.0825  0.0274809 -0.00915404  -0.0237853   0.0458426   -0.040257   0.0141629 -0.00190116  0.0107687 -0.0072105 0.00254048   0.212016  0.0276205 0.00961573 -0.0318077   0.179602    -9.8073 
             168.202 -0.229971   1.84601 -0.261311 -0.0438643 -0.0439623 -0.0286556 -0.0207904    1.08248  0.0274198 -0.0091537 -0.0237851  0.0458414   -0.0387516    0.0130567 -0.000606688   0.0107794 -0.00720968   0.0025451   0.211764  0.0277507 0.00964895 -0.0317928   0.179603    -9.8073 
             168.303 -0.243024   1.84189 -0.267584   -0.04315 -0.0442504 -0.0296474 -0.0208152    1.08246   0.027362 -0.00915346  -0.0237849   0.0458403   -0.0368813    0.0122491 -0.000370837   0.0107862 -0.00720799  0.00254943    0.21153  0.0278763 0.00967513 -0.0317798   0.179604    -9.8073 
             168.402 -0.252816    1.8378 -0.273071  -0.042588 -0.0445885 -0.0304217 -0.0208406    1.08244  0.0273046 -0.00915329  -0.0237848   0.0458394 -0.0367175  0.0115728 0.00087667   0.0107943 -0.00720759  0.00254956   0.211308  0.0279958 0.00969538 -0.0317687   0.179605    -9.8073 
             168.502 -0.262326   1.83481 -0.277736 -0.0421653  -0.044748 -0.0310048 -0.0208658    1.08241  0.0272452 -0.00915317  -0.0237848   0.0458387 -0.0358577  0.0122991  0.0019016   0.0108007 -0.00720755  0.00255247   0.211095  0.0281083 0.00971307 -0.0317588   0.179606    -9.8073 
             168.602 -0.18168  1.91579 -0.26976 -0.0412376 -0.0460103 -0.0257468 -0.0209038    1.08227  0.0271759 -0.00915367  -0.0237848   0.0458396 -0.0326589 0.00850598 0.00884318  0.0107562 -0.0072555 0.00254741    0.21083  0.0282296 0.00954319 -0.0317823    0.17962    -9.8073 
             168.702 -0.306382    1.6596 -0.274971 -0.0439161 -0.0482703 -0.0222521 -0.0209592    1.08222  0.0271541 -0.00915362   -0.023785   0.0458384  -0.044112 0.00453084  0.0104633   0.0108337 -0.00710928  0.00255177   0.210726  0.0284362 0.00946661 -0.0317925   0.179626    -9.8073 
             168.802  -0.31941   1.55256 -0.265981 -0.0463645 -0.0495653 -0.0214004 -0.0209968    1.08219  0.0271149 -0.0091538  -0.023785   0.045837 -0.0533111  0.0054757  0.0103927   0.0108405 -0.00704886  0.00254921   0.210584  0.0285785 0.00947711 -0.0317869   0.179627    -9.8073 
             168.902 -0.192401   1.83432 -0.241932 -0.0436383 -0.0461368 -0.0239393 -0.0209714    1.08215   0.027059 -0.00915286  -0.0237857   0.0458381 -0.0400954  0.0143466  0.0070388   0.0107689 -0.00720654   0.0025346   0.210252  0.0284334 0.00955231 -0.0317659   0.179627    -9.8073 
             169.002 -0.0952697    2.07503    -0.1562 -0.0436154 -0.0419844 -0.0226598 -0.0209358    1.08209  0.0270302 -0.00915183  -0.0237863   0.0458388 -0.0312268  0.0179963  0.0111292   0.0107193 -0.00734446  0.00248622   0.210092  0.0282408 0.00950373 -0.0317704   0.179631    -9.8073 
             169.102 -0.866692   2.21838 -0.228745 -0.0347411 -0.0400875 -0.0118103 -0.0209554    1.08177  0.0269077 -0.00915475  -0.0237908   0.0458468 -0.0102576   0.036193  0.0233111   0.0111544 -0.00742682  0.00252248  0.209445 0.0283265 0.0091145 -0.0318198   0.179653    -9.8073 
             169.203 -0.342786   2.38552 -0.269258  -0.0313638  -0.0358898 -0.00771153 -0.0209371     1.0817  0.0269104 -0.00915526  -0.0237912   0.0458494 0.0019658 0.0365998 0.0252384   0.0108825 -0.00751401  0.00254341   0.209234   0.028214 0.00904798 -0.0318259    0.17966    -9.8073 
             169.307 -0.0915187     2.0343  -0.188108 -0.0329234 -0.0364659 0.00181466 -0.0209454    1.08163  0.0269289 -0.00915599  -0.0237908   0.0458566 -0.0101426  0.0233962  0.0315296    0.010743 -0.00732312  0.00249547   0.209224   0.028412 0.00884799 -0.031855  0.179665   -9.8073 
             169.404 -0.0953092    1.95877  -0.103569 -0.0368597 -0.0340238 0.00364952 -0.0209406    1.08167  0.0269648 -0.0091561 -0.0237905  0.0458577 -0.0205459  0.0236021  0.0287155    0.010745 -0.00728198  0.00244809   0.209359  0.0284091 0.00889528 -0.0318519    0.17966    -9.8073 
             169.504 -0.0603678    1.95011 -0.0775821 -0.0400938 -0.0329638 0.00512129 -0.0209519     1.0817  0.0269815 -0.00915648  -0.0237906   0.0458586 -0.0282064  0.0194719  0.0259029   0.0107278 -0.00727789  0.00243417  0.209413 0.0284992 0.0089515 -0.0318448   0.179656    -9.8073 
             169.602 -0.0151595    2.14851  -0.187151 -0.0383017 -0.0348452  0.0126867 -0.0209709    1.08163   0.026936 -0.00915524  -0.0237897   0.0458597 -0.0196518 0.00799739  0.0317652   0.0106995 -0.00738907  0.00249698   0.209185  0.0287082 0.00878835 -0.0318542   0.179665    -9.8073 
             169.704 -0.176518   2.01125 -0.195596 -0.0389688 -0.0361435  0.0029006 -0.0210223    1.08177   0.026932 -0.00915503  -0.0237896   0.0458582 -0.0217216 0.00769995  0.0174483  0.0107861 -0.0073145 0.00250131   0.209159  0.0289704 0.00922439 -0.0317976   0.179645    -9.8073 
             169.803 -0.290599   1.98728 -0.196342  -0.0403227   -0.036561 -0.00840836 -0.0210717     1.0819  0.0269349 -0.00915528  -0.0237891   0.0458567 -0.0232679  0.0114684  0.0032437   0.0108459 -0.00729694  0.00250171   0.209169  0.0291787 0.00965442 -0.0317465   0.179627    -9.8073 
             169.902 -0.194456   1.81771 -0.253445  -0.0345825  -0.0361695 -0.00844965 -0.0211053    1.08187  0.0267946 -0.00915493  -0.0237876   0.0458534 -0.0177229  0.0120003 0.00219354   0.0107917 -0.00720511  0.00253413   0.208734  0.0292366 0.00965009 -0.031732  0.179641   -9.8073 
             170.002 -0.021952   1.23854 -0.289128   -0.036363  -0.0374511 -0.00778112 -0.0211189    1.08186  0.0267404 -0.00915521  -0.0237874    0.045853  -0.0404688  0.00427544 3.21338e-05   0.0106989 -0.00689413  0.00255348   0.208612  0.0293737 0.00965262 -0.0317258   0.179643    -9.8073 
             170.102 -0.256149   1.81951 -0.119827  -0.0362418  -0.0374365 -0.00975224 -0.0211717    1.08186  0.0266874 -0.00915663  -0.0237889   0.0458552  -0.030998 0.00997678 -0.0011094   0.0108352 -0.00721699  0.00245829   0.208501  0.0294745 0.00969374 -0.031716  0.179646   -9.8073 
             170.202 -0.00485147     2.48032   -0.187471 -0.0303764 -0.0345147 -0.0207616 -0.0212079    1.08191  0.0267251 -0.00915337  -0.0237897   0.0458675 -0.000677379    0.0142907   -0.0110789   0.0106869 -0.00759502  0.00249402  0.208207 0.0294159  0.010011 -0.0316745   0.179646    -9.8073 
             170.302 0.00341293    2.10738  -0.186017 -0.0354334 -0.0322105 -0.0227757 -0.0212094    1.08193  0.0267798 -0.00915337  -0.0237896   0.0458667  -0.0168654   0.0143782 -0.00849905   0.0106821 -0.00738552  0.00249424  0.208399 0.0293472 0.0100585 -0.0316777   0.179642    -9.8073 
             170.402 -0.296025   2.18031 -0.101939 -0.0359436  -0.031735 -0.0236975 -0.0212209    1.08194  0.0267703 -0.00915376  -0.0237902   0.0458658  -0.0150597   0.0173143 -0.00760286   0.0108418 -0.00742222  0.00245133  0.208352 0.0294667 0.0100562 -0.0316742   0.179641    -9.8073 
             170.502  -0.381814    2.21832 -0.0837693 -0.0364003  -0.031451 -0.0244269 -0.0212412    1.08194  0.0267562 -0.00915396  -0.0237903   0.0458645  -0.0131374   0.0203652 -0.00834188   0.0108924 -0.00744189  0.00243933  0.208303 0.0295988 0.0100581 -0.0316699   0.179641    -9.8073 
             170.602  -0.406672    2.23061 -0.0812182 -0.0364097 -0.0312482 -0.0248759 -0.0212679    1.08194  0.0267365 -0.00915393  -0.0237904   0.0458636  -0.0120589   0.0221308 -0.00846253   0.0109076 -0.00744762   0.0024393  0.208236 0.0297452 0.0100525 -0.0316649   0.179642    -9.8073 
             170.702  -0.409586    2.23791 -0.0809492 -0.0364212 -0.0310039 -0.0251125 -0.0212948    1.08195  0.0267209 -0.00915389  -0.0237904   0.0458635  -0.0100205   0.0233838 -0.00785517   0.0109115 -0.00744885  0.00243793  0.208177  0.029891 0.0100431 -0.0316597   0.179643    -9.8073 
             170.802 -0.406567   2.23967 -0.080094 -0.0362637 -0.0307668  -0.025116 -0.0213212    1.08195  0.0267057 -0.00915369  -0.0237904   0.0458639 -0.00754717    0.023716 -0.00747162  0.0109133 -0.0074485 0.00243703   0.20812 0.0300404 0.0100287 -0.0316539   0.179644    -9.8073 
             170.902   -0.40169    2.23696 -0.0798765  -0.035866 -0.0306373 -0.0248796 -0.0213461    1.08196  0.0266926 -0.00915343  -0.0237903   0.0458645 -0.00493771   0.0236209 -0.00516985   0.0109159 -0.00744786  0.00243792  0.208067 0.0301918 0.0100112 -0.0316475   0.179645    -9.8073 
             171.002 -0.399155   2.23009 -0.081231 -0.0353622 -0.0305696 -0.0244185 -0.0213694    1.08197  0.0266853 -0.00915315  -0.0237903   0.0458651 -0.00263943   0.0236645  -0.0048285   0.0109191 -0.00744622  0.00244132   0.208024  0.0303422 0.00999307 -0.0316408   0.179646    -9.8073 
             171.102  -0.402073    2.21986 -0.0837589 -0.0347082 -0.0305399 -0.0238767 -0.0213938    1.08198  0.0266824 -0.00915289  -0.0237903   0.0458657 -0.00132163   0.0240502  -0.0044141   0.0109187 -0.00744066   0.0024447   0.207984  0.0304938 0.00997478 -0.0316335   0.179647    -9.8073 
             171.203  -0.399909    2.20704 -0.0868841 -0.0340503 -0.0305937  -0.023281 -0.0214162      1.082   0.026685 -0.0091527 -0.0237903  0.0458661  0.00069618    0.023736 -0.00307149   0.0109208 -0.00743524  0.00244838   0.207957  0.0306422 0.00995885 -0.0316263   0.179648    -9.8073 
             171.302  -0.402438    2.19475 -0.0907116 -0.0334159 -0.0306302 -0.0227802 -0.0214368    1.08201  0.0266922 -0.00915258  -0.0237903   0.0458664  0.00149209   0.0232249 -0.00311513   0.0109202 -0.00742916  0.00244808   0.207942  0.0307866 0.00994709 -0.0316192   0.179647    -9.8073 
             171.403   -0.40573    2.18118 -0.0939489 -0.0329713 -0.0307496 -0.0223328 -0.0214545    1.08203  0.0267044 -0.00915253  -0.0237904   0.0458665  0.00104401   0.0221122 -0.00113654   0.0109173 -0.00742358  0.00244888   0.207938  0.0309283 0.00993869 -0.0316125   0.179646    -9.8073 
             171.502  -0.404017    2.17406 -0.0960317 -0.0327965 -0.0307841 -0.0218132 -0.0214682    1.08205  0.0267179 -0.00915256  -0.0237904   0.0458666   0.0006323   0.0226309 0.000405871   0.0109174 -0.00742002  0.00245262   0.207948  0.0310635 0.00993571 -0.0316063   0.179644    -9.8073 
             171.603 -0.402753   2.16993 -0.096667 -0.0326486 -0.0307309 -0.0212534 -0.0214844    1.08207  0.0267305 -0.00915264  -0.0237905   0.0458665 0.000780958   0.0228819  0.00252597   0.0109169 -0.00741674  0.00245568   0.207961  0.0311977 0.00993596 -0.0316003   0.179641    -9.8073 
             171.703 -0.398608   2.16592 -0.096968 -0.0325831 -0.0307177 -0.0206711 -0.0215036    1.08209  0.0267436 -0.00915276  -0.0237906   0.0458665 0.000425504   0.0222739  0.00121333   0.0109163 -0.00741427  0.00245525   0.207975  0.0313341 0.00993858 -0.0315944   0.179639    -9.8073 
             171.803 -0.429928   2.09572 -0.115039  -0.0276484  -0.0324588 -0.00929006 -0.0215795    1.08206  0.0267088 -0.00915206  -0.0237902   0.0458657 0.00459393  0.0179956  0.0121154   0.0109345 -0.00737658  0.00246261   0.207726  0.0314699 0.00960917 -0.0315901   0.179672    -9.8073 
             171.902 -0.511998   2.04097 -0.138877  -0.0275601  -0.0327361 -0.00723976 -0.0216023    1.08208  0.0267261 -0.00915189  -0.0237903   0.0458649 0.000345459   0.0203161   0.0148289   0.0109798 -0.00734622  0.00247513   0.207747  0.0316138 0.00959911 -0.0315844    0.17967    -9.8073 
             172.003 -0.868097   1.53718 -0.198387 -0.0264542  -0.030499 -0.0410729 -0.0215691    1.08213  0.0266519 -0.00915895  -0.0237855   0.0458605 -0.0123595   0.045929 -0.0185556   0.0111758 -0.00705765  0.00251526  0.207693 0.0320164 0.0106808 -0.0315485   0.179588   -9.80731 
             172.102  -0.77862   1.65181 -0.268057 -0.0190899 -0.0329966 -0.0593511 -0.0216522    1.08213    0.02671 -0.00915838  -0.0237837   0.0458554 0.000790274    0.045555  -0.0358214   0.0111296 -0.00712033  0.00255439  0.207385 0.0325439   0.01123 -0.0315118   0.179553   -9.80731 
             172.202 -0.808411   1.79786 -0.299151 -0.0228808 -0.0338192 -0.0516308 -0.0217362    1.08218  0.0267323 -0.00915831   -0.023784   0.0458539 -0.0145297  0.0429886 -0.0249579   0.0111481 -0.00720414   0.0025707  0.207546 0.0328246 0.0108949 -0.0315142   0.179576   -9.80731 
             172.302 -0.163825   1.49958 -0.307239 -0.0231868 -0.0350965 -0.0506667 -0.0217733    1.08218  0.0267211 -0.00915892  -0.0237851   0.0458648 -0.0275962  0.0250446  -0.024718  0.0107752 -0.0070346  0.0025738  0.207428 0.0330135 0.0108242 -0.031508  0.179583  -9.80731 
             172.402 0.0344429   1.33606 -0.257302 -0.0233237 -0.0353261 -0.0489789 -0.0218169    1.08214  0.0266849 -0.00915902  -0.0237841   0.0458677 -0.0393157  0.0157757 -0.0204113   0.010722 -0.0069729 0.00256827  0.207237 0.0331192 0.0106879 -0.0315079   0.179602    -9.8073 
             172.502 0.0477972   1.32615 -0.252865 -0.0246139 -0.0361037 -0.0491989 -0.021847    1.0821 0.0266628 -0.00915938  -0.0237839    0.045869 -0.0487609 0.00801317   -0.01766  0.0107146 -0.0069682 0.00256281  0.207075 0.0332273 0.0106228 -0.0315071   0.179612    -9.8073 
             172.602 0.0561336   1.30406 -0.246881 -0.0258605 -0.0373412  -0.047587 -0.0218852    1.08205  0.0266303 -0.00915947  -0.0237835   0.0458693    -0.056767 -0.000238083   -0.0148218   0.0107099 -0.00696165  0.00255736  0.206854  0.033314 0.0104913 -0.0315114    0.17963    -9.8073 
             172.702  0.048617   1.33249 -0.239025 -0.0276024  -0.038436 -0.0482373 -0.0219021    1.08201  0.0266034 -0.00915964  -0.0237836   0.0458701     -0.0615 -0.00477008  -0.0124138   0.0107152 -0.00697473  0.00255679  0.206648 0.0333685 0.0104479 -0.0315107   0.179636    -9.8073 
             172.802 0.0493053   1.32628 -0.231462 -0.0287809 -0.0393935 -0.0470509 -0.0219235    1.08195  0.0265583 -0.00915975  -0.0237837   0.0458715  -0.0662202 -0.00673037 -0.00890612   0.0107139 -0.00697331  0.00255125  0.206376 0.0333963 0.0103397 -0.0315166    0.17965    -9.8073 
             172.902 0.0391152    1.3574 -0.224376 -0.0302601 -0.0399338 -0.0480402 -0.0219289    1.08191   0.026513 -0.00915988   -0.023784   0.0458737  -0.0707544 -0.00852144 -0.00689287   0.0107179 -0.00699074  0.00254304  0.206119 0.0333976 0.0103175 -0.0315145   0.179654    -9.8073 
             173.002 0.0234902   1.37443 -0.212605 -0.0312938 -0.0408662 -0.0488254 -0.0219349    1.08185  0.0264616 -0.00916009  -0.0237844   0.0458758  -0.0725955 -0.00929013 -0.00526307    0.010726 -0.00700071  0.00253235  0.205819 0.0334179 0.0102934 -0.0315124   0.179658    -9.8073 
             173.102 0.0284522   1.38209 -0.217528 -0.0322615 -0.0406919 -0.0477165 -0.021931   1.08176  0.026387 -0.00916053  -0.0237848   0.0458784  -0.0765172 -0.00767787 -0.00072701  0.0107211 -0.0070071 0.00253532  0.205481 0.0333627 0.0102067 -0.0315221   0.179666    -9.8073 
             173.206 0.0394207   1.38348 -0.210335 -0.0335199 -0.0404784 -0.0464659 -0.0219228    1.08167  0.0263107 -0.00916096  -0.0237852   0.0458805  -0.0786513 -0.00754797  0.00375021   0.0107164 -0.00701174  0.00252788  0.205119 0.0333094 0.0101314 -0.0315316   0.179673    -9.8073 
             173.316 0.0520924    1.3921 -0.201827 -0.0348565 -0.0403156 -0.0451604 -0.0219116    1.08156  0.0262334 -0.00916135  -0.0237856    0.045882  -0.080795 -0.0082699  0.0063899   0.0107091 -0.00701711  0.00252416  0.204725 0.0332584 0.0100677 -0.0315406   0.179678    -9.8073 
             173.424 0.0511811   1.42763    -0.193 -0.0359009 -0.0400673 -0.0461445 -0.0219063    1.08148  0.0261586 -0.00916148   -0.023786   0.0458833  -0.079274 -0.0065515 0.00589164   0.0107115 -0.00703318  0.00251554  0.204333 0.0332153 0.0100837 -0.0315345   0.179681    -9.8073 
             173.502 0.0579196   1.40598 -0.194163 -0.0329647 -0.0397092   -0.04517 -0.021896   1.08133  0.026058 -0.00916182  -0.0237863   0.0458839   -0.073395 -0.00589099  0.00898941   0.0107047 -0.00701834  0.00251638   0.20382  0.033182 0.0100221 -0.0315441   0.179686    -9.8073 
             173.604 0.0667234   1.39051 -0.198119 -0.0341033 -0.0397715 -0.0436423 -0.0218876    1.08122  0.0259853 -0.00916203  -0.0237865    0.045884  -0.0758984 -0.00731218   0.0109267   0.0106969 -0.00701016  0.00251631  0.203447 0.0331575 0.0099687 -0.0315535    0.17969    -9.8073 
             173.702  0.066928   1.41716 -0.190579 -0.0348115  -0.039706 -0.0443668 -0.0218958    1.08114  0.0259116 -0.00916198  -0.0237865    0.045884  -0.0746139 -0.00793271  0.00985761   0.0106996 -0.00701973  0.00251092   0.203079  0.0331349 0.00999302 -0.0315444   0.179695    -9.8073 
             173.802  0.062495   1.43042 -0.188044 -0.0351354 -0.0397346 -0.0451468 -0.0219077    1.08107  0.0258304 -0.0091619 -0.0237865  0.0458841  -0.0733234 -0.00746345  0.00929392   0.0107043 -0.00702753   0.0025066  0.202687 0.0331181 0.0100138 -0.031535  0.179702   -9.8073 
             173.904 0.0555262    1.4405  -0.18757 -0.0351732 -0.0397498 -0.0459359 -0.0219222    1.08099  0.0257413 -0.00916179  -0.0237865   0.0458841  -0.0722611 -0.00677772  0.00764557   0.0107079 -0.00703374  0.00250872  0.202283 0.0331023 0.0100299 -0.0315258    0.17971    -9.8073 
             174.002 0.0490526    1.4492 -0.189052 -0.0348087 -0.0397248 -0.0467944 -0.0219381    1.08091  0.0256479 -0.00916167  -0.0237864   0.0458841  -0.0713345 -0.00760857  0.00671944   0.0107121 -0.00703687  0.00251125  0.201874 0.0330871 0.0100402 -0.0315171   0.179718    -9.8073 
             174.104 0.0556293   1.42665 -0.192531 -0.0344144 -0.0399458 -0.0455162 -0.0219341    1.08079  0.0255478 -0.00916163  -0.0237864   0.0458836  -0.0690279 -0.00825173  0.00965956   0.0107109 -0.00702274  0.00251244    0.20143  0.0330623 0.00997628 -0.031526  0.179723   -9.8073 
             174.202 0.0638358   1.40926 -0.193551 -0.0337682 -0.0399999 -0.0443194 -0.0219316    1.08068  0.0254443 -0.00916152  -0.0237864    0.045883  -0.0690519 -0.00821934   0.0105321   0.0107099 -0.00701313  0.00251574   0.200996  0.0330259 0.00991892 -0.0315327    0.17973    -9.8073 
             174.302  0.071988   1.39444 -0.195915 -0.0334866 -0.0400329 -0.0431957 -0.021931   1.08059 0.0253419 -0.00916137  -0.0237863   0.0458823  -0.0684772 -0.00796115   0.0108979   0.0107077 -0.00700309  0.00251722   0.200577  0.0329858 0.00986829 -0.0315371   0.179736    -9.8073 
             174.402 0.0797515   1.37991 -0.196374 -0.0332475  -0.039995 -0.0421395 -0.0219341    1.08051  0.0252402 -0.00916117  -0.0237862   0.0458818  -0.0693112 -0.00887595   0.0122668    0.010704 -0.00699836  0.00251786  0.200165  0.032944 0.0098254 -0.0315385   0.179744    -9.8073 
             174.502 0.0880129    1.3706  -0.19655 -0.0331449  -0.040022  -0.041075 -0.0219404    1.08044  0.0251417 -0.00916096  -0.0237862   0.0458813  -0.0694048 -0.00878166   0.0138498   0.0107007 -0.00699244  0.00252087  0.199758 0.0329034 0.0097906 -0.0315371   0.179752    -9.8073 
             174.602 0.0834039   1.38552 -0.195577 -0.0333555  -0.039748  -0.041997 -0.0219724    1.08042  0.0250546 -0.00916076  -0.0237861   0.0458815  -0.0698425 -0.00603952   0.0114949    0.010706 -0.00700686  0.00251765     0.1994  0.0328743 0.00983337 -0.0315162   0.179765    -9.8073 
             174.702 0.0782679   1.39947 -0.195094  -0.033513 -0.0394936 -0.0430481 -0.0220033    1.08039  0.0249753 -0.00916058   -0.023786   0.0458818  -0.0694416 -0.00518641   0.0103493   0.0107116 -0.00701536  0.00251929   0.199036   0.032858 0.00987088 -0.0314962   0.179778    -9.8073 
             174.802 0.0847881   1.38202 -0.195852 -0.0332589 -0.0395007 -0.0420763 -0.022011   1.08032 0.0248981 -0.00916041   -0.023786    0.045882  -0.0694271 -0.00595534    0.010521   0.0107103 -0.00700867  0.00252052   0.198623  0.0328402 0.00983171 -0.0314941   0.179786    -9.8073 
             174.902 0.0778888   1.39814 -0.195449 -0.0333628 -0.0393578 -0.0431449 -0.0220427     1.0803  0.0248376 -0.00916029   -0.023786   0.0458824  -0.0685295 -0.00603811  0.00904677   0.0107124 -0.00701713  0.00252076   0.198264  0.0328314 0.00986803 -0.031474  0.179799   -9.8073 
             175.003 -0.0681094    2.63717  -0.335024 -0.0392208 -0.0415474 -0.0284944 -0.0218593    1.08004  0.0247709 -0.00917424  -0.0237878   0.0458821 -0.0484123  -0.011034  0.0255664   0.0107917 -0.00772066  0.00259966   0.198219  0.0328263 0.00933872 -0.0316042   0.179757    -9.8073 
             175.102 0.0411447   2.73644 -0.292332 -0.0422415 -0.0416329 -0.0155914 -0.0217217    1.07982  0.0247396 -0.00917994  -0.0237874   0.0458852 -0.0394182 -0.0130084   0.040909   0.0107324 -0.00777214   0.0025736  0.198021 0.0326436 0.0089346 -0.0316981   0.179734    -9.8073 
             175.202    0.2227   2.42712 -0.297437  -0.0422758   -0.042498 -0.00857516 -0.0216811    1.07973  0.0247073 -0.00918214  -0.0237874   0.0458857 -0.0313476 -0.0179505  0.0433564  0.0106315  -0.007595 0.00257522   0.197749  0.0325515 0.00881742 -0.0317197   0.179732    -9.8073 
             175.303 -0.216912   2.65203 -0.370078 -0.0270768  -0.036423 -0.0268685 -0.0218615    1.07988  0.0245385 -0.00918171  -0.0237814   0.0458933  0.0197613 0.00958293  0.0183847   0.0108751 -0.00772389   0.0026116    0.19705  0.0322288 0.00960622 -0.031553  0.179801   -9.8073 
             175.407 -0.241186    2.4111 -0.371062  -0.0240237  -0.0406704 -0.00691178 -0.0217093    1.07965  0.0245664   -0.00918 -0.0237838  0.0458929    0.016708 -0.00167588   0.0404415   0.0108901 -0.00758839  0.00261467   0.196781  0.0324841 0.00891155 -0.0316591   0.179754    -9.8073 
             175.502  0.057889    1.9884 -0.400835 -0.0192351  -0.043515  -0.010682 -0.0218099    1.07968  0.0245553 -0.00918487  -0.0237858   0.0458895  0.0200514 -0.0108465  0.0314235   0.0107221 -0.00736049  0.00263159   0.196631  0.0326692 0.00923134 -0.0316236   0.179772    -9.8073 
             175.602  0.115598   1.91631 -0.456371 -0.0094943 -0.0355713 -0.0208829 -0.0218617    1.07972  0.0243486 -0.00918978  -0.0237872   0.0458733  0.0347731 0.00961103   0.018386   0.0106886 -0.00732391  0.00266226   0.196334  0.0321315 0.00969538 -0.031558  0.179806   -9.8073 
             175.802   0.25893   2.04302 -0.521974 -0.00891828  -0.0380326 -0.00553535 -0.0217804    1.07972  0.0243828 -0.00918795  -0.0237857    0.045877 0.0192892 -0.011385 0.0292736   0.0106083 -0.00739166  0.00269878   0.196475  0.0321893 0.00931133 -0.0315944   0.179785    -9.8073 
             175.904  0.374254   2.58801 -0.478082  -0.0167309  -0.0550574 -0.00928278 -0.022048   1.07966 0.0247018 -0.00919288  -0.0237871   0.0458803  0.0202084 -0.0532645  0.0176543  0.0105456 -0.0076867 0.00267241   0.197116  0.0330833 0.00967189 -0.0316473   0.179807    -9.8073 
             176.102 -0.151263   2.51963 -0.487757 -0.00518882  -0.0474958  -0.0237776 -0.0220717    1.07968  0.0245129 -0.00919159   -0.023783    0.045901   0.0465461  -0.0142448 0.000514728  0.0108352 -0.0076515 0.00267532  0.197092 0.0324661 0.0102253 -0.0315929   0.179843    -9.8073 
             176.202  -1.11398   1.64662 -0.510849 -0.00344154  -0.0508204  -0.0219492 -0.0221036    1.07961  0.0245358 -0.0091927 -0.0237823  0.0458897  0.0209383  0.0101947 0.00203325    0.011282 -0.00724042  0.00268742  0.197038 0.0327895  0.010198 -0.0316167   0.179837    -9.8073 
             176.302  -1.18411   1.44689 -0.446745 -0.00803745  -0.0436999  -0.0210219 -0.022104   1.07967 0.0245198 -0.00919168  -0.0237817    0.045899 -0.00410899   0.0394695  0.00516919   0.0113229 -0.00713683  0.00265672  0.197293 0.0325254 0.0102006 -0.0316092   0.179851    -9.8073 
             176.402 -0.448111   2.56015 -0.514795 -0.0141727 -0.0381748 -0.0185505 -0.0220849    1.07973  0.0245207 -0.00919851  -0.0237759   0.0458911  0.0034138  0.0395707 0.00870228   0.0109434 -0.00771323  0.00268785  0.197664  0.032388 0.0101343 -0.0316101   0.179868    -9.8073 
             176.503  -0.35159    2.7192 -0.562255 -0.0140748  -0.033571 -0.0198041 -0.0221038    1.07971  0.0245357 -0.00919808  -0.0237761   0.0458893  0.0132688  0.0447862 0.00571571   0.0108819 -0.00780104  0.00271244  0.197723 0.0323661 0.0102171 -0.0316141   0.179872    -9.8073 
             176.603  -0.53391   2.53162 -0.519157 -0.00879426   -0.034045  -0.0299027 -0.0221374    1.07951  0.0245376 -0.00919877  -0.0237763   0.0458946   0.0302947   0.0445541 -0.00882827   0.0109662 -0.00769348  0.00268284  0.197594 0.0326381 0.0106525 -0.0316503   0.179854    -9.8073 
             176.702 -0.656525   2.54357 -0.565866 -0.00416718   -0.034475  -0.0377965 -0.022172   1.07936 0.0245798 -0.00919807   -0.023776   0.0458958 0.0421094 0.0455016 -0.018426   0.0110215 -0.00769648  0.00270791  0.197555 0.0329349  0.010951 -0.031686  0.179837   -9.8073 
             177.002 -0.135036   2.66961  -0.49191 0.00175918 -0.0272041 -0.0276731 -0.0222521    1.07955  0.0246306 -0.00919924   -0.023769   0.0459007    0.0509121    0.0319196 -0.000932397   0.0107391 -0.00776382  0.00266896  0.197897 0.0331572 0.0104751 -0.0316701   0.179878    -9.8073 
             177.302  0.171728   1.93175 -0.503249 -0.00929052  -0.0360854  -0.0157502 -0.0223853    1.07965   0.024781 -0.00919694  -0.0237669   0.0459135 -0.00624989 -0.00863932  0.00883955   0.0105806 -0.00736464  0.00267094  0.198354 0.0336973 0.0101985 -0.0316834    0.17991    -9.8073 
             177.402  0.108047   1.61438 -0.278028  -0.0147136  -0.0360102 -0.00925357 -0.0223905    1.07973  0.0247702 -0.00919546  -0.0237658   0.0459139 -0.0309351 -0.0101342  0.0164416   0.0106208 -0.00719154  0.00255078  0.198392 0.0336565 0.0100305 -0.0316643   0.179922    -9.8073 
             177.502 0.0551905    1.7309 -0.227444 -0.0162813 -0.0352436 -0.0154585 -0.022383   1.07964 0.0247606 -0.00919635  -0.0237665   0.0459154  -0.0301225 -0.00749951  0.00890001   0.0106516 -0.00725195  0.00252433  0.198414 0.0336178 0.0102822 -0.0316865   0.179911    -9.8073 
             177.602  0.557787   2.25331 -0.439281  -0.0324935  -0.0375537 -0.00673931 -0.022358   1.07973 0.0246886 -0.00919915  -0.0237657   0.0459074 -0.0480414 -0.0316107  0.0169148   0.0103721 -0.00754826  0.00265017   0.19883 0.0335529 0.0100563 -0.0316793   0.179927    -9.8073 
             177.702  0.591494   2.42534 -0.385719 -0.0384244 -0.0403517 -0.0102734 -0.0223761    1.07969  0.0246931 -0.00919803  -0.0237671   0.0459059 -0.0421216  -0.041118  0.0110613   0.0103537 -0.00764504  0.00262017  0.198938 0.0335295 0.0102374 -0.0316922   0.179927    -9.8073 
             177.802 -0.00283825     2.58408   -0.399566  -0.0382732  -0.0454941 -0.00258875 -0.0223412    1.07972  0.0247113 -0.00920063  -0.0237706   0.0459066 -0.0293851 -0.0399015  0.0205482   0.0106655 -0.00773218  0.00262891   0.198751  0.0336168 0.00996492 -0.0316821   0.179917    -9.8073 
             178.002 -0.190401   2.55683 -0.404628 -0.0364898 -0.0523139 0.00375291 -0.0223037    1.07969  0.0246688 -0.00920182  -0.0237713   0.0459091 -0.00787073  -0.0322953   0.0254359    0.010764 -0.00771845  0.00263165   0.198515  0.0336169 0.00986547 -0.0316772   0.179909    -9.8073 
             178.102  0.137074   3.12251 -0.356336 -0.0135786 -0.0373471 -0.0266418 -0.0224161    1.07936  0.0245467 -0.00919008   -0.023772   0.0459113  0.0675498  0.0039255 -0.0109873   0.0105766 -0.00802448  0.00260145  0.197951 0.0327939 0.0109244 -0.0317021   0.179954    -9.8073 
             178.202 -0.152605   3.10946  -0.52227 -0.0109584  -0.035676 -0.0229135 -0.0223917    1.07944  0.0245811 -0.00919109  -0.0237743   0.0459116   0.0722989  0.00953632 -0.00478908   0.0107293 -0.00801743  0.00268854  0.198122 0.0327338 0.0107642 -0.0316927   0.179951    -9.8073 
             178.302 -0.871744   1.92536 -0.397985 -0.0058495 -0.0397495    -0.0303 -0.022502   1.07931 0.0243679 -0.00920304  -0.0237646    0.045903  0.0582607  0.0200142 -0.0131676   0.0111406 -0.00734267  0.00262206  0.198159 0.0331917 0.0110905 -0.0317286   0.179969    -9.8073 
             178.403  -0.95373   1.58066 -0.394927 -0.0063459 -0.0403201 -0.0342946 -0.0226015     1.0793  0.0244437 -0.00920633  -0.0237617    0.045909  0.0355729  0.0300834 -0.0195021   0.0111859 -0.00714833  0.00262455  0.198427 0.0334252 0.0112468 -0.0317482   0.179985    -9.8073 
             178.502  -1.04202   1.51162 -0.405109 -0.00761853  -0.0408955  -0.0387856 -0.0226978    1.07928  0.0245809 -0.0092091 -0.0237592  0.0459127  0.0174273  0.0394795 -0.0216204   0.0112373 -0.00710776  0.00263134  0.198659 0.0337347  0.011384 -0.0317689   0.179998    -9.8073 
             178.604  -1.17534    1.4886 -0.388282 -0.0114096 -0.0395661 -0.0421934 -0.0227724    1.07928  0.0247178 -0.00921174  -0.0237572    0.045916 -0.000928798    0.0511515   -0.0249664   0.0113108 -0.00709753    0.002624  0.198935 0.0339932  0.011464 -0.0317858   0.180009    -9.8073 
             178.702 0.0519028   1.50618 -0.535288 -0.00839246  -0.0396994  -0.0280509 -0.022635   1.07936 0.0244496 -0.00920463  -0.0237524   0.0459323 -0.0139618  0.0223717 -0.0069324   0.0106266 -0.00710739  0.00270262   0.19857 0.0340475 0.0108342 -0.0317474   0.179987    -9.8073 
             178.806 -0.228039   1.76766 -0.303666 -0.0164748 -0.0373306 -0.0273823 -0.0226891    1.07941    0.02448 -0.00920744    -0.02375   0.0459296  -0.0304952   0.0266615 -0.00410402   0.0107866 -0.00725384  0.00257478  0.198946 0.0341008 0.0108045 -0.0317582   0.180004    -9.8073 
             179.002  0.247485    1.2596 -0.331243 -0.0247468 -0.0381275 -0.0310073 -0.0226723    1.07938  0.0245193 -0.00921027  -0.0237537    0.045937   -0.063763  0.00294746 -0.00616608   0.0105156 -0.00696287   0.0025925  0.198842 0.0342834 0.0109415 -0.0317595   0.179986    -9.8073 
             179.102  -0.15681   1.48403 -0.345864 -0.0287151 -0.0364139   -0.02291 -0.0226807    1.07936  0.0245204 -0.00921053  -0.0237534   0.0459388  -0.072054  0.0116276 0.00438582   0.0107452 -0.00709021  0.00259941  0.198647 0.0342767 0.0105874 -0.0317655   0.180003    -9.8073 
             179.202  0.259284   1.46853 -0.141142 -0.0384717 -0.0354111 -0.0176388 -0.0226757    1.07939  0.0244991 -0.00921036  -0.0237523   0.0459381    -0.089978 -3.31205e-05    0.0107282   0.0105161 -0.00708113  0.00248679  0.198677 0.0341798 0.0104175 -0.0317688   0.180013    -9.8073 
             179.302 -0.0801914    2.43859  -0.141206 -0.0364857 -0.0297181  -0.038119 -0.0226547    1.07935  0.0244284 -0.00920307  -0.0237531   0.0459619 -0.0470831  0.0165939 -0.0104287   0.0107034 -0.00762595  0.00249012  0.198572 0.0339865 0.0111268 -0.0317328    0.17999    -9.8073 
             179.408  0.297193   1.87282 -0.209862 -0.0344011 -0.0304398 -0.0428307 -0.0226716    1.07934  0.0243513 -0.00920605  -0.0237542   0.0459641 -0.0427941 0.00266668 -0.0138726   0.0104988 -0.00732234  0.00252765  0.198185 0.0340997   0.01126 -0.031708   0.17999   -9.8073 
             179.504 0.0963546   2.02029 -0.284748 -0.0369178 -0.0352545 -0.0321694 -0.0227083    1.07923   0.024373 -0.0092052 -0.0237535   0.045963  -0.0474747  -0.0100726 0.000131367   0.0106114 -0.00740872  0.00256766  0.197964 0.0343831 0.0107818 -0.0317527   0.180003    -9.8073 
             179.616 0.0906801   2.00449 -0.277941  -0.03783 -0.038958 -0.025717 -0.0227203    1.07913  0.0243234 -0.00920606   -0.023752    0.045963 -0.0463184 -0.0194482 0.00695948   0.0106197 -0.00740141  0.00256444  0.197662 0.0345032 0.0105096 -0.0317798   0.180013    -9.8073 
             179.702  0.214764   2.09089 -0.171233 -0.0362316 -0.0353565 -0.0303757 -0.0227229    1.07909  0.0242506 -0.00920512  -0.0237531   0.0459635   -0.0338352   -0.0116107 -0.000343352   0.0105446 -0.00745042  0.00250167  0.197404 0.0341609 0.0106834 -0.031768  0.180025   -9.8073 
             179.802 -0.417476   1.73643 -0.249728 -0.0321803  -0.035689 -0.0406536 -0.0227902    1.07911   0.024072 -0.0092076 -0.0237472  0.0459576 -0.0259341 0.00285302  -0.012802   0.0108969 -0.00725417  0.00254758  0.197099  0.034205 0.0110583 -0.0317232   0.180037    -9.8073 
             179.902 -0.486337    2.2933 -0.284328 -0.0222655 -0.0333632 -0.0596303 -0.0229204    1.07919  0.0239803 -0.00920377  -0.0237409   0.0459619  0.0113504  0.0171551 -0.0312469   0.0109347 -0.00756343   0.0025656  0.196738 0.0341528 0.0116805 -0.0316501   0.180057    -9.8073 
             180.016 -0.132763   2.18026  -0.41175 -0.0212496 -0.0343859 -0.0630821 -0.0229267     1.0792  0.0240027 -0.00920271  -0.0237414   0.0459642 0.00855213 0.00943453 -0.0313179  0.0107293 -0.0074981 0.00263802  0.196737  0.034308 0.0116924 -0.0316465   0.180055    -9.8073 
             180.108 -0.0866048    2.24715  -0.442791 -0.0183741 -0.0373082 -0.0649521 -0.0229304    1.07918  0.0239722 -0.00920203  -0.0237409   0.0459667   0.0124849 0.000743402  -0.0299761   0.0107038 -0.00753383  0.00265764  0.196627 0.0345583 0.0116476 -0.0316477   0.180054    -9.8073 
             180.202 -0.345292   2.69306 -0.322541 -0.0252757 -0.0375149 -0.0515793 -0.0228156    1.07914   0.024065 -0.00921161  -0.0237432   0.0459627  0.00141698  0.00211279 -0.00842245   0.0108499 -0.00778153  0.00259074  0.196973 0.0345402 0.0110054 -0.0317106   0.180042    -9.8073 
             180.302 -0.100538   2.42057 -0.434561 -0.0259256 -0.0373835 -0.0662738 -0.0229159    1.07923  0.0241389 -0.00921076  -0.0237447   0.0459626  0.00857986 0.000300362  -0.0282285  0.0107143 -0.0076375 0.00265112  0.197121 0.0345853 0.0115865 -0.0316654   0.180048    -9.8073 
             180.404 -0.832533   2.18805 -0.447214 -0.0173623 -0.0421407 -0.0711301 -0.0229458    1.07916  0.0240315 -0.00921157  -0.0237439   0.0459471  0.0214843 0.00743839  -0.029751   0.0111281 -0.00750214  0.00265719 0.196718 0.035058 0.011644 -0.0316634   0.180042    -9.8073 
             180.502 -0.271975   2.24623 -0.422274 -0.0135142 -0.0447284 -0.0778664 -0.0229804    1.07915  0.0240402 -0.00921262  -0.0237451   0.0459505   0.0286706 -0.00125895  -0.0364922   0.0108126 -0.00753159  0.00263966  0.196649 0.0352434 0.0118082 -0.0316602   0.180039    -9.8073 
             180.602 -0.713651   2.48722 -0.573901 -0.0149975 -0.0438376 -0.0752445 -0.0229734     1.0792  0.0240829 -0.00921425  -0.0237488   0.0459501 0.0224246 0.0104953  -0.02773   0.0110534 -0.00766978  0.00272248  0.196872 0.0352271 0.0115569 -0.0316665   0.180047    -9.8073 
             180.704 -0.547319   2.59262 -0.533343 -0.0163928   -0.03889 -0.0739181 -0.0229584    1.07926  0.0241015 -0.00921447  -0.0237487   0.0459483  0.0210847  0.0228468 -0.0204358   0.0109595 -0.00773098  0.00270028  0.197056 0.0349414 0.0113994 -0.0316614   0.180057    -9.8073 
             180.802 -0.356269    2.4806 -0.339205 -0.0177349 -0.0342936 -0.0773585 -0.0229742    1.07928  0.0241385 -0.00921306   -0.023748   0.0459466  0.0186734  0.0302103 -0.0221948   0.0108555 -0.00766686  0.00259472  0.197231  0.034771 0.0114764 -0.0316603   0.180063    -9.8073 
             180.902  -1.02404   2.11961 -0.452811 -0.0127317 -0.0337675 -0.0815213 -0.0229867    1.07923  0.0241262 -0.00921432  -0.0237477   0.0459393  0.0203798  0.0438507 -0.0249103   0.0112031 -0.00747662  0.00265783  0.197044  0.035059 0.0115472 -0.0316713    0.18005    -9.8073 
             181.002 -0.949935   2.44239 -0.561761 -0.00619686  -0.0365411  -0.0891721 -0.0230217    1.07911  0.0241678 -0.00921243   -0.023746   0.0459373  0.0380867  0.0439984 -0.0309308   0.0111563 -0.00765474   0.0027148  0.196875 0.0356228 0.0117497 -0.0317014   0.180028    -9.8073 
             181.102 -0.519303   2.42975 -0.479699 -0.00438227  -0.0334266   -0.086379 -0.0230279    1.07917  0.0241554 -0.0092124 -0.0237451  0.0459394  0.0351275  0.0415267 -0.0251572   0.0109159 -0.00764518  0.00266883  0.196932 0.0356374 0.0115327 -0.0316924   0.180043    -9.8073 
             181.208 -0.788226   2.50846 -0.649911 -0.00382416  -0.0272705  -0.0698868 -0.0231134    1.07937  0.0241385 -0.00921276   -0.023747   0.0459375  0.0261868  0.0540139 -0.0010891   0.0110649 -0.00769321  0.00276624  0.197002 0.0355168 0.0107805 -0.0316377   0.180113    -9.8073 
             181.304 -1.76271  1.83952 -0.62655 -0.00676944  -0.0353328   -0.047558 -0.0233289    1.07939   0.024249 -0.00920017  -0.0237608   0.0459028 -0.0084545  0.0587836  0.0244173   0.0116355 -0.00730986  0.00276141  0.197014 0.0365801 0.0099788 -0.0316388   0.180179   -9.80729 
             181.502 -1.49215  2.12822 -0.40794 -0.0122509 -0.0204618 -0.0506894 -0.0233201    1.07933  0.0243749 -0.00920243  -0.0237583    0.045904 -0.00892212    0.100456    0.016571   0.0114809 -0.00746658  0.00263543  0.197272 0.0366126 0.0102869 -0.0316735   0.180154   -9.80729 
             181.602 -0.414961   2.62872 -0.400772 -0.0197874 -0.0261069 -0.0549637 -0.023276   1.07914 0.0246097 -0.00920565  -0.0237609   0.0459342 -0.00332253   0.0576651  0.00715696   0.0108857 -0.00773794  0.00262847  0.197699 0.0373519 0.0106064 -0.0317575   0.180103    -9.8073 
             181.702 -0.103388   2.81879 -0.347275  -0.029085 -0.0325421 -0.0480938 -0.023384   1.07914 0.0246526 -0.00920982  -0.0237578   0.0459543 -0.00890847   0.0272713   0.0132894   0.0107126 -0.00784088  0.00259539  0.198089 0.0380258 0.0104675 -0.0317892   0.180132   -9.80729 
             181.802 -0.341458   1.83192 -0.293279 -0.0320923 -0.0371568 -0.0423116 -0.0234398    1.07914  0.0247049 -0.0092134 -0.0237566  0.0459572 -0.0290755   0.015651  0.0177412   0.0108498 -0.00727077  0.00256874  0.198028 0.0384768 0.0103574 -0.031795   0.18014  -9.80729 
             181.902 -0.239323   2.18968 -0.287291 -0.0325697 -0.0384025 -0.0397158 -0.0234766    1.07913  0.0247177 -0.00921371  -0.0237566    0.045957 -0.0207371  0.0112421  0.0190619   0.0107873 -0.00747779  0.00256372  0.197951 0.0386524 0.0103086 -0.0317939   0.180147   -9.80729 
             182.002  -0.48084   1.83404 -0.190242 -0.0291346 -0.0404061 -0.0423775 -0.0234035    1.07903  0.0247092 -0.00921579  -0.0237567   0.0459505 -0.0187218  0.0127163  0.0136423  0.0109261 -0.0072727 0.00250929  0.197669 0.0388848 0.0104737 -0.0318091   0.180104   -9.80729 
             182.103 -0.585607   2.16749 -0.118851 -0.0330267 -0.0404599 -0.0353203 -0.0235105    1.07912  0.0247522 -0.00921739  -0.0237577   0.0459466 -0.0210098  0.0164932  0.0218735   0.0109847 -0.00746348  0.00246662  0.197784 0.0390112 0.0102525 -0.0317944   0.180148   -9.80729 
             182.202   -0.36975     2.1784 -0.0869564 -0.0383451 -0.0401674 -0.0285648 -0.0235758    1.07918  0.0247826 -0.00921778  -0.0237574   0.0459456 -0.0280504   0.013326  0.0284086    0.010863 -0.00746896  0.00245222  0.197918 0.0390803 0.0100992 -0.031785  0.180176  -9.80729 
             182.302  -0.132153     2.3298 -0.0527459 -0.0423611 -0.0416517 -0.0164178 -0.0237208    1.07928  0.0247878 -0.00921911  -0.0237556   0.0459463 -0.0281903 0.00214137  0.0387803    0.010732 -0.00755318  0.00243243   0.197976  0.0392213 0.00974666 -0.0317613   0.180242   -9.80729 
             182.402 -0.0198075    2.37279 -0.0205843  -0.0441418    -0.04233 -0.00788584 -0.0237921    1.07932  0.0247758 -0.00921976  -0.0237546   0.0459469  -0.0252113 -0.00400317   0.0443415   0.0106686 -0.00757849  0.00241578   0.197925  0.0392516 0.00956245 -0.0317495   0.180277   -9.80729 
             182.503 -0.0771927    2.47453 -0.0219197   -0.043379  -0.0429596 -0.00138861 -0.023837   1.07932 0.0247449 -0.00922021  -0.0237542   0.0459481  -0.0142281 -0.00549834   0.0474176  0.0107047 -0.0076378 0.00241551    0.19777  0.0392687 0.00946576 -0.0317427   0.180298   -9.80729 
             182.602     0.0195    2.42148 -0.0295317  -0.0412314  -0.0429455 -0.00319436 -0.0237972    1.07924  0.0247007 -0.00921989  -0.0237542   0.0459482 -0.00198629 -0.00495027   0.0409136    0.010652 -0.00760708  0.00241759   0.197571  0.0392358 0.00971233 -0.0317529   0.180272   -9.80729 
             182.702 -0.0495807    2.46903 -0.0344675 -0.0387789 -0.0432523 0.00195667 -0.0238221    1.07923  0.0246696 -0.00922021  -0.0237538   0.0459487  0.00694128 -0.00495125   0.0423094   0.0106954 -0.00763396  0.00241992   0.197438  0.0392202 0.00965839 -0.0317502   0.180285   -9.80729 
             182.802 0.00533426    2.37992 -0.0331824  -0.0368105  -0.0427517 -0.00186074 -0.0237905    1.07914  0.0246378 -0.00922023  -0.0237536   0.0459482   0.0148611 -0.00338038   0.0329344   0.0106648 -0.00757833  0.00242324   0.197352  0.0391803 0.00996846 -0.0317664   0.180257   -9.80729 
             182.902 -0.0543419    2.41873 -0.0650115 -0.0335012 -0.0432109 0.00282039 -0.0238074    1.07914  0.0246168 -0.00922037  -0.0237534   0.0459482   0.0225772 -0.00456263   0.0354115   0.0106977 -0.00759704  0.00244149   0.197265  0.0391804 0.00990955 -0.0317627   0.180268   -9.80729 
             183.003 -0.0036568     2.3201 -0.0695684  -0.0312499   -0.042927 -0.00121416 -0.0238026    1.07906  0.0246044 -0.00922061  -0.0237531   0.0459477   0.0270338 -0.00437031   0.0276424   0.0106666 -0.00753923  0.00244461  0.197251 0.0391634 0.0102051 -0.0317793   0.180249   -9.80729 
             183.103 -0.00501851     2.28803   -0.102851  -0.0292605  -0.0427411 -0.00346638 -0.023801   1.07902 0.0246093 -0.00922078  -0.0237529   0.0459476   0.0285134 -0.00487743   0.0217569   0.0106708 -0.00752116  0.00246653  0.197288 0.0391488 0.0103986 -0.0317915   0.180237   -9.80729 
             183.203 -0.0967695    2.14724  -0.160928 -0.0196608 -0.0443097  0.0114429 -0.023817   1.07908 0.0245085 -0.00921939  -0.0237534   0.0459456  0.0326838 -0.0109127  0.0361081   0.0107185 -0.00744134   0.0024988   0.196883  0.0391255 0.00988764 -0.0317595   0.180279   -9.80729 
             183.307 -0.0436762    1.98481  -0.195836 -0.0142991 -0.0447089  0.0227041 -0.0237768    1.07912  0.0244396 -0.00921829  -0.0237538   0.0459451  0.0279739 -0.0136672  0.0468797  0.0106871 -0.0073563  0.0025173   0.196732  0.0390024 0.00958872 -0.0317479   0.180291   -9.80729 
             183.402 0.0285713   1.71417 -0.228529 -0.00952628   -0.044452   0.0213847 -0.0238387    1.07902   0.024354 -0.00922059  -0.0237535   0.0459423  0.0225369 -0.0111223   0.039662   0.0106404 -0.00720207  0.00253781   0.196545  0.0389181 0.00981686 -0.0317617   0.180304   -9.80729 
             183.502 -0.0100042     1.7959  -0.249479 -0.00763905  -0.0445831   0.0296772 -0.0237744    1.07906  0.0243317 -0.00922002  -0.0237539   0.0459423 0.0149157 -0.012812  0.045325   0.0106601 -0.00724689   0.0025484   0.196558  0.0388139 0.00963278 -0.0317577   0.180298   -9.80729 
             183.603  0.137974   1.52222 -0.269833 -0.00780856   -0.044757   0.0270261 -0.0238604      1.079  0.0243255 -0.00922229  -0.0237546    0.045942 -0.000533835    -0.014568    0.0338999   0.0105752 -0.00709207  0.00256222   0.196574  0.0387529 0.00993767 -0.0317694   0.180309   -9.80729 
             183.702 -0.00197589      1.6387    -0.27373 -0.00690866  -0.0449122   0.0300243 -0.0238524    1.07898  0.0242919 -0.00922204  -0.0237547   0.0459427 -0.00495527  -0.0141185   0.0321668   0.0106553 -0.00715821  0.00256559   0.196507  0.0386674 0.00993869 -0.0317703   0.180311   -9.80729 
             183.803 -0.00701231     1.64853   -0.277523 -0.0069117 -0.0449055   0.031908 -0.023865   1.07897 0.0242608 -0.00922154  -0.0237547   0.0459435 -0.0134679 -0.0132378   0.031093   0.0106586 -0.00716328  0.00256676   0.196445  0.0385711 0.00999023 -0.0317698   0.180316   -9.80729 
             183.903 0.00445628    1.64299   -0.27657 -0.00762403  -0.0448585   0.0330851 -0.0238928    1.07896  0.0242276 -0.00922098  -0.0237547   0.0459443 -0.0202093 -0.0132024  0.0280271   0.0106512 -0.00716085  0.00256562  0.196376 0.0384707 0.0100704 -0.0317664   0.180323   -9.80729 
             184.002  0.971382   4.27649 -0.306282 -0.00914711  -0.0527976   0.0104178 -0.024091   1.07879 0.0241767 -0.00917676  -0.0237792   0.0459765  0.0491852   -0.04791 -0.0056076   0.0101109 -0.00862477   0.0025923  0.196768  0.038907 0.0111712 -0.0317499   0.180369   -9.80729 
             184.102  0.401165   3.83657 -0.254064 -0.0276961 -0.0555697  0.0152834 -0.0240852    1.07893  0.0242483 -0.00919071  -0.0237849   0.0459198   0.0261609  -0.0488416 0.000979097   0.0104266 -0.00837693  0.00255957  0.198124 0.0388598 0.0109713 -0.0317919    0.18035   -9.80729 
             184.202  0.800912   4.04706 -0.396605 -0.0427422 -0.0673512 0.00641744 -0.0244297    1.07907  0.0243998 -0.0091759 -0.0237932   0.045903  0.0235931 -0.0807114 -0.0132876   0.0101837 -0.00849568  0.00264526  0.199274 0.0393532  0.011446 -0.0318018   0.180398   -9.80729 
             184.302 -0.273402   3.76463 -0.205703  -0.0497384  -0.0672211 -0.00542547 -0.0246779    1.07902   0.024501 -0.00917593  -0.0237704   0.0459328  0.0303699  -0.051503 -0.0254189   0.0108059 -0.00832911  0.00253442  0.199814 0.0389898 0.0119802 -0.0318382   0.180472   -9.80729 
             184.405  0.263107   3.80313 -0.394395   -0.0516864   -0.0707578 -0.000992466  -0.02443   1.07924 0.0246548 -0.00917102  -0.0237721   0.0459447  0.0452077 -0.0608935 -0.0158414   0.0104997 -0.00835035   0.0026372  0.200323 0.0388461  0.011611 -0.0317805   0.180414   -9.80729 
             184.504  0.701279   4.75234 -0.317587 -0.0642071 -0.0581948 -0.0450094 -0.025995   1.07734 0.0246115 -0.00911024   -0.023815   0.0459113   0.062923 -0.0348671 -0.0968774   0.0102552 -0.00887305  0.00259523  0.200835 0.0374402 0.0141083 -0.0324199   0.180868   -9.80728 
             184.603  0.324796    4.5594 -0.241158 -0.0583251 -0.0560929 -0.0624439 -0.0262561    1.07689  0.0245712 -0.00910974  -0.0238123   0.0459185  0.0983441 -0.0263536  -0.113275   0.0104711 -0.00876037  0.00255304  0.200776 0.0370152  0.014566 -0.0325714   0.180955   -9.80728 
             184.703  0.195535   4.50091 -0.243037 -0.0487812  -0.056583 -0.0713914 -0.0261607    1.07708  0.0246219 -0.00910736   -0.023813   0.0459241   0.132631 -0.0269645  -0.108992   0.0105397 -0.00872569  0.00255513  0.200969 0.0368513  0.014435 -0.0325114   0.180934   -9.80728 
             184.804 0.0930438   4.05078 -0.223257 -0.0306829 -0.0545008 -0.0693824 -0.0256378    1.07816  0.0246558 -0.00907857  -0.0238214   0.0459207   0.167495 -0.0210583 -0.0836467   0.0105965 -0.00846799  0.00254275  0.200998 0.0364517 0.0136596 -0.032113  0.180793  -9.80728 
             184.903  -0.19126   3.95783 -0.209034 -0.0131983 -0.0488148 -0.0637382 -0.0251001    1.07946  0.0247029 -0.00905098  -0.0238344   0.0459355    0.195433 -0.00286179  -0.0564748   0.0107564 -0.00841412  0.00253465  0.201376 0.0358597 0.0128706 -0.0316493   0.180656   -9.80729 
             185.102 -0.234426   4.07123 -0.226665  0.0132143 -0.0361343  -0.064492 -0.0247814    1.08046  0.0249649 -0.0090408 -0.0238397  0.0459667   0.228313  0.0223168 -0.0390769   0.0107707 -0.00846809  0.00253536   0.20287 0.0351321 0.0124642 -0.0313628   0.180594   -9.80729 
             185.304 -0.026429   3.37613 -0.305038  0.0261525 -0.0473602 -0.0374538 -0.0241946    1.08338  0.0257069 -0.00899852  -0.0238443   0.0460247   0.196266 -0.0144322 0.00937325   0.0106581 -0.00809237   0.0025735  0.205679 0.0360878 0.0111765 -0.0304747    0.18039   -9.80729 
             185.404  -0.33746   2.98554 -0.564185   0.0199912  -0.0551429 -0.00441562 -0.0237654    1.08607  0.0262772 -0.00896435  -0.0238609    0.046042   0.148702 -0.0241924  0.0551836   0.0108117 -0.00788593   0.0027115   0.207859  0.0365835 0.00993237 -0.0296362   0.180238    -9.8073 
             185.512 -0.285593   2.32535 -0.493678  0.0154852 -0.0493273  0.0342654 -0.0232078    1.08854  0.0264888 -0.00892829  -0.0238628   0.0460625   0.102102 -0.0123886  0.0987811   0.0107872 -0.00752121   0.0026763   0.209373  0.0360038 0.00869122 -0.0288343   0.180115    -9.8073 
             185.603 -0.169502   2.26696  -0.48305  0.0132736 -0.0469514  0.0558574 -0.0230228    1.08948  0.0265709 -0.00891914  -0.0238606   0.0460631  0.0773223 -0.0083202   0.115518    0.010724 -0.00749043  0.00266744  0.210184 0.0357602 0.0082257 -0.0285488   0.180082   -9.80731 
             185.703  0.435384   3.61606 -0.123326 0.00197399 -0.0433661 0.00778631 -0.0240774    1.08591  0.0273607 -0.00887393  -0.0238888   0.0460217   0.0995202 -0.00839199     0.03902   0.0103761 -0.00824012  0.00246288  0.211341 0.0357852 0.0106711 -0.0299035   0.180263    -9.8073 
             185.804   0.628622    3.72871 -0.0721427 -0.00644988  -0.0386491 -0.00542753 -0.0244041    1.08504  0.0277413 -0.00885268   -0.023891   0.0459663   0.0935652 -0.00838636   0.0130084   0.0102683 -0.00829699  0.00243813  0.212511 0.0355821 0.0114743 -0.0302866   0.180322    -9.8073 
             185.902  0.195918   3.73655 -0.543854 -0.00690557  -0.0486392  -0.0159706 -0.0247064    1.08447  0.0278744 -0.00883375  -0.0239018   0.0459464   0.0983945  -0.0265145 -0.00512328   0.0104919 -0.00829485   0.0026913  0.213215   0.03631 0.0120704 -0.0305576   0.180349   -9.80729 
             186.002  0.159935   3.78495 -0.583833 0.00377858  -0.055451  -0.021871 -0.0248017    1.08418  0.0278471 -0.00882705  -0.0239019   0.0459443   0.123508 -0.0400485 -0.0150006    0.010509 -0.00831288  0.00270707  0.213233 0.0365662 0.0123258 -0.0306644   0.180358   -9.80729 
             186.102   0.26753    3.8277 -0.490333  0.0123667 -0.0487885 -0.0193272 -0.0247307    1.08446  0.0280618 -0.00883079  -0.0239022   0.0459435    0.141819  -0.0295678 -0.00828465  0.0104489 -0.0083413 0.00265723  0.213524 0.0358709 0.0121365 -0.0305781   0.180362   -9.80729 
             186.203 -0.242768   3.72122 -0.451026  0.0157631 -0.0526293 -0.0201054 -0.0248179    1.08449   0.028238 -0.00882865  -0.0238999   0.0459388   0.137343 -0.0232757 -0.0156628   0.0106661 -0.00829549   0.0026421  0.214339 0.0360801 0.0122017 -0.0306043   0.180377   -9.80729 
             186.302  0.346316   3.87651 -0.482047  0.0161064 -0.0536734  -0.018164 -0.0248633    1.08475  0.0285749 -0.00882787  -0.0238952   0.0459358   0.135315 -0.0362033 -0.0107402   0.0103324 -0.00837218   0.0026546  0.215474 0.0360334 0.0120723 -0.0305479   0.180394   -9.80729 
             186.402 -0.286071   3.67484 -0.380104 -0.00408456  -0.0470284  -0.0198594 -0.0252047    1.08475   0.029394 -0.00882091  -0.0238788   0.0459748  0.0841867 -0.0117787 -0.0127963   0.0107082 -0.00826009  0.00259888  0.218124 0.0357689  0.012259 -0.0306104     0.1805   -9.80729 
             186.502  0.223141   3.71709 -0.382499  -0.0118513  -0.0498236 -0.00944936 -0.0251124    1.08539  0.0297497 -0.00881796  -0.0238652   0.0459875  0.0692316 -0.0218458 0.00941206   0.0104222 -0.00828236  0.00259728  0.219823  0.036022 0.0116689 -0.0303718   0.180493   -9.80729 
             186.602 -0.0403161     3.6363  -0.413045 -0.00949228  -0.0553643 -0.00510992 -0.0250847    1.08556  0.0298081 -0.00881643  -0.0238662   0.0459903  0.0782474 -0.0313887  0.0153244  0.0105798 -0.0082389 0.00261477   0.22039 0.0363289 0.0115006 -0.0303105    0.18049   -9.80729 
             186.703  0.248134    3.8032 -0.441726 -0.0092835 -0.0527468 -0.0111068 -0.0253861    1.08507  0.0300365 -0.00881416  -0.0238729    0.045986   0.0852492  -0.0273431 -0.00185379   0.0104155 -0.00832907  0.00263093   0.22095   0.03597 0.0119834 -0.0305147   0.180567   -9.80729 
             186.803   0.27143   3.81288 -0.447017 -0.0095389 -0.0523405  -0.013647 -0.0255745     1.0849  0.0302471 -0.00881366  -0.0238753    0.045984   0.0888181  -0.0291963 -0.00614164   0.0104007 -0.00833267  0.00263386  0.221744 0.0358184 0.0121807 -0.0306004   0.180618   -9.80729 
             186.903  0.290014   3.82777 -0.438381 -0.00848513  -0.0498711  -0.0152028 -0.025728   1.08485 0.0304889 -0.00881366   -0.023876   0.0459821   0.0951715    -0.02658 -0.00867349   0.0104001 -0.00833736  0.00262913  0.222472 0.0354937 0.0122877 -0.0306384   0.180662   -9.80729 
             187.002  0.483897   3.88234 -0.504906 -0.0125887 -0.0582818 -0.0150755 -0.0258766    1.08491  0.0305861 -0.0088127 -0.0238795  0.0459839   0.0881715  -0.0515096 -0.00720819   0.0102952 -0.00835368  0.00266183  0.223832 0.0360259 0.0122955 -0.0306603     0.1807   -9.80729 
             187.103 -0.264867   3.63447 -0.496723 -0.000875321   -0.0545388   -0.0122429 -0.02576  1.08521 0.030738 -0.00880994  -0.0238882   0.0460028      0.11318   -0.0265398 -0.000262547   0.0107158 -0.00821781   0.0026623  0.223688 0.0353903 0.0120639 -0.0305232   0.180677   -9.80729 
             187.414 -0.259317   3.54777 -0.429693   0.0189298  -0.0592535 -0.00238205 -0.0257821    1.08578  0.0311472 -0.00880635  -0.0238915   0.0460163   0.141351 -0.0197383  0.0133828   0.0107184 -0.00816094  0.00262432  0.225315 0.0353716 0.0117178 -0.0303473   0.180692   -9.80729 
             187.803 -0.352991   3.58977 -0.485127   0.0444306  -0.0623688 -0.00389027 -0.0261777    1.08558  0.0316905 -0.00880739  -0.0238918   0.0460142     0.16766 -0.00287517  0.00526641   0.0107638 -0.00817307  0.00265507  0.227179 0.0355096 0.0120953 -0.030523    0.1808  -9.80729 
             187.903 -0.271719   3.64518 -0.471058 -0.00915213  -0.0588074 -0.00995227 -0.0267285    1.08563  0.0324553 -0.00880729  -0.0238908   0.0460031   0.0645515 0.000540522 -0.00508515   0.0107262 -0.00820932  0.00264846  0.230297 0.0355741 0.0125783 -0.0307175   0.180941   -9.80728 
             188.003 -0.161753   3.70903 -0.418489  -0.014627 -0.0523476  -0.017192 -0.0268285    1.08537  0.0326039 -0.00880631  -0.0238897   0.0460028  0.0634658   0.012156 -0.0160159   0.0106655 -0.00824316  0.00262042  0.230799 0.0353342 0.0129308 -0.0308576   0.180964   -9.80728 
             188.102  0.154504   3.80094 -0.368548 -0.0108705  -0.046484 -0.0217182 -0.026856   1.08524 0.0326931 -0.00880421  -0.0238928   0.0459975  0.0803139  0.0157261 -0.0218478   0.0104948 -0.00829198  0.00259364  0.230927 0.0351106 0.0131095 -0.030924  0.180967  -9.80728 
             188.203 0.00141357    3.74719  -0.428826 -0.0120364 -0.0530726 -0.0201557 -0.0269349    1.08546  0.0325228 -0.0088028 -0.0238947  0.0459975   0.0787508 -0.00520501  -0.0139457   0.0105882 -0.00826414  0.00262803  0.231602 0.0355866 0.0129142 -0.0308577   0.180993   -9.80728 
             188.303 -0.0128002    3.74059  -0.456975 -0.00558688   -0.055509  -0.0207494 -0.0269538    1.08551   0.032481 -0.0088023 -0.0238954  0.0459973  0.0949786  -0.011488 -0.0137069    0.010599 -0.00825767  0.00264366   0.23178 0.0357067 0.0128667 -0.0308411   0.180999   -9.80728 
             188.416 -0.0418967    3.72715  -0.471992 0.000448505  -0.0575961  -0.0209752 -0.0269948    1.08561  0.0324817 -0.00880205   -0.023897   0.0459977   0.108526 -0.0158148 -0.0143449  0.0106161 -0.0082507 0.00265243  0.232226 0.0358051  0.012804 -0.0308161   0.181012   -9.80728 
             188.504 -0.0489364    3.72432    -0.4759 0.000610556  -0.0563384  -0.0201063 -0.0270654    1.08579  0.0326307 -0.00880241  -0.0238983   0.0459993    0.104293  -0.0132393 -0.00956728   0.0106203 -0.00824745  0.00265396  0.233046 0.0357297 0.0127112 -0.0307711   0.181038   -9.80728 
             188.604 -0.0650683    3.71216  -0.478778 0.00279685   -0.05696 -0.0186639 -0.0271286    1.08596   0.032769 -0.00880259   -0.023899   0.0460003   0.105579  -0.013257 -0.0038067   0.0106291 -0.00823821  0.00265437  0.233846 0.0357747 0.0126009 -0.0307239   0.181062   -9.80728 
             188.703 -0.0664198    3.70943    -0.4829 0.00359054 -0.0570463  -0.018085 -0.0272287    1.08604  0.0329841 -0.00880304  -0.0238989   0.0460008    0.103828  -0.0135697 -0.00164416   0.0106266 -0.00823501   0.0026542  0.234775 0.0357839 0.0125906 -0.0307191   0.181094   -9.80728 
             188.804 -0.0926334    3.68503  -0.484747 0.00517869 -0.0575531 -0.0148037 -0.0272981     1.0863  0.0332052 -0.00880302  -0.0238991   0.0460022   0.103157 -0.0129174 0.00447964   0.0106416 -0.00821623  0.00265363  0.235731 0.0358181 0.0124122 -0.0306398   0.181122   -9.80728 
             188.908 -0.142841   3.63178 -0.485933 0.00672692 -0.0578605 -0.0102343 -0.0273686     1.0866  0.0334506 -0.00880267  -0.0238992   0.0460043    0.10196 -0.0123796  0.0128445   0.0106718 -0.00818275  0.00265671  0.236734 0.0358319 0.0122034 -0.030546  0.181152  -9.80728 
             189.004  -0.15905   3.60279 -0.489971  0.00697899  -0.0582213 -0.00597604 -0.0274625    1.08685  0.0337083 -0.00880265  -0.0238989   0.0460059  0.0974646 -0.0116356  0.0179227   0.0106787 -0.00816399  0.00265964  0.237763 0.0358618 0.0120562 -0.0304795   0.181187   -9.80728 
             189.103 -0.160747   3.58712 -0.491089  0.00717256  -0.0583676 -0.00311952 -0.027584   1.08698 0.0339743 -0.00880299  -0.0238983   0.0460063  0.0926551 -0.0108474  0.0202621     0.01068 -0.00815034  0.00266143  0.238728 0.0358726 0.0120381 -0.0304688   0.181227   -9.80728 
             189.204 -0.168728   3.57492 -0.483615  0.00628098  -0.0569741 -0.00136321 -0.0277329    1.08704  0.0342949 -0.00880331  -0.0238973   0.0460057   0.0869511 -0.00510369   0.0214071  0.0106848 -0.0081392 0.00265735  0.239725 0.0357753 0.0121118 -0.0304924   0.181275   -9.80728 
             189.305 -0.167671   3.56762 -0.478567   0.00541546   -0.0559452 -0.000535841 -0.0278864    1.08704  0.0345668 -0.00880356  -0.0238965   0.0460044   0.0824946 -0.00201834   0.0174179   0.0106837 -0.00813275  0.00265547  0.240654 0.0357409 0.0122394 -0.0305404   0.181321   -9.80728 
             189.404 -0.161415   3.56701 -0.475077  0.00443526  -0.0552813 -0.00050161 -0.0280355    1.08703  0.0347924 -0.00880367   -0.023896   0.0460026    0.079437 -0.00166986   0.0144063   0.0106795 -0.00812888  0.00265285  0.241524 0.0357518 0.0123898 -0.0305982   0.181363   -9.80728 
             189.503 -0.155261   3.56903 -0.472549    0.0036877   -0.0548938 -0.000797393 -0.0281726    1.08701   0.034984 -0.00880369  -0.0238959   0.0460006   0.0768864 -0.00195352   0.0107606   0.0106746 -0.00812706  0.00265129  0.242339 0.0357832 0.0125384 -0.0306555   0.181402   -9.80727 
             189.604 -0.149167   3.57762 -0.471231  0.00323726   -0.054747 -0.00163004 -0.0283029    1.08699   0.035162 -0.00880359   -0.023896   0.0459986  0.0758791 -0.0026688  0.0067949   0.0106734 -0.00812512  0.00265111  0.243112 0.0358248 0.0126973 -0.0307161   0.181437   -9.80727 
             189.703 -0.147786   3.58086 -0.470477  0.00272053  -0.0546691 -0.00245379 -0.0284244    1.08698  0.0353468 -0.00880357  -0.0238961   0.0459968  0.0756473 -0.0030789  0.0024209   0.0106718 -0.00812177  0.00264844  0.243871 0.0358701 0.0128282 -0.0307654   0.181471   -9.80727 
             189.803 -0.146339   3.58402  -0.46992 0.00251116 -0.0546602 -0.0033725 -0.0285359      1.087  0.0355305 -0.00880359  -0.0238965   0.0459953   0.0759252 -0.00413789 -0.00212734   0.0106738 -0.00812273    0.002648  0.244606 0.0359133 0.0129307 -0.0308034   0.181502   -9.80727 
             189.904 -0.145875   3.58707 -0.470025 0.00259382 -0.0547443 -0.0042304 -0.0286382    1.08702  0.0357151 -0.00880371  -0.0238967   0.0459941   0.0778681 -0.00336564 -0.00399735   0.0106795 -0.00812474  0.00264801 0.245337 0.035957 0.013003 -0.0308313   0.181531   -9.80727 
             190.003 -0.146612   3.58949 -0.470628  0.00256592  -0.0546659 -0.00472129 -0.0287347    1.08704   0.035907 -0.00880391  -0.0238969   0.0459933   0.0772562 -0.00266663 -0.00280448    0.010689 -0.00812194  0.00264884  0.246085 0.0359999 0.0130479 -0.0308506    0.18156   -9.80727 
             190.103 -0.147445   3.59067 -0.470685  0.00265277  -0.0545688 -0.00497239 -0.0288276    1.08706   0.036077 -0.00880416   -0.023897    0.045993   0.0771656 -0.00207038 -0.00371048   0.0106942 -0.00812254  0.00264776  0.246837 0.0360468 0.0130765 -0.0308642   0.181589   -9.80727 
             190.204  -0.15109   3.59068 -0.472566  0.00288071  -0.0549722 -0.00524957 -0.0289194    1.08709  0.0362064 -0.00880441  -0.0238971   0.0459927   0.0770875 -0.00355862 -0.00359637   0.0107006 -0.00812274  0.00265034  0.247581 0.0361319 0.0131044 -0.0308787   0.181617   -9.80727 
             190.303 -0.214734   3.56052 -0.469815   0.0032775  -0.0553199 -0.00302884 -0.0289922    1.08724  0.0363238 -0.00880439  -0.0238976   0.0459935   0.0764155 -0.00141474  0.00254074   0.0107387 -0.00810533  0.00264912  0.248354 0.0362183 0.0129756 -0.0308353   0.181644   -9.80727 
             190.403 -0.165299   3.57387 -0.474446  0.00315092  -0.0553441 -0.00328834 -0.029091   1.08725 0.0364433 -0.00880473  -0.0238976   0.0459936   0.0747652 -0.00177413  0.00272329   0.0107144 -0.00811645  0.00265121   0.24911 0.0362765 0.0130459 -0.0308633   0.181673   -9.80727 
             190.508 -0.161095   3.57616 -0.474781  0.00332217  -0.0552884 -0.00333856 -0.0291891    1.08729  0.0365484 -0.00880506  -0.0238975   0.0459935   0.0752439 -0.00178197  0.00275156   0.0107101 -0.00811645  0.00265069  0.249864 0.0363318 0.0131097 -0.0308876   0.181702   -9.80727 
             190.604 -0.160153   3.57663 -0.473926  0.00262987  -0.0551032 -0.00351786 -0.0292908    1.08735  0.0366504 -0.00880539  -0.0238974   0.0459932   0.0740583 -0.00195623 0.000222261   0.0107034 -0.00811584  0.00265046  0.250644 0.0363781 0.0131741 -0.0309095   0.181731   -9.80727 
             190.703 -0.156888   3.58378 -0.473914  0.00260995  -0.0551894 -0.00414702 -0.0293875    1.08741  0.0367401 -0.00880564  -0.0238974   0.0459924   0.0737968 -0.00262534  -0.0028684   0.0106994 -0.00811417  0.00265226  0.251367 0.0364351 0.0132519 -0.0309359   0.181759   -9.80727 
             190.803 -0.158064   3.58529 -0.474367  0.00265788  -0.0552306 -0.00474324 -0.0294812    1.08748  0.0368469 -0.00880591  -0.0238974   0.0459917   0.0742011 -0.00324491 -0.00355287   0.0106973 -0.00811338  0.00265326  0.252099 0.0364905 0.0133084 -0.0309552   0.181787   -9.80727 
             190.903 -0.158836   3.58682 -0.474681  0.00264503  -0.0555069 -0.00516211 -0.0295719    1.08754  0.0369604 -0.00880618  -0.0238974   0.0459911   0.0734642 -0.00318109  -0.0046365   0.0106958 -0.00810967  0.00265422  0.252846 0.0365454 0.0133457 -0.0309692   0.181815   -9.80727 
             191.003 -0.157878   3.58837 -0.475751  0.00256961  -0.0554457 -0.00535773 -0.0296598    1.08759  0.0371115 -0.00880645  -0.0238973   0.0459908   0.0732358  -0.0026681 -0.00478282   0.0107125 -0.00810469  0.00265645  0.253596 0.0365896 0.0133687 -0.0309788   0.181843   -9.80727 
             191.103 -0.159661    3.5884 -0.475083   0.0024029  -0.0552026 -0.00559177 -0.0297476    1.08764  0.0372575 -0.00880672  -0.0238972   0.0459903   0.0735532 -0.00139081 -0.00514734   0.0107147 -0.00810274  0.00265753  0.254348 0.0366291 0.0133859 -0.0309867   0.181871   -9.80726 
             191.203 -0.160777    3.5887 -0.474725  0.00249522  -0.0555574 -0.00571953 -0.0298326    1.08768  0.0373701 -0.00880699  -0.0238971   0.0459898   0.0740768 -0.00418918 -0.00459347   0.0107013 -0.00810557  0.00265224  0.255088 0.0366848 0.0133948 -0.0309934   0.181898   -9.80726 
             191.303 -0.159826   3.58934 -0.475927  0.00244814  -0.0555511 -0.00564642 -0.0299165    1.08772   0.037527 -0.00880724   -0.023897   0.0459898   0.0740933 -0.00611855 -0.00299115   0.0107094 -0.00810999  0.00265297  0.255826 0.0367245 0.0133992 -0.0309984   0.181926   -9.80726 
             191.403 -0.163565   3.58783 -0.476123  0.00246224   -0.055801 -0.00546179 -0.0300004    1.08776  0.0376746 -0.0088075 -0.0238969  0.0459895    0.0735799  -0.00132436 -0.000767704  0.0107002 -0.0081181 0.00265027  0.256548  0.036768 0.0134057 -0.0310039   0.181953   -9.80726 
             191.503 -0.161423    3.5879 -0.476696  0.00244511   -0.055691 -0.00524065 -0.0300863     1.0878  0.0378474 -0.00880774  -0.0238968   0.0459896   0.0736196 -0.00539794 -0.00152259   0.0107052 -0.00812419   0.0026543  0.257266  0.036795 0.0134184 -0.0310099    0.18198   -9.80726 
             191.603 -0.160754   3.58738  -0.47649 0.00235831 -0.0555984 -0.0050447 -0.0301739    1.08786  0.0380076  -0.008808 -0.0238967  0.0459895   0.0728135 -0.00336414 0.000168083   0.0107062 -0.00812602  0.00265012  0.257979 0.0368248  0.013438 -0.0310173   0.182007   -9.80726 
             191.703  -0.15928   3.58729 -0.474842  0.00205115  -0.0553615 -0.00497862 -0.0302633    1.08793  0.0381785 -0.00880827  -0.0238965   0.0459891    0.0708169  -0.00221365 -0.000616391      0.0107 -0.00812774   0.0026468  0.258698 0.0368352 0.0134657 -0.0310259   0.182034   -9.80726 
             191.803 0.235762  3.76618 -0.60688 0.00724325 -0.0536452 -0.0164066 -0.0304151    1.08754  0.0383216 -0.00880263  -0.0239125   0.0459845   0.0870777 -0.00835214  -0.0245344  0.0104738 -0.0082272 0.00272309 0.258718 0.036625  0.01419 -0.0312665   0.182047   -9.80726 
             191.903 -0.257716   3.69213 -0.514706 0.00733687 -0.0557761 -0.0250081 -0.030572   1.08738 0.0383451 -0.00880221   -0.023907   0.0459815   0.0852189 -0.00482503   -0.036949   0.0107461 -0.00817993  0.00267147   0.25939  0.036839 0.0146071 -0.0314166   0.182077   -9.80726 
             192.003 -0.120649    3.7438 -0.562559  0.0129928 -0.0572375 -0.0321292 -0.0306508    1.08728  0.0383669 -0.00880163  -0.0239067    0.045981  0.0977945 -0.0102381 -0.0445506   0.0106671 -0.00820764  0.00270107  0.259638 0.0369169 0.0148266 -0.0314954   0.182092   -9.80726 
             192.108 -0.268684    3.6772 -0.478575 -0.00123902  -0.0599774  -0.0289215 -0.030876   1.08767 0.0386836 -0.00880342  -0.0239012   0.0459822   0.063736 -0.0125431 -0.0298017   0.0107513 -0.00816868  0.00265564  0.261799  0.037271 0.0144803 -0.0313853   0.182177   -9.80726 
             192.203 -0.153361   3.65711  -0.54414 0.00216134 -0.0581889 -0.0323652 -0.0309181     1.0877  0.0388958 -0.00880364  -0.0239012   0.0459837  0.0747674 -0.0069662 -0.0309456   0.0106843 -0.00815296  0.00269226  0.262054 0.0370536 0.0145259 -0.0313893   0.182193   -9.80726 
             192.303 -0.202504   3.68027 -0.546543 0.00489377  -0.057749 -0.0367706    -0.031   1.08769 0.0390385 -0.00880398  -0.0239009   0.0459847   0.0828209 -0.00457888   -0.034186   0.0107167 -0.00816179  0.00269083  0.262481 0.0370137 0.0146296 -0.0314231   0.182217   -9.80726 
             192.403  -0.19832    3.7143 -0.533747  0.0134309 -0.0559864 -0.0370962 -0.0309777    1.08782  0.0391634 -0.00880382  -0.0239011   0.0459848   0.101409 0.00139891 -0.0292261   0.0107134 -0.00818169  0.00268423  0.262591 0.0368614 0.0144386 -0.0313462    0.18222   -9.80726 
             192.503 0.0366979   3.80153 -0.559493  0.0203854 -0.0512363 -0.0401483 -0.0310362    1.08789  0.0394945 -0.0088041 -0.0239011  0.0459794   0.115393 0.00510059 -0.0322873   0.0105829 -0.00822915  0.00270086  0.262942 0.0364972 0.0144501 -0.03133 0.182243 -9.80726 
             192.603 0.0455778    3.8919  -0.45937 0.00141536  -0.051186 -0.0481621 -0.0315055    1.08779  0.0400081 -0.00880453  -0.0238911   0.0459645   0.0694966 -0.00248643  -0.0412699   0.0105856 -0.00827774  0.00264393  0.265492 0.0367943 0.0149027 -0.0315069   0.182379   -9.80725 
             192.712 -0.0572314    3.75573  -0.518502  0.0031909 -0.0537122 -0.0424569 -0.0314958    1.08813  0.0400064 -0.00880274  -0.0238922   0.0459667     0.07413 -0.00634736  -0.0237251   0.0106415 -0.00820283  0.00267342  0.266213 0.0370566 0.0143506 -0.0313162     0.1824   -9.80725 
             192.803 -0.183458   3.72659 -0.573043 0.00151523 -0.0587301 -0.0362417 -0.0315183     1.0884  0.0399537 -0.0088001 -0.0238974  0.0459669   0.0703401  -0.0138461 -0.00929788   0.0107138 -0.00818673  0.00270471  0.267113 0.0375167 0.0139081 -0.0311733   0.182425   -9.80725 
             192.903 -0.231872   3.69937 -0.560706 0.00232652 -0.0577349 -0.0393374 -0.031637   1.08834 0.0401908 -0.00880105  -0.0238969   0.0459698  0.0756927 -0.0066619 -0.0140692   0.0107386 -0.00817063  0.00269747  0.267645    0.0374 0.0140664 -0.0312268   0.182458   -9.80725 
             193.003 -0.280293   3.75908 -0.536835 -0.00276506  -0.0604735  -0.0392994 -0.0317907    1.08837  0.0403234 -0.00880205  -0.0238959   0.0459673  0.0666858 -0.0107754 -0.0124217   0.0107659 -0.00820008  0.00268207  0.268785  0.037683 0.0140487 -0.0312347    0.18251   -9.80725 
             193.103 -0.244823   3.79841 -0.556747 0.00555003 -0.0603085 -0.0471742 -0.0318453    1.08813   0.040357 -0.00880108  -0.0238958   0.0459675   0.0885044 -0.00766832   -0.026637   0.0107508 -0.00821876  0.00268868  0.268594 0.0375783 0.0144468 -0.0313799   0.182513   -9.80725 
             193.203  -0.17272   3.75434 -0.558521 0.00428551 -0.0535278 -0.0508831 -0.0320228    1.08816  0.0409098 -0.00880161   -0.023896   0.0459653  0.0842279 0.00945732 -0.0305677   0.0107153 -0.00818592  0.00269203  0.269414 0.0370904 0.0145605 -0.0313971   0.182567   -9.80725 
             193.303 0.0326663   3.83442 -0.529477 0.00184378 -0.0538858 -0.0515894 -0.0321496    1.08823  0.0410494 -0.00880262  -0.0238931    0.045964    0.0800962 -5.81816e-05   -0.0251132   0.0105985 -0.00822243  0.00267789   0.27037 0.0372348 0.0144812 -0.0313754   0.182614   -9.80725 
             193.403  -0.14113    3.7764 -0.518534 0.00346375 -0.0499536 -0.0486929 -0.0322216    1.08844  0.0413697 -0.00880202  -0.0238923   0.0459648  0.0839814  0.0106087 -0.0142916   0.0106989 -0.00818091  0.00267226  0.271018 0.0370134 0.0141928 -0.0312556   0.182649   -9.80725 
             193.603 -0.222637    3.7043 -0.565099  0.0103698 -0.0620919 -0.0442493 -0.0322925    1.08853  0.0408675 -0.0087998 -0.0238945  0.0459629   0.0941313  -0.0122249 -0.00470611   0.0107369 -0.00813247  0.00269575  0.271955 0.0379835 0.0139065 -0.0311996   0.182681   -9.80725 
             193.703 -0.185196   3.83342  -0.52447 -0.00138792   -0.056119  -0.0572583 -0.0326316     1.0883  0.0415714 -0.00879766   -0.023893   0.0459584    0.0731783 -0.000274448    -0.030571   0.0107285 -0.00818991  0.00267612  0.273302 0.0375833 0.0146838 -0.0314596   0.182768   -9.80725 
             193.803  -0.28606   3.79028 -0.502738 0.00111437 -0.0571839 -0.0551059 -0.0326621    1.08845  0.0416008 -0.00879796  -0.0238936    0.045958   0.0796632 0.000620656  -0.0183797   0.0107835 -0.00816386  0.00266754   0.27379 0.0377084 0.0144225 -0.0313701   0.182789   -9.80725 
             193.903 -0.304298   3.78695 -0.535182 0.00699736  -0.057128 -0.0556392 -0.0326874    1.08849  0.0416455 -0.00879798   -0.023894   0.0459581  0.0942205 0.00389846 -0.0156773   0.0107924 -0.00815935  0.00268939   0.27403 0.0377371 0.0143592 -0.0313484     0.1828   -9.80725 
             194.003 -0.260209   3.76772 -0.535103 0.00614971 -0.0560611 -0.0535109 -0.0327891    1.08864  0.0419009 -0.00879791  -0.0238938   0.0459589   0.0892933  0.00635886 -0.00845572   0.0107708 -0.00814181  0.00268556  0.274919 0.0377457 0.0141707 -0.0312784   0.182844   -9.80725 
             194.103 -0.265104   3.84297 -0.563379 0.00956127 -0.0515089 -0.0560015 -0.0328645    1.08866  0.0422686 -0.00879845  -0.0238946   0.0459569  0.0970023  0.0158288 -0.0116498   0.0107713 -0.00818374  0.00270008  0.275367 0.0374753 0.0142909 -0.031306  0.182869  -9.80725 
             194.203 -0.151341   3.79497 -0.526063 0.00442787 -0.0556392 -0.0559667 -0.0330438    1.08874   0.042172 -0.00879936  -0.0238931   0.0459615   0.0825607  0.00358885 -0.00976784   0.0107082 -0.00815729  0.00267748  0.276574 0.0379877  0.014284 -0.0313218   0.182924   -9.80724 
             194.303 -0.00391038     3.84993   -0.544253 0.00570759 -0.0558665 -0.0576266 -0.0331391    1.08878   0.042284 -0.00879946  -0.0238937   0.0459607   0.0854018 -0.00213386  -0.0114624   0.0106234 -0.00818873  0.00268486  0.277171  0.038045 0.0143572 -0.0313472   0.182952   -9.80724 
             194.403 -0.109414   3.86984 -0.546309  0.0021324  -0.048462 -0.0611737 -0.0332815    1.08888  0.0430176 -0.00879954  -0.0238944    0.045959  0.0786506  0.0125284 -0.0151796   0.0106893 -0.00820068  0.00268818  0.278149 0.0374935 0.0145495 -0.0313823   0.183003   -9.80724 
             194.503 -0.117581   3.86426 -0.516218 0.00280269 -0.0477605 -0.0582489 -0.0333606    1.08905  0.0431336 -0.0087999 -0.0238937  0.0459588   0.0817488   0.0101635 -0.00658287   0.0106943 -0.00819272  0.00266929  0.278893  0.037578 0.0143132 -0.0312969   0.183039   -9.80724 
             194.603 -0.109046   3.85306 -0.517721 0.00359344 -0.0477271 -0.0550125 -0.0334384    1.08919  0.0432368 -0.00880007  -0.0238934   0.0459591 0.0836531  0.006774 0.0011758   0.0106862 -0.00818412  0.00267098  0.279626 0.0376918 0.0141275 -0.0312311   0.183073   -9.80724 
             194.703 -0.105606   3.83758 -0.519639 0.00322368 -0.0484796 -0.0517687 -0.0335333    1.08932  0.0433522 -0.00880022  -0.0238934     0.04596  0.0824615 0.00256541 0.00731343   0.0106865 -0.00817581  0.00267179   0.28044 0.0378458  0.014005 -0.0311885    0.18311   -9.80724 
             194.803 -0.332737   3.76609 -0.495725 0.00652731 -0.0506013 -0.0473826 -0.0335831    1.08943   0.043295 -0.0088001 -0.0238944   0.045959  0.0880155 0.00103299  0.0149788   0.0108093 -0.00813441  0.00265719  0.280943 0.0380955 0.0138439 -0.0311379   0.183129   -9.80724 
             194.903 -0.349389   3.61708 -0.531202 0.00726435 -0.0532312 -0.0367182 -0.0336111    1.08969  0.0433218 -0.0087961 -0.0238984  0.0459641   0.0829124 -0.00164639   0.0300149   0.0108162 -0.00804794  0.00267595   0.28177 0.0383726 0.0133924 -0.0309796   0.183157   -9.80724 
             195.003 -0.405755   3.58999 -0.529442 0.00632201  -0.055519 -0.0327393 -0.0337243     1.0898  0.0434282 -0.00879615  -0.0238991   0.0459671   0.0760202 -0.00309463   0.0292378   0.0108467 -0.00802762  0.00267496  0.282539 0.0385987 0.0133821 -0.0309782    0.18319   -9.80724 
             195.103 -0.0339437    3.72615  -0.578162 0.00467372  -0.054078 -0.0381832 -0.0339279     1.0897  0.0438279 -0.00879396  -0.0239105   0.0459601   0.0722971 -0.00442283   0.0131923   0.0106371 -0.00810072  0.00270215   0.28314 0.0384428 0.0139109 -0.0311526   0.183223   -9.80724 
             195.403 -0.138682     3.789 -0.457885 0.00903012  -0.045663 -0.0409215 -0.0341785    1.08975  0.0447417 -0.00878895   -0.023905   0.0459446   0.091371  0.0107493 0.00266393   0.0107037 -0.00812941  0.00263422  0.284465 0.0379539 0.0142574 -0.0312455   0.183289   -9.80724 
             195.503 -0.0931403    3.85654  -0.496578 -0.00662939   -0.045793  -0.0583628 -0.0345256    1.08952  0.0451197 -0.00878475  -0.0239074   0.0459376  0.0613038 0.00623655 -0.0294181   0.0106797 -0.00818063  0.00265305  0.285762 0.0380614  0.015275 -0.0315814   0.183343   -9.80724 
             195.603 -0.0849811    3.88459  -0.493903 -0.00543703  -0.0434209  -0.0638509 -0.0345925     1.0895  0.0453087 -0.00878432  -0.0239076   0.0459364   0.069786 0.00859881 -0.0339222   0.0106703 -0.00820217   0.0026502  0.286067 0.0379643  0.015431 -0.0316286   0.183357   -9.80724 
             195.703 -0.217586   3.86673 -0.464871 -0.000180646   -0.0421763   -0.0674595 -0.0346118     1.0895  0.0453584 -0.00878437  -0.0239073   0.0459366  0.0837743  0.0110545 -0.0351806  0.0107452 -0.0081921 0.00263459   0.28622 0.0379588 0.0154487 -0.0316341   0.183362   -9.80724 
             195.803 -0.168704   3.89607 -0.498455 0.00526133  -0.043145  -0.064048 -0.0345795    1.08964  0.0453067 -0.00878426  -0.0239089   0.0459363  0.0955913 0.00735069 -0.0221578   0.0107174 -0.00821099  0.00265241    0.2866 0.0381101 0.0150572 -0.0315072   0.183369   -9.80724 
             195.903 -0.119859   3.88176 -0.496629 0.00748257 -0.0415507 -0.0599259 -0.0345868    1.08981  0.0455002 -0.00878363  -0.0239091   0.0459376   0.0961207  0.00883447 -0.00916917    0.010689 -0.00820792   0.0026504  0.287283 0.0380786 0.0146966 -0.0313812   0.183387   -9.80724 
             196.003 -0.0864773    3.86061  -0.549908 0.00427268  -0.051599 -0.0522323 -0.0346183    1.09001  0.0449911 -0.00877955  -0.0239118   0.0459433  0.0821452 -0.0156218 0.00800791   0.0106795 -0.00820682  0.00267914  0.288431 0.0389051 0.0142293 -0.0312432   0.183409   -9.80724 
             196.103 -0.186482   3.80601 -0.565539 0.00703732 -0.0559887 -0.0470665 -0.0346417    1.09012   0.044879 -0.00877785   -0.023914   0.0459446  0.0853905 -0.0198015  0.0171487    0.010736 -0.00818054  0.00268802  0.288992  0.039155 0.0139872 -0.0311649   0.183422   -9.80724 
             196.203 -0.135187   3.80903 -0.579636 0.00880383 -0.0581616 -0.0439554 -0.0347022    1.09019  0.0449669 -0.0087779 -0.0239147  0.0459462  0.0864962 -0.0215927    0.01939  0.0107081 -0.0081879 0.00269578  0.289599 0.0392057 0.0139317 -0.0311446   0.183443   -9.80724 
             196.303  -0.14588   3.79491 -0.588084  0.0104354 -0.0590836 -0.0423054 -0.0347832    1.09024  0.0451444 -0.00877835  -0.0239148   0.0459471  0.0869046 -0.0192284  0.0166983   0.0107132 -0.00817753  0.00269999  0.290202 0.0391586 0.0139843 -0.0311577    0.18347   -9.80723 
             196.403 -0.114956   3.79723 -0.586862  0.0105578 -0.0591202 -0.0416803 -0.0348942    1.09028  0.0453982 -0.00877869  -0.0239142   0.0459469  0.0837222 -0.0164353  0.0154807   0.0106965 -0.00818252  0.00269722  0.290918 0.0390592 0.0141014 -0.0311897   0.183505   -9.80723 
             196.503 -0.131781   3.78983 -0.585297  0.0101643 -0.0586257  -0.041532 -0.0350197    1.09032  0.0456797 -0.00877885  -0.0239131   0.0459466  0.0810655 -0.0119502  0.0138462   0.0107019 -0.00818165  0.00269533  0.291653 0.0389442 0.0142429 -0.0312289   0.183545   -9.80723 
             196.603 -0.129468   3.78999 -0.583207 0.00968805  -0.057921 -0.0416909 -0.0351506    1.09036  0.0459495 -0.00877886   -0.023912   0.0459457   0.0775305 -0.00812232   0.0108016   0.0106957 -0.00818516  0.00269037  0.292377 0.0388476 0.0143896 -0.0312692   0.183587   -9.80723 
             196.703 -0.124376   3.79207 -0.580504 0.00907468 -0.0572053 -0.0421159 -0.0352805    1.09041  0.0461804 -0.00877881  -0.0239109   0.0459446   0.0738043 -0.00532479  0.00668879   0.0106961 -0.00818279   0.0026891  0.293081 0.0387818  0.014529 -0.0313068    0.18363   -9.80723 
             196.803 -0.162214   3.78377 -0.584156 0.00872986 -0.0570188 -0.0428867 -0.035401   1.09046 0.0463216 -0.00877887    -0.02391   0.0459439   0.0723361 -0.00272395  0.00201544   0.0107227 -0.00817434  0.00269163  0.293718  0.038783 0.0146571 -0.0313438   0.183669   -9.80723 
             196.903 -0.139247    3.7926 -0.577177 0.00824164 -0.0562269 -0.0434121 -0.0355171    1.09052  0.0464993 -0.00877887  -0.0239093   0.0459429    0.0704316 -0.000985615   -0.0013499   0.0107088 -0.00817608   0.0026864  0.294368  0.038747 0.0147406 -0.0313641   0.183709   -9.80723 
             197.003 -0.139868     3.794  -0.58263 0.00850707 -0.0564164 -0.0440091 -0.0356209    1.09055  0.0465633 -0.00877893  -0.0239091   0.0459421   0.0716555 -0.00108578 -0.00263641   0.0107084 -0.00817568  0.00269173  0.294955 0.0387999 0.0148073 -0.0313856   0.183743   -9.80723 
              197.12 -0.132969   3.79805 -0.575662 0.00927142 -0.0556326 -0.0445419 -0.0357356    1.09059  0.0467177 -0.00877902  -0.0239087   0.0459413   0.0738344 0.000721952 -0.00336794    0.010705 -0.00817068  0.00268559  0.295621 0.0387799 0.0148552 -0.0313976   0.183783   -9.80723 
             197.203 -0.114384    3.8045  -0.57426 0.00671539 -0.0555303 -0.0449456 -0.0358622     1.0906  0.0468076 -0.00877917  -0.0239085   0.0459406    0.0676061 -0.000511772  -0.00336926   0.010692 -0.0081687 0.00268838  0.296384 0.0388319 0.0149111 -0.0314172   0.183827   -9.80723 
             197.303 -0.150289   3.79306   -0.5781 0.00674759 -0.0556254 -0.0453634 -0.0359613    1.09062  0.0468721 -0.00877932  -0.0239086   0.0459404   0.0679538 -0.00195618 -0.00534401   0.0107116 -0.00815664  0.00269386  0.296986 0.0388774 0.0149497 -0.031431  0.183861  -9.80723 
             197.414 -0.151927   3.79875 -0.581292 0.00848286 -0.0562296 -0.0458734 -0.0360482    1.09063  0.0469049 -0.00877945  -0.0239087   0.0459401   0.0723078 -0.00251988 -0.00829917   0.0107101 -0.00815636  0.00269261  0.297529 0.0389538 0.0149699 -0.0314406   0.183891   -9.80723 
             197.503 -0.132503   3.80399 -0.575157 0.00702021 -0.0557071 -0.0458749 -0.0361628    1.09066    0.04708 -0.00877966  -0.0239086   0.0459397    0.068579 -0.00253312 -0.00426003   0.0106955 -0.00814846  0.00268883  0.298248 0.0389392 0.0149715 -0.03144 0.183931 -9.80722 
             197.603 -0.154708    3.7958  -0.57972 0.00668148 -0.0559899 -0.0464099 -0.0362669    1.09066  0.0471831 -0.00877986  -0.0239087   0.0459397   0.0681715 -0.00398437 -0.00566232  0.0107067 -0.0081363 0.00269234  0.298893 0.0389863 0.0150125 -0.0314554   0.183967   -9.80722 
             197.703 -0.153856   3.80006 -0.579066 0.00719132 -0.0563857 -0.0463728 -0.0363556    1.09068  0.0472941 -0.00878004  -0.0239087   0.0459395  0.0692676 -0.0042602 -0.0044759  0.0107088 -0.0081284 0.00269197  0.299476 0.0390287  0.015008 -0.0314561   0.183998   -9.80722 
             197.803 -0.141144   3.80089 -0.583943 0.00702903 -0.0565612 -0.0462907 -0.0364573    1.09071   0.047455 -0.00878024  -0.0239089   0.0459394   0.0684012 -0.00315365 -0.00335755   0.0107021 -0.00812118  0.00269807   0.30012 0.0390555 0.0150166 -0.0314594   0.184033   -9.80722 
             197.904 -0.154964   3.79858 -0.581083 0.00767845 -0.0564726  -0.045787 -0.0365467    1.09075  0.0476213 -0.00878041  -0.0239089   0.0459393   0.0708544 -0.00300979 0.000290245   0.0107074 -0.00810876    0.002698  0.300707 0.0390625 0.0150026 -0.0314539   0.184064   -9.80722 
             198.004 -0.131324   3.80235 -0.576006  0.0075455 -0.0558764 -0.0449754 -0.0366473    1.09081  0.0478405 -0.0087806 -0.0239086  0.0459389   0.0691691 -0.00223264  0.00224968   0.0106933 -0.00810694  0.00269324  0.301366 0.0390315 0.0149929 -0.0314462     0.1841   -9.80722 
             198.103 -0.130225   3.80221  -0.57448 0.00705613 -0.0556816 -0.0447875 -0.0367555    1.09088  0.0480141 -0.0087808 -0.0239084  0.0459387    0.068986 -0.00298977  0.00199914   0.0106908 -0.00810244  0.00269094  0.302013 0.0390387 0.0150363 -0.0314548   0.184136   -9.80722 
             198.203 -0.135644   3.79979 -0.581764 0.00756776  -0.056464 -0.0446632 -0.036856   1.09095 0.0480862 -0.00878096  -0.0239085   0.0459385   0.0689081 -0.00430534  0.00266863   0.0106978 -0.00810026  0.00269602  0.302575 0.0391201 0.0150846 -0.0314686   0.184167   -9.80722 
             198.303  -0.13888   3.79765 -0.584386 0.00802862 -0.0568613 -0.0444522 -0.0369532    1.09103  0.0482175 -0.00878113  -0.0239087   0.0459384   0.0693898 -0.00529589  0.00145908  0.0107004 -0.0081019 0.00269609  0.303148 0.0391556 0.0151242 -0.0314764   0.184198   -9.80722 
             198.403 -0.143681    3.7932 -0.587222 0.00736205 -0.0569158 -0.0447715 -0.0370654    1.09113  0.0484049 -0.00878135  -0.0239088   0.0459384   0.0667959 -0.00403153  0.00044745   0.0107028 -0.00809917  0.00269728  0.303797 0.0391641 0.0151987 -0.0314919   0.184234   -9.80722 
             198.503 -0.142861   3.79737 -0.586268 0.00801979 -0.0571112 -0.0445524 -0.0371534    1.09121  0.0485476 -0.00878153  -0.0239087   0.0459381   0.0701338 -0.00430723 0.000778605   0.0107036 -0.00810267  0.00269354   0.30435 0.0391841  0.015222 -0.0314947   0.184264   -9.80722 
             198.604 -0.161516    3.7898 -0.586094 0.00830414  -0.057065 -0.0443949  -0.03725   1.09129 0.0487192 -0.00878172  -0.0239086    0.045938  0.0699292 -0.0042505 0.00136136   0.0107138 -0.00809952  0.00269125  0.304956 0.0391872 0.0152579 -0.0315003   0.184298   -9.80722 
             198.703 -0.120148   3.79992 -0.579888 0.00768746 -0.0566035 -0.0442155 -0.0373528    1.09137   0.048941 -0.00878188  -0.0239083   0.0459375    0.067882 -0.00419699  0.00065035  0.0106874 -0.0081031 0.00268785  0.305612 0.0391572  0.015294 -0.0315041   0.184334   -9.80722 
             198.803 -0.156898    3.7899  -0.58448 0.00782869 -0.0568052 -0.0442101 -0.0374491    1.09144  0.0490822 -0.00878206  -0.0239082   0.0459374   0.0682177 -0.00410653  0.00159635   0.0107109 -0.00809376  0.00269099  0.306196 0.0391826  0.015341 -0.0315149   0.184366   -9.80722 
             198.903 -0.159153   3.78848 -0.584919 0.00802818   -0.05681 -0.0440501 -0.0375422     1.0915  0.0492517 -0.00878222  -0.0239081   0.0459373   0.0679819 -0.00439547  0.00112134   0.0107103 -0.00809045  0.00269178  0.306776 0.0391902 0.0153749 -0.0315211   0.184397   -9.80722 
             199.003 -0.477992    3.7292 -0.530474  0.0129179 -0.0534338 -0.0500485 -0.0376031    1.09152  0.0495709 -0.00878277  -0.0239003   0.0459425  0.0777591  0.0114464 -0.0115436   0.0108695 -0.00805974  0.00266465  0.306845 0.0389406 0.0157808 -0.0316223   0.184409   -9.80722 
             199.103  -0.22838   3.65554 -0.450206 0.00523521 -0.0404219 -0.0462886 -0.0377127    1.09175  0.0509778 -0.00877586   -0.023892   0.0459439    0.055427   0.0365967 -0.00264142   0.0107381 -0.00802872  0.00262074  0.308173 0.0380751 0.0155276 -0.0314981   0.184479   -9.80721 
             199.203 -0.139232   3.83708  -0.54671 0.00236331 -0.0422887 -0.0433601 -0.0377988    1.09178  0.0507237 -0.00877608  -0.0238928   0.0459424  0.0521147   0.020269 0.00382387   0.0106896 -0.00812622  0.00266944  0.308926 0.0385235 0.0153787 -0.0314754   0.184513   -9.80721 
             199.303 -0.391142   3.84331 -0.494724 0.00392921 -0.0416017 -0.0538964 -0.037903   1.09177 0.0506163 -0.00877226  -0.0238874   0.0459392  0.0605021     0.0215 -0.0191607  0.0108363 -0.0081266 0.00264002  0.309027 0.0386525 0.0160789 -0.0316707   0.184512   -9.80721 
             199.403 -0.472446    3.6875 -0.510976 0.00829921 -0.0432967 -0.0485122 -0.0378741    1.09175  0.0503149 -0.00876963  -0.0238909   0.0459382   0.0676036   0.0190069 -0.00502127    0.010881 -0.00803874  0.00264733  0.309324 0.0389874 0.0156466 -0.0315673   0.184525   -9.80721 
             199.503 -0.171345   3.77232 -0.518195 0.00395917 -0.0455011 -0.0477507 -0.037955   1.09178 0.0502904 -0.00876939  -0.0238922   0.0459417  0.0581664 0.00786636 -0.0020536   0.0107096 -0.00809169  0.00265191  0.310215 0.0393095 0.0156273 -0.0315731   0.184555   -9.80721 
             199.603 -0.290914   3.80264 -0.499197 0.00167388 -0.0455287 -0.0468072 -0.0380174    1.09181  0.0504121 -0.00876964  -0.0238924     0.04594   0.0558371    0.008148 -0.00209434   0.0107751 -0.00811086  0.00264235  0.310889 0.0394174 0.0155961 -0.0315682   0.184578   -9.80721 
             199.703 -0.295494   3.80154 -0.496979 0.000623185  -0.0458613  -0.0465789 -0.0380673    1.09183  0.0504629 -0.00876977  -0.0238927   0.0459392   0.0560759  0.00812619 -0.00179949   0.0107781 -0.00810915  0.00264139  0.311447 0.0395378 0.0155994 -0.031573  0.184595  -9.80721 
             199.803 0.0734016   3.86423 -0.523375 0.00218566 -0.0446309  -0.055352 -0.0381393    1.09184  0.0506357 -0.00876795  -0.0239039   0.0459379  0.0646664 0.00235605 -0.0188265   0.0105818 -0.00814278   0.0026526  0.311663 0.0394606 0.0161356 -0.0317145   0.184584   -9.80721 
             199.903 -0.262657   3.83457 -0.559617 0.00260497  -0.052269 -0.0491309 -0.0381487    1.09181  0.0500144 -0.00876627  -0.0239084   0.0459325   0.0651103  -0.0104864 -0.00216835   0.0107725 -0.00812837   0.0026742   0.31232 0.0401538 0.0156989 -0.0316193   0.184611   -9.80721 
             200.003 -0.131623   3.83136 -0.568856 0.00516961 -0.0528631  -0.053151 -0.038193   1.09182 0.0501296 -0.00876667  -0.0239091   0.0459326   0.0719816 -0.00986841  -0.0120041   0.0107185 -0.00812786  0.00267795  0.312605  0.040125 0.0159555 -0.0316886   0.184614   -9.80721 
             200.103 -0.204345    3.7842 -0.541832 -0.0012054  -0.051529 -0.0546916 -0.0382985    1.09188  0.0505373 -0.00876685  -0.0239081   0.0459367   0.0568013 -0.00395896  -0.0129546   0.0107639 -0.00808996  0.00266876  0.313654 0.0399956 0.0160422 -0.0317073   0.184647   -9.80721 
             200.203 -0.231245   3.77636 -0.501444 -0.0041762 -0.0481986 -0.0561706 -0.0383706    1.09193   0.050974 -0.00876607   -0.023906   0.0459398  0.0514666 0.00665513 -0.0138934   0.0107882 -0.00807281  0.00264928  0.314336 0.0397531 0.0160868 -0.0317101   0.184672   -9.80721 
             200.303 -0.205912   3.78818 -0.499521 -0.00482978  -0.0471913  -0.0569013 -0.0384188    1.09195  0.0510928 -0.00876619   -0.023905     0.04594  0.0522375 0.00780891 -0.0135964    0.010772 -0.00806991  0.00264909  0.314827 0.0397504 0.0160682 -0.0317046   0.184691   -9.80721 
             200.503 -0.197108   3.79387 -0.500237 -0.00250799  -0.0453651  -0.0576248 -0.0384872    1.09198  0.0512221 -0.00876648  -0.0239044   0.0459394  0.0639652  0.0107285 -0.0103784   0.0107642 -0.00806018  0.00265061   0.31555 0.0397773 0.0160006 -0.0316875   0.184717   -9.80721 
             200.603 -0.324045    3.8789 -0.496534 -0.00373024  -0.0428366  -0.0594919 -0.0385499      1.092  0.0514077 -0.0087665  -0.023904  0.0459378  0.0646055   0.018111 -0.0139946   0.0108358 -0.00809796   0.0026475  0.316121 0.0397285 0.0160737 -0.0317063   0.184737   -9.80721 
             200.803  -0.27987   3.91498 -0.492385 0.00279409 -0.0398362 -0.0633312 -0.0386003    1.09201  0.0514542 -0.00876638  -0.0239038   0.0459359  0.0846937  0.0207327 -0.0127565   0.0108073 -0.00811139  0.00264517  0.316633 0.0397915 0.0161638 -0.0317337   0.184752   -9.80721 
             200.904 -0.194657   3.84768 -0.504186 -0.0102816 -0.0491341 -0.0608267 -0.0386766    1.09201  0.0508938 -0.00876641  -0.0239045   0.0459395   0.0595059 -0.00257561 -0.00764287   0.0107453 -0.00805278  0.00265379  0.317997 0.0405073 0.0160702 -0.031731  0.184787  -9.80721 
             201.003 -0.171769   3.84828 -0.499393 -0.0108869 -0.0482505 -0.0594061 -0.0387123    1.09205  0.0510957 -0.00876644  -0.0239043   0.0459394   0.0602126 0.000626647 -0.00625185   0.0107323 -0.00804285  0.00264838  0.318477  0.040432 0.0159754 -0.0317021   0.184803   -9.80721 
             201.103 -0.165743   3.84478 -0.497592 -0.0103863 -0.0475372 -0.0586479 -0.038742   1.09208 0.0512476 -0.00876652  -0.0239043   0.0459396   0.0643993  0.00233049 -0.00341341   0.0107281 -0.00803911  0.00264643  0.318902 0.0403943 0.0159241 -0.0316858   0.184816   -9.80721 
             201.203 -0.0412754    3.86109  -0.491166 -0.00698025  -0.0459269  -0.0619417  -0.03877    1.0921 0.0514363 -0.00876659  -0.0239054   0.0459387   0.0731407  0.00391706 -0.00866242   0.0106582 -0.00804333  0.00264338  0.319107  0.040284 0.0161035 -0.0317321   0.184819   -9.80721 
             201.403 -0.340701    3.8146 -0.476681 -0.00209908  -0.0455069  -0.0506227 -0.0388081    1.09214  0.0514899 -0.00876534  -0.0239119   0.0459402 0.0788736 0.0118263 0.0112483   0.0108297 -0.00801272   0.0026348  0.320011 0.0404221 0.0155131 -0.0315703   0.184852   -9.80721 
             201.506 -0.115157   3.77468 -0.418168 -0.0169983 -0.0480283  -0.051422 -0.0389109    1.09225  0.0515248 -0.00876678  -0.0239088   0.0459432   0.0460983 4.33215e-05   0.0073402   0.0107063 -0.00798919  0.00260115  0.321489 0.0406738 0.0157322 -0.0316328   0.184883   -9.80721 
             201.604 0.0799899   3.85225 -0.569458 -0.00769499  -0.0532095  -0.0507303 -0.0388871    1.09222  0.0510808 -0.00876402  -0.0239074   0.0459481  0.0711676 -0.0157612 0.00785408  0.0106013 -0.0080254 0.00267893  0.321229 0.0409846  0.015725 -0.0316384   0.184874   -9.80721 
             201.706 -0.0242443    3.88967  -0.443629 -0.0113725 -0.0453616 -0.0518008 -0.0389349    1.09231    0.05199 -0.00876173  -0.0239055   0.0459465  0.0643331 0.00207189 0.00226031   0.0106605 -0.00804983  0.00260606  0.321961 0.0403661 0.0158525 -0.0316568   0.184893   -9.80721 
             201.805 0.0819099   3.92242 -0.499111  -0.010296 -0.0450424 -0.0521336 -0.0389653    1.09234  0.0520793 -0.0087617 -0.0239062  0.0459448   0.0689188 -0.00191428   0.0014635  0.0106006 -0.0080647 0.00263371  0.322352 0.0403546 0.0159097 -0.0316711   0.184902   -9.80721 
             201.903  0.072476   3.92836 -0.498657 -0.00955343  -0.0446463  -0.0537398 -0.0390091    1.09237  0.0522124 -0.00876159  -0.0239066    0.045944   0.0713251 -0.00459573 -0.00433396   0.0106042 -0.00806582  0.00262974  0.322779 0.0403195 0.0160339 -0.0317024   0.184913   -9.80721 
             202.005  0.103507   3.83867 -0.495569 -0.00628231  -0.0417141  -0.0520221 -0.039023   1.09239 0.0526164 -0.00876118  -0.0239067   0.0459457   0.0761508 -0.00114669 -0.00234802   0.0105857 -0.00801373  0.00262581  0.323133 0.0400635 0.0159254 -0.0316672   0.184921   -9.80721 
             202.103  0.134503   3.82812 -0.495792 -0.0042525 -0.0400978 -0.0503329 -0.0390445    1.09239  0.0528963 -0.00876097  -0.0239067   0.0459473    0.0785444 -0.000797433   0.00156213   0.0105671 -0.00800857  0.00262435  0.323598 0.0399284  0.015844 -0.0316426    0.18493   -9.80721 
             202.204  0.140597   3.82388 -0.495074 -0.00271536  -0.0394174  -0.0491989 -0.0390778    1.09239  0.0530997 -0.00876103  -0.0239067   0.0459484    0.079993 -0.00383454  0.00331703   0.0105616 -0.00800182  0.00262478  0.324121 0.0398693   0.01582 -0.0316359   0.184942   -9.80721 
             202.306   0.14233   3.81982 -0.495726 -0.00192096  -0.0394273   -0.048479 -0.0391223     1.0924  0.0532712 -0.00876121  -0.0239066    0.045949   0.0784569 -0.00705262  0.00361726   0.0105606 -0.00800111  0.00262349  0.324696 0.0398434 0.0158323 -0.0316397   0.184957   -9.80721 
             202.404  0.141469   3.81678 -0.497054 -0.00204711  -0.0398033  -0.0481805 -0.0391764    1.09241   0.053447 -0.00876141  -0.0239064   0.0459493  0.0741467 -0.0109664 0.00262386   0.0105588 -0.00799524  0.00262279  0.325298 0.0398183 0.0158672 -0.0316489   0.184975    -9.8072 
             202.505  0.140156   3.81538 -0.498143 -0.00218509  -0.0403587  -0.0481805 -0.039235   1.09243 0.0536446 -0.00876159  -0.0239062   0.0459492   0.0715994  -0.0133752 0.000333456     0.01056 -0.00799122  0.00262405  0.325888 0.0397762 0.0159101 -0.0316596   0.184994    -9.8072 
             202.603  0.137664   3.81474 -0.499558 -0.00265568  -0.0408939   -0.048278 -0.0392975    1.09244  0.0538807 -0.00876175   -0.023906    0.045949   0.0704346  -0.0172569 0.000785975   0.0105605 -0.00798803  0.00262319  0.326478 0.0397073 0.0159519 -0.0316696   0.185013    -9.8072 
             202.704  0.135493   3.81466 -0.500653 -0.00280003  -0.0414224   -0.048311 -0.0393606    1.09245  0.0541506 -0.00876188  -0.0239058   0.0459486    0.068726  -0.0181144 -0.00023198  0.0105589 -0.0079835 0.00262208  0.327051 0.0396126 0.0159893 -0.0316776   0.185033    -9.8072 
             202.804  0.137022   3.81536 -0.502076 -0.00310467  -0.0417314  -0.0484219 -0.0394227    1.09247  0.0544516 -0.00876201  -0.0239057   0.0459481    0.0672737   -0.0181322 -0.000365477   0.0105577 -0.00798048  0.00262445  0.327618 0.0394948 0.0160243 -0.0316836   0.185053    -9.8072 
             202.909  0.135605   3.81544 -0.502763 -0.00307101  -0.0419972  -0.0484377 -0.0394826    1.09249  0.0547648 -0.00876211  -0.0239055   0.0459477   0.0662318   -0.019964 3.44491e-05   0.0105536 -0.00798148   0.0026239  0.328175 0.0393615 0.0160548 -0.0316877   0.185072    -9.8072 
             203.003  0.135071   3.81533 -0.503579 -0.00392386  -0.0419872  -0.0484353 -0.0395405    1.09252   0.055092 -0.0087622 -0.0239054  0.0459472     0.063537   -0.0189917 -0.000838351   0.0105537 -0.00798056  0.00262294  0.328739 0.0392139 0.0160849 -0.0316905   0.185092    -9.8072 
             203.116  0.136216   3.81556 -0.503086 -0.00314375  -0.0423335  -0.0485543 -0.0395921    1.09256  0.0554063 -0.00876227  -0.0239053   0.0459468 0.0651917 -0.019777 -0.001133   0.0105536 -0.00797949   0.0026222  0.329257 0.0390694  0.016114 -0.0316924    0.18511    -9.8072 
             203.203  0.131093   3.81415 -0.504324 -0.00470165  -0.0419332  -0.0485869 -0.039647   1.09261 0.0557642 -0.00876236  -0.0239052   0.0459465    0.0613683   -0.0182849 -0.000818131   0.0105578 -0.00797723  0.00262489   0.32983 0.0388992  0.016141 -0.0316927   0.185129    -9.8072 
             203.303  0.136917   3.81653 -0.502567 -0.00455163  -0.0420182  -0.0486762 -0.0396931    1.09264  0.0560656 -0.00876242  -0.0239051   0.0459462   0.0627478  -0.0182657 -0.00139094   0.0105523 -0.00797769  0.00262401  0.330312 0.0387587 0.0161647 -0.0316932   0.185146    -9.8072 
             203.403  0.137099   3.81677 -0.503138 -0.00448034   -0.042017  -0.0487491 -0.0397391    1.09268  0.0563755 -0.00876249   -0.023905    0.045946   0.0625485  -0.0179712 -0.00174404  0.0105543  -0.007978 0.00262449  0.330807 0.0386119 0.0161857 -0.0316927   0.185162    -9.8072 
             203.503  0.137352   3.81708 -0.503418 -0.00446424  -0.0419991  -0.0487693 -0.0397851    1.09272  0.0566838 -0.00876258  -0.0239049   0.0459457   0.0622726  -0.0186241 -0.00116128   0.0105568 -0.00797287  0.00262473  0.331308 0.0384643 0.0162045 -0.0316917   0.185179    -9.8072 
             203.612  0.137089   3.81701 -0.503625 -0.00399796  -0.0421888   -0.048864 -0.0398303    1.09276  0.0569886 -0.00876267  -0.0239049   0.0459456   0.0629543  -0.0193859 -0.00465913   0.0105562 -0.00797224  0.00262431   0.33181 0.0383173 0.0162225 -0.0316905   0.185195    -9.8072 
             203.708  0.132916   3.81592 -0.504388 -0.0047126 -0.0419552  -0.049103 -0.0398788     1.0928  0.0573261 -0.00876278  -0.0239048   0.0459454  0.0610939 -0.0176384 -0.0048672   0.0105581 -0.00796665  0.00262374  0.332345 0.0381544 0.0162385 -0.0316886   0.185212    -9.8072 
             203.803 0.137569  3.81839 -0.50371 -0.00502694  -0.0418427  -0.0493604 -0.0399265    1.09282  0.0576329 -0.00876287  -0.0239048   0.0459453   0.0609695  -0.0169724 -0.00580374    0.010555 -0.00796559  0.00262335   0.33284 0.0380089  0.016246 -0.0316866   0.185228    -9.8072 
             203.903  0.138383   3.81965 -0.503619 -0.0048796  -0.041845 -0.0495478 -0.0399752    1.09282  0.0579252 -0.00876296  -0.0239047   0.0459451    0.060793  -0.0170017 -0.00589751  0.0105555 -0.0079581  0.0026257  0.333322 0.0378683 0.0162454 -0.0316839   0.185242    -9.8072 
             204.003  0.138396   3.82021 -0.504043 -0.00488389  -0.0419204  -0.0497028 -0.040025   1.09282  0.058215 -0.00876306  -0.0239047    0.045945   0.0610043  -0.0191367 -0.00670818   0.0105605 -0.00795643  0.00262581  0.333819 0.0377276 0.0162386 -0.0316806   0.185257    -9.8072 
             204.103  0.138214   3.82074 -0.504447 -0.00492011  -0.0420572  -0.0498073 -0.0400761     1.0928  0.0585151 -0.00876316  -0.0239047   0.0459448   0.0610055  -0.0187849 -0.00734742   0.0105654 -0.00794913  0.00262336  0.334319  0.037582 0.0162271 -0.0316767   0.185271    -9.8072 
             204.203  0.137639   3.82098 -0.505041 -0.00483523  -0.0421476  -0.0499625 -0.0401273    1.09278  0.0588344 -0.00876327  -0.0239046   0.0459447   0.0622908  -0.0202539 -0.00807574   0.0105703 -0.00794424  0.00262469  0.334819 0.0374288  0.016212 -0.0316722   0.185286    -9.8072 
             204.303  0.136972   3.82135 -0.505724 -0.00477779  -0.0423089  -0.0501167 -0.0401796    1.09275   0.059165 -0.00876337  -0.0239046   0.0459446   0.0615307  -0.0201808 -0.00901439   0.0105729 -0.00793652  0.00262637  0.335323 0.0372708 0.0161922 -0.0316672     0.1853    -9.8072 
             204.403  0.135974    3.8216 -0.506674 -0.00480619  -0.0422872  -0.0502075 -0.0402328    1.09272  0.0595183 -0.00876347  -0.0239046   0.0459446  0.0607376  -0.019722 -0.0079772  0.0105766 -0.0079352 0.00262557  0.335833 0.0371049 0.0161672 -0.0316613   0.185313    -9.8072 
             204.503  0.135884   3.82196 -0.506944 -0.00494421  -0.0422577  -0.0501033 -0.0402862    1.09267  0.0598728 -0.00876357  -0.0239046   0.0459445    0.059721  -0.0192301 -0.00499787   0.0105769 -0.00793166  0.00262519  0.336343 0.0369393 0.0161393 -0.0316553   0.185327    -9.8072 
             204.603  0.136305   3.82177 -0.506907 -0.0050957   -0.04219 -0.0498447 -0.0403369    1.09263  0.0602282 -0.00876365  -0.0239045   0.0459444   0.0577988  -0.0177178 -0.00460415   0.0105762 -0.00793227  0.00262674  0.336845 0.0367758 0.0161147 -0.0316496   0.185341    -9.8072 
             204.703  0.142993   3.82225 -0.507408 -0.00518315  -0.0420446  -0.0494197 -0.0403782    1.09261  0.0605802 -0.00876374  -0.0239045   0.0459443   0.0584056  -0.0182428 -0.00273481   0.0105741 -0.00793502  0.00262681  0.337333 0.0366136 0.0160845 -0.0316417   0.185353    -9.8072 
             204.803  0.138507   3.82015 -0.506546 -0.00529451  -0.0419746  -0.0493259 -0.0404241     1.0926  0.0609156 -0.00876381  -0.0239044   0.0459442   0.0589392  -0.0172527 -0.00264356   0.0105754 -0.00793588  0.00262276  0.337815 0.0364624 0.0160816 -0.0316393   0.185367    -9.8072 
             204.903  0.138739   3.81994 -0.506444 -0.00541759  -0.0418816  -0.0492618 -0.040467    1.0926 0.0612351 -0.00876389  -0.0239043   0.0459441   0.0582905  -0.0174156 -0.00286732  0.0105733 -0.0079365 0.00262585   0.33829 0.0363175 0.0160815 -0.0316369   0.185381    -9.8072 
             205.003  0.178617   3.84133 -0.500548 -0.0120704 -0.0455266 -0.0494015 -0.040531    1.0926 0.0612262 -0.00876423  -0.0239037   0.0459439   0.0463172  -0.0269702 -0.00200723  0.0105519 -0.0079519 0.00262275  0.339211 0.0364665 0.0161257 -0.0316545   0.185406    -9.8072 
             205.104    0.1054   3.86318 -0.509067 -0.0190591 -0.0504629  -0.052835 -0.0406517    1.09266  0.0611266 -0.00876385  -0.0239036   0.0459412  0.0355614 -0.0354896 -0.0100013      0.0106 -0.00796783  0.00262736  0.339999 0.0366593 0.0163643 -0.0317132   0.185445    -9.8072 
             205.204  -0.11362   3.81725 -0.486718 -0.0163572  -0.050281 -0.0484731 -0.0405773    1.09259   0.061525 -0.00876307  -0.0239077   0.0459462  0.0462933 -0.0251396 0.00152233   0.0107247 -0.00794244  0.00261529  0.340211 0.0363832 0.0160488 -0.031638  0.185424   -9.8072 
             205.304 -0.138992    3.7437 -0.507673 -0.0182002 -0.0529553 -0.0426503 -0.0405205    1.09253  0.0615929 -0.00876186  -0.0239105   0.0459485  0.0414473 -0.0256526  0.0124437   0.0107356 -0.00790234  0.00262583  0.340796  0.036401 0.0157471 -0.0315747   0.185411    -9.8072 
             205.405 -0.156431   3.71303 -0.510421   -0.01937 -0.0542412 -0.0379427 -0.0405001    1.09251  0.0617944 -0.00876132  -0.0239114   0.0459503  0.0416044 -0.0217185  0.0204425   0.0107441 -0.00788523  0.00262646  0.341272 0.0363146 0.0155729 -0.0315349    0.18541    -9.8072 
             205.505 -0.149021   3.66215 -0.525223 -0.0189423 -0.0551785 -0.0319136 -0.0404652    1.09247   0.061976 -0.00876061  -0.0239117   0.0459512  0.0431812 -0.0186507  0.0255749   0.0107392 -0.00785303  0.00263369  0.341633 0.0362287  0.015355 -0.0314865   0.185404    -9.8072 
             205.604 -0.131987    3.6123 -0.527381 -0.0184296 -0.0555035 -0.0269053 -0.0404577    1.09247  0.0621881 -0.00876027  -0.0239115   0.0459515  0.0440404 -0.0149003  0.0297878   0.0107309 -0.00782586  0.00263563  0.341973  0.036121 0.0152314 -0.0314579   0.185407    -9.8072 
             205.705 -0.137129   3.59063 -0.526443 -0.0180248 -0.0550738 -0.0235642 -0.0404785    1.09249  0.0624345 -0.00876035  -0.0239114   0.0459511  0.0447125 -0.0104358  0.0287211   0.0107331 -0.00781272  0.00263487  0.342294 0.0359879 0.0152267 -0.0314532   0.185416    -9.8072 
             205.805 -0.0703466    3.60864  -0.521989 -0.0163877 -0.0521844 -0.0249697 -0.040538   1.09259 0.0628698 -0.00876012  -0.0239127   0.0459482   0.0469684 -0.00319465   0.0196327   0.0106977 -0.00781972  0.00263366   0.34246 0.0356886 0.0154724 -0.0314909    0.18543    -9.8072 
             205.904 -0.116647    3.5921 -0.520278 -0.0167397 -0.0520205 -0.0248728 -0.0405799    1.09264  0.0629629 -0.00876007  -0.0239129   0.0459472    0.043848 -0.00200263   0.0168862   0.0107263 -0.00781238  0.00263131   0.34281 0.0356764 0.0156076 -0.0315158   0.185442    -9.8072 
             206.005 -0.119024   3.59084 -0.519667 -0.0169829 -0.0519814 -0.0253148 -0.0406172    1.09269  0.0630351 -0.00875991  -0.0239131   0.0459462   0.0418415 -0.00225693  0.00918681  0.0107282 -0.0078084 0.00263294  0.343134 0.0356739 0.0157433 -0.0315399   0.185452    -9.8072 
             206.106 -0.121497   3.59138 -0.521717 -0.0169399 -0.0524301 -0.0260982 -0.0406464    1.09273  0.0630504 -0.00875972  -0.0239133   0.0459451   0.0415646 -0.00327033  0.00334908   0.0107279 -0.00780772  0.00263436  0.343437 0.0357075 0.0158598 -0.031561   0.18546   -9.8072 
             206.204 -0.126547   3.59261 -0.524497 -0.0169021 -0.0528363 -0.0268908 -0.0406714    1.09276  0.0630676 -0.00875956  -0.0239134   0.0459442   0.0418296 -0.00248647  0.00308815   0.0107328 -0.00780826  0.00263425  0.343736 0.0357389 0.0159501 -0.0315779   0.185468    -9.8072 
             206.306 -0.123995   3.59679 -0.524025 -0.0169901 -0.0526972 -0.0275429 -0.0407027    1.09277   0.063154 -0.00875944  -0.0239135   0.0459433   0.0407927 -0.00263193  0.00101635   0.0107323 -0.00780904  0.00263212  0.344061 0.0357239 0.0160262 -0.0315918   0.185477    -9.8072 
             206.403 -0.122322   3.59909 -0.524115 -0.0176499 -0.0527502 -0.0281212 -0.0407312    1.09278  0.0632105 -0.00875938  -0.0239135   0.0459426   0.0387725 -0.00154725 -0.00273229   0.0107275 -0.00780947  0.00263043   0.34441 0.0357315 0.0160813 -0.031603  0.185487   -9.8072 
             206.504 -0.122591    3.6014 -0.524239 -0.0177497 -0.0527725 -0.0288992 -0.0407558    1.09279  0.0632549 -0.00875937  -0.0239135   0.0459421     0.040639 -0.000924203  -0.00791595   0.0107266 -0.00780859  0.00263019  0.344725 0.0357418  0.016121 -0.0316116   0.185495   -9.80719 
             206.605 -0.121466   3.60424 -0.523686 -0.0181168 -0.0527887 -0.0295873 -0.0407811    1.09277  0.0633011 -0.00875942  -0.0239134   0.0459417   0.0397797  -0.0013688 -0.00763369   0.0107241 -0.00781166  0.00263106  0.345077 0.0357516 0.0161371 -0.031618  0.185505  -9.80719 
             206.704 -0.125089   3.60536 -0.525176 -0.0181684  -0.053118 -0.0297891 -0.0407991    1.09273  0.0633074 -0.00875949  -0.0239134   0.0459414   0.0409397 -0.00128007 -0.00723594   0.0107265 -0.00781369  0.00262897  0.345402 0.0357855 0.0161271 -0.0316222   0.185513   -9.80719 
             206.804 -0.121314   3.60786 -0.524313 -0.0183069 -0.0528814 -0.0300588 -0.040825    1.0927 0.0633758 -0.00875957  -0.0239134   0.0459413   0.0408669 -0.00114177  -0.0064675   0.0107283 -0.00780985  0.00262813  0.345745 0.0357771 0.0161192 -0.0316255   0.185523   -9.80719 
             206.905 -0.118928   3.60968 -0.523562   -0.01841 -0.0527476 -0.0302201 -0.0408493    1.09267  0.0634323 -0.00875964  -0.0239133   0.0459411    0.0402949 -0.000518795  -0.00642146   0.0107254 -0.00780847  0.00263049  0.346079 0.0357738 0.0161075 -0.0316281   0.185532   -9.80719 
             207.005 -0.118733   3.61022 -0.523033 -0.0185106 -0.0526742 -0.0301927 -0.040872   1.09264 0.0634806 -0.00875972  -0.0239132   0.0459411   0.0403842 9.05025e-05 -0.00526402   0.0107243 -0.00780997  0.00262837  0.346414 0.0357798 0.0160892 -0.0316298   0.185541   -9.80719 
             207.107  -0.11785   3.61041 -0.522698 -0.0185098 -0.0524781 -0.0300844 -0.040894   1.09261 0.0635268 -0.0087598 -0.0239132  0.0459411  0.0402842 0.00123111 -0.0037551    0.010725 -0.00780952  0.00262865  0.346745 0.0357886 0.0160719 -0.0316311    0.18555   -9.80719 
             207.204 -0.115038   3.61085 -0.522205 -0.0186979 -0.0522714  -0.029892 -0.0409157     1.0926  0.0635602 -0.00875988  -0.0239132   0.0459411   0.0390934  0.00180579 -0.00285221   0.0107286 -0.00781021  0.00262586  0.347069  0.035802 0.0160603 -0.0316326   0.185559   -9.80719 
             207.305 -0.115281   3.61004 -0.521283 -0.0187158 -0.0522508 -0.0297492 -0.0409367     1.0926  0.0635701 -0.00875996  -0.0239131   0.0459411   0.0401057 0.000901756 -0.00330539  0.0107286 -0.0078068 0.00262721  0.347384 0.0358273 0.0160517 -0.0316341   0.185568   -9.80719 
             207.405 -0.113991   3.60997 -0.521258 -0.0186349 -0.0523436 -0.0297371 -0.0409574     1.0926  0.0635807 -0.00876004  -0.0239131   0.0459411    0.0411755 -0.000642412  -0.00395241   0.0107305 -0.00780836  0.00262707  0.347692 0.0358507 0.0160495 -0.031636  0.185576  -9.80719 
             207.505 -0.114723    3.6097 -0.521624 -0.0185171 -0.0525049 -0.0297257 -0.040978   1.09261 0.0636038 -0.00876011  -0.0239131   0.0459411   0.0411442 -0.00223602  -0.0035398   0.0107308 -0.00780553  0.00262741  0.348002 0.0358697 0.0160472 -0.0316377   0.185584   -9.80719 
             207.604 -0.117118   3.60883 -0.522225  -0.018523 -0.0527215 -0.0296162 -0.0409986    1.09261  0.0636413 -0.00876019  -0.0239131    0.045941   0.0413571 -0.00231575 -0.00275193   0.0107314 -0.00780569  0.00262605  0.348321 0.0358861 0.0160423 -0.0316391   0.185592   -9.80719 
             207.704  -0.11711   3.60863 -0.522935  -0.018356 -0.0527453 -0.0295759 -0.0410194    1.09261  0.0637041 -0.00876026  -0.0239131    0.045941   0.0422869 -0.00150272 -0.00301708   0.0107335 -0.00780064  0.00262616  0.348633 0.0358895 0.0160423 -0.0316406   0.185601   -9.80719 
             207.804 -0.119397   3.60773 -0.523932 -0.0180803 -0.0528444 -0.0294127  -0.04104   1.09262 0.0637581 -0.00876034  -0.0239131   0.0459409   0.0434588 -0.00174138 0.000415911   0.0107325 -0.00779868   0.0026257  0.348946 0.0359013 0.0160423 -0.0316424   0.185609   -9.80719 
             207.904 -0.122103   3.60615  -0.52467 -0.0179688 -0.0529138 -0.0290171 -0.0410618    1.09263  0.0638129 -0.00876041  -0.0239131   0.0459409    0.0427756 -0.000785621  0.000742093   0.0107333 -0.00779631  0.00262646  0.349273 0.0359144 0.0160437 -0.0316441   0.185617   -9.80719 
             208.004 -0.120349   3.60518 -0.524416 -0.0181535 -0.0528379  -0.028931 -0.0410856    1.09266  0.0638806 -0.00876049  -0.0239131   0.0459408    0.040648 -0.00128644 -0.00100021   0.0107361 -0.00778907  0.00262442  0.349606 0.0359162 0.0160567 -0.0316461   0.185626   -9.80719 
             208.103  -0.12276   3.60414 -0.524708 -0.0182881 -0.0530108 -0.0289843 -0.0411083    1.09268  0.0639237 -0.00876057  -0.0239131   0.0459407   0.0394763  -0.0023478 -0.00251601   0.0107375 -0.00778694  0.00262469  0.349924 0.0359324 0.0160702 -0.0316487   0.185634   -9.80719 
             208.203  -0.12056   3.60518 -0.524229 -0.0184872  -0.052905 -0.0291557 -0.0411308    1.09271  0.0639998 -0.00876064   -0.023913   0.0459406    0.0384352 -0.000945567  -0.00404124   0.0107349 -0.00778705  0.00262294   0.35024 0.0359256 0.0160857 -0.0316512   0.185643   -9.80719 
             208.303 -0.127263   3.60516 -0.528109 -0.0183199 -0.0536685 -0.0295748 -0.0411492    1.09272  0.0639631 -0.0087607  -0.023913  0.0459405   0.0394445 -0.00132309 -0.00424849   0.0107414 -0.00778547  0.00262327  0.350523 0.0359955 0.0161077 -0.0316571    0.18565   -9.80719 
             208.403 -0.131005   3.60581 -0.530562 -0.0181484 -0.0540174 -0.0298367 -0.0411675    1.09273  0.0639681 -0.00876076  -0.0239131   0.0459403    0.0401888 -0.000855458   -0.0039892   0.0107426 -0.00778109  0.00262421  0.350815 0.0360331  0.016118 -0.0316612   0.185657   -9.80719 
             208.503 -0.132464   3.60633 -0.531926 -0.0180191 -0.0542117 -0.0298574 -0.0411866    1.09272  0.0639844 -0.00876083  -0.0239131   0.0459402   0.0397451  -0.0010758 -0.00256912   0.0107461 -0.00778032  0.00262446  0.351115 0.0360564 0.0161212 -0.0316643   0.185665   -9.80719 
             208.603 -0.133694   3.60618 -0.532721 -0.0178589 -0.0542498 -0.0298269 -0.0412071    1.09273   0.064012 -0.00876089  -0.0239131   0.0459401    0.0405529 -0.000853065  -0.00109677   0.0107465 -0.00778167  0.00262407  0.351415 0.0360675 0.0161256 -0.0316669   0.185673   -9.80719 
             208.703 -0.133704   3.60599 -0.533159 -0.0177332 -0.0542536 -0.0295894 -0.0412284    1.09274  0.0640395 -0.00876096   -0.023913     0.04594    0.0405759 -0.000502902   0.00130147   0.0107492 -0.00778078  0.00262505  0.351719 0.0360773 0.0161312 -0.0316692   0.185681   -9.80719 
             208.803 -0.135663   3.60441 -0.534517 -0.0175732 -0.0544256 -0.0293017  -0.04125   1.09276 0.0640422 -0.00876102   -0.023913     0.04594   0.0400503 0.000113182  0.00055248    0.010751 -0.00777978  0.00262458  0.352016 0.0361047   0.01614 -0.0316716   0.185689   -9.80719 
             208.903 -0.136133   3.60313 -0.533959 -0.0176777 -0.0542768 -0.0291857 -0.0412731    1.09279   0.064074 -0.00876109   -0.023913   0.0459399   0.0401673 0.000873552 6.68519e-05   0.0107542 -0.00778121  0.00262496  0.352328 0.0361131 0.0161565 -0.0316735   0.185698   -9.80719 
             209.003 -0.135558   3.60286 -0.533357 -0.0177806 -0.0541701 -0.0291763 -0.041296   1.09283 0.0640945 -0.00876117  -0.0239129   0.0459398   0.0397402  0.00137729 0.000542856   0.0107537 -0.00777982  0.00262452  0.352634 0.0361275 0.0161761 -0.0316759   0.185706   -9.80719 
             209.103 -0.133804   3.60338 -0.532918 -0.0177638 -0.0540577 -0.0291618 -0.041318   1.09286 0.0641145 -0.00876123  -0.0239128   0.0459397   0.0396471  0.00123135 0.000457621   0.0107559 -0.00778269  0.00262218   0.35293 0.0361415 0.0161982 -0.0316788   0.185715   -9.80719 
             209.203 -0.133857   3.60311 -0.532667  -0.017875 -0.0540658 -0.0292312 -0.0413406     1.0929  0.0641258 -0.0087613 -0.0239128  0.0459396   0.0390149 0.000217543 -0.00112954   0.0107603 -0.00778169   0.0026188  0.353233 0.0361644 0.0162185 -0.0316816   0.185723   -9.80719 
             209.303 -0.133964   3.60335 -0.532532 -0.0179899 -0.0541751 -0.0294138 -0.0413627    1.09292   0.064141 -0.00876137  -0.0239127   0.0459395    0.0377579 -0.000439912  -0.00243856     0.01076 -0.00778325  0.00261849  0.353533 0.0361872  0.016237 -0.0316846   0.185731   -9.80719 
             209.403  -0.13417   3.60402 -0.532704 -0.0181838 -0.0542455 -0.0295831 -0.0413841    1.09294  0.0641706 -0.00876144  -0.0239127   0.0459394     0.036271 -0.000223895  -0.00372054   0.0107606 -0.00778075  0.00261884   0.35383 0.0362049 0.0162507 -0.0316875    0.18574   -9.80719 
             209.503 -0.133409   3.60505 -0.532686 -0.0182817 -0.0541807 -0.0298536 -0.041405   1.09295 0.0642138 -0.0087615 -0.0239127  0.0459393    0.0368356 -5.93573e-06  -0.00454934   0.0107598 -0.00777934  0.00262053  0.354119 0.0362151  0.016262 -0.0316903   0.185748   -9.80719 
             209.603 -0.134316   3.60566 -0.533334 -0.0182389 -0.0543483 -0.0300309 -0.0414238    1.09295  0.0642345 -0.00876156  -0.0239127   0.0459392    0.0364659 -0.000294093  -0.00471299   0.0107612 -0.00778183  0.00262131  0.354402 0.0362407 0.0162634 -0.031693  0.185755  -9.80719 
             209.703 -0.134361   3.60644 -0.532975 -0.0183037 -0.0542607 -0.0301191 -0.0414445    1.09295  0.0642892 -0.00876162  -0.0239127   0.0459391   0.0373576 0.000408639 -0.00359256     0.01076 -0.00778584  0.00262287  0.354694 0.0362449 0.0162626 -0.0316953   0.185763   -9.80719 
             209.803 -0.133898   3.60683 -0.532713 -0.0183638 -0.0541617 -0.0300491 -0.0414647    1.09294  0.0643345 -0.00876168  -0.0239126    0.045939   0.0376084 0.000903101 -0.00194485   0.0107594 -0.00778123  0.00262013  0.354989 0.0362569 0.0162579 -0.0316974   0.185771   -9.80719 
             209.903 -0.131871   3.60723 -0.532386 -0.0183552 -0.0540056 -0.0299057 -0.0414848    1.09293  0.0643742 -0.00876175  -0.0239126    0.045939   0.037186 0.00228576   -0.00109    0.010761 -0.00777843  0.00262216  0.355273 0.0362689 0.0162575 -0.0316997   0.185779   -9.80719 
             210.003 -0.132288   3.60641 -0.531869 -0.0185353 -0.0539695 -0.0297416 -0.0415048    1.09293  0.0643951 -0.00876181  -0.0239126   0.0459389   0.0355769  0.00128589 -0.00100609   0.0107617 -0.00777822  0.00262067   0.35556 0.0362911 0.0162585 -0.0317019   0.185787   -9.80719 
             210.103  -0.13246   3.60577 -0.531554 -0.0186455 -0.0540669 -0.0297458 -0.0415245    1.09294  0.0644064 -0.00876187  -0.0239126   0.0459388   0.0367143 -0.00039067 -0.00410825   0.0107622 -0.00777643  0.00262103  0.355835 0.0363165 0.0162629 -0.0317042   0.185794   -9.80719 
             210.203 -0.130889   3.60645 -0.531648 -0.0185489 -0.0542068 -0.0300102 -0.0415435    1.09295  0.0644325 -0.00876193  -0.0239125   0.0459388    0.037521 -0.00195593  -0.0045189   0.0107659 -0.00777256   0.0026195  0.356102 0.0363316 0.0162699 -0.0317064   0.185802   -9.80719 
             210.303 -0.133049   3.60666 -0.532213 -0.0185558 -0.0543095  -0.030127 -0.0415621    1.09295  0.0644721 -0.00876199  -0.0239125   0.0459387   0.0362599 -0.00105738 -0.00455466   0.0107686 -0.00777181  0.00261943   0.35638 0.0363448 0.0162675 -0.0317083   0.185809   -9.80719 
             210.403 -0.132842   3.60728  -0.53263 -0.0185035 -0.0542954 -0.0301518 -0.0415806    1.09294  0.0645265 -0.00876204  -0.0239125   0.0459386    0.0362593 -0.000333006  -0.00247148   0.0107693 -0.00777415  0.00261993  0.356656 0.0363499 0.0162642 -0.0317101   0.185816   -9.80719 
             210.503 -0.13372    3.607 -0.53269 -0.0186055 -0.0542494 -0.0299855 -0.0415992    1.09293  0.0645777 -0.0087621 -0.0239125  0.0459386    0.0351395  0.000104125 -0.000712885   0.0107709 -0.00777401  0.00262223  0.356939 0.0363594 0.0162581 -0.0317117   0.185824   -9.80719 
             210.603 -0.132147   3.60696 -0.532463  -0.018594 -0.0540546 -0.0298144 -0.041618   1.09293 0.0646264 -0.00876216  -0.0239125   0.0459385   0.0360368  0.00118338 -0.00153377   0.0107736 -0.00777517  0.00262213  0.357213  0.036367 0.0162585 -0.0317136   0.185831   -9.80719 
             210.703 -0.131886   3.60639 -0.531905 -0.0185873 -0.0539837 -0.0295995 -0.041637   1.09294 0.0646563 -0.00876222  -0.0239125   0.0459384  0.0357496  0.0014161 0.00253272   0.0107727 -0.00777204  0.00261976  0.357486 0.0363825 0.0162636 -0.0317157   0.185838   -9.80719 
             210.804 -0.132006   3.60533 -0.531684 -0.0186626 -0.0539228 -0.0291297 -0.0416567    1.09296  0.0646732 -0.00876228  -0.0239125   0.0459384  0.0353795 0.00226613 0.00415956   0.0107742 -0.00777289  0.00261801  0.357762 0.0364058 0.0162723 -0.0317178   0.185846   -9.80719 
             210.903 -0.133725   3.60313 -0.531157 -0.0187195 -0.0538724 -0.0287475 -0.0416776    1.09299  0.0646805 -0.00876234  -0.0239124   0.0459383  0.0359936 0.00160613 0.00457792   0.010778  -0.007769 0.00261614  0.358033  0.036431 0.0162923 -0.0317201   0.185853   -9.80719 
             211.003 -0.131354   3.60242 -0.531092 -0.0185821 -0.0538551 -0.0285775 -0.0416988    1.09304  0.0646801 -0.00876241  -0.0239124   0.0459383  0.0362089 0.00175667 0.00293724   0.0107776 -0.00776898  0.00261673  0.358291 0.0364575 0.0163247 -0.031723   0.18586  -9.80719 
             211.103 -0.132815   3.60128 -0.531075  -0.018532 -0.0538268 -0.0285537 -0.0417201     1.0931  0.0646805 -0.00876247  -0.0239124   0.0459382  0.0360323  0.0013548 0.00284715   0.0107812 -0.00776892   0.0026157  0.358553 0.0364828 0.0163614 -0.031726  0.185867  -9.80719 
             211.203 -0.13336  3.60098 -0.53101 -0.0185012 -0.0539049 -0.0285405 -0.0417407    1.09316  0.0646784 -0.00876253  -0.0239124   0.0459381   0.0360544 0.000800061  0.00375381   0.0107799 -0.00776806  0.00261816  0.358818 0.0365096 0.0163989 -0.0317291   0.185874   -9.80719 
             211.303 -0.132266   3.60106  -0.53137 -0.0185797 -0.0539692 -0.0283985 -0.0417614    1.09321  0.0646789 -0.00876259  -0.0239124   0.0459381  0.0352452 0.00148362 0.00466394   0.0107815 -0.00776394  0.00261724  0.359089 0.0365376 0.0164352 -0.0317322    0.18588   -9.80719 
             211.403 -0.135364   3.59967 -0.531218 -0.0187518 -0.0539455 -0.0282523 -0.0417818    1.09327  0.0646837 -0.00876265  -0.0239124    0.045938  0.0353108 0.00194808 0.00394921     0.01078 -0.00775857  0.00261422  0.359356 0.0365623 0.0164742 -0.0317353   0.185887   -9.80719 
             211.503 -0.134971   3.59918 -0.530813 -0.0188028 -0.0539143 -0.0282179 -0.0418016    1.09334  0.0646833 -0.0087627 -0.0239123  0.0459379  0.0342915 0.00244453 0.00308623   0.0107814 -0.00775683   0.0026143  0.359615 0.0365875 0.0165165 -0.0317385   0.185894   -9.80719 
             211.603 -0.0275182    3.63134  -0.564571 -0.0211853 -0.0463354 -0.0416118 -0.041796    1.0939 0.0654962 -0.00876265  -0.0239165    0.045934  0.0318997  0.0161769 -0.0200337  0.0107232 -0.0077767 0.00263155  0.359856 0.0360487 0.0173328 -0.0317994   0.185896   -9.80719 
             211.703 -0.118045   3.74618  -0.51867 -0.0130668 -0.0501357  -0.039775 -0.0418096     1.0937  0.0648983 -0.00876452  -0.0239171   0.0459349   0.052252 0.00530204 -0.0128037   0.0107749 -0.00783505   0.0026117  0.359615 0.0364451 0.0170983 -0.0317899   0.185891   -9.80719 
             211.803 -0.0769117    3.70362  -0.517168  -0.010182 -0.0514661 -0.0474663 -0.0418291    1.09395  0.0646976 -0.00876436  -0.0239172   0.0459346   0.0571181 8.41514e-06  -0.0263988   0.0107505 -0.00780786  0.00261074   0.35971 0.0365866 0.0174811 -0.0318303   0.185893   -9.80719 
             211.903   0.39487   3.62369 -0.528131  -0.011176 -0.0513591 -0.0442795 -0.0418463    1.09383   0.064824 -0.00876313  -0.0239101   0.0459359  0.0486531 -0.0106142 -0.0141457   0.0105023 -0.00776397  0.00261891  0.360273  0.036532 0.0171699 -0.0317952   0.185907   -9.80719 
             212.003 -0.358526   3.68135 -0.525712 -0.00450377  -0.0500672  -0.0461515 -0.0418315    1.09383  0.0649837 -0.0087631 -0.0239096  0.0459414  0.0613153 0.00197303 -0.0151643   0.0109296 -0.00779889  0.00261916  0.360176 0.0364354 0.0171893 -0.0317946   0.185904   -9.80719 
             212.103 -0.436119   3.66375 -0.530337 -0.00063241  -0.0492161  -0.0465554 -0.0418415    1.09382  0.0650192 -0.00876306  -0.0239106   0.0459421  0.0647797 0.00946242 -0.0117289   0.0109769 -0.00778795  0.00262144  0.360376 0.0364237 0.0171379 -0.0317883   0.185908   -9.80719 
             212.203 -0.545593   3.59596 -0.495014 -0.000972287   -0.0525127   -0.0467564 -0.0418785    1.09383  0.0645793 -0.00876378  -0.0239097   0.0459388   0.0560659  0.00647232 -0.00837599   0.011038 -0.0077477 0.00260342  0.360887 0.0367933 0.0171134 -0.031795  0.185919  -9.80719 
             212.403 0.0887897   3.75887 -0.640184 0.00985541 -0.0527688   -0.06118 -0.0419223    1.09418  0.0646324 -0.00875993  -0.0239258   0.0459409   0.0757596 -0.00613439  -0.0282792   0.0106789 -0.00783721   0.0026857  0.360875 0.0367635 0.0177683 -0.0318678   0.185922   -9.80719 
             212.503   0.24774   3.92747 -0.556048 -0.0015608 -0.0515295 -0.0630628 -0.0420215    1.09437  0.0649826 -0.00876025  -0.0239233   0.0459292  0.0506675 -0.0106689   -0.02576    0.010597 -0.00792917  0.00264146  0.362172 0.0366464 0.0177869 -0.0318591    0.18596   -9.80719 
             212.703 -0.425932   3.74443 -0.491034 -0.00699265   -0.050119  -0.0645509 -0.0420903    1.09443  0.0651134 -0.00875958  -0.0239225   0.0459351  0.0396075 0.00886874 -0.0184915    0.010971 -0.00782786  0.00260433  0.363107 0.0366421 0.0176652 -0.031838   0.18599  -9.80718 
             212.803 -0.325804   3.77962 -0.494944 -0.00939092  -0.0502384  -0.0556672 -0.0421204    1.09421  0.0650741 -0.00875877  -0.0239242   0.0459351    0.0352184   0.00976229 -0.000569493   0.0109172 -0.00784439  0.00260629  0.363659 0.0367181 0.0171165 -0.0317661   0.186007   -9.80718 
             213.103 -0.0520188    3.75103  -0.526219  0.0029417 -0.0458823 -0.0505562 -0.0421244    1.09413  0.0652611 -0.00875831  -0.0239225   0.0459343  0.0624136 0.00750782 0.00785359   0.0107644 -0.00782534  0.00262392   0.36382 0.0366031 0.0169226 -0.0317356   0.186014   -9.80718 
             213.203 -0.191832   3.72757 -0.527621 -0.0131825 -0.0573821 -0.0524337 -0.0422084    1.09433  0.0643561 -0.00875843  -0.0239232   0.0459355  0.0292565 -0.0159436 0.00268827   0.0108368 -0.00780258    0.002625    0.3649 0.0372936 0.0171365 -0.0317765   0.186036   -9.80718 
             213.305 -0.167698   3.73519  -0.53519 -0.0026161 -0.0537147 -0.0532954 -0.0421784    1.09432  0.0646972 -0.0087586  -0.023923  0.0459353    0.0552848  -0.00418223 -1.25907e-05   0.0108245 -0.00781224  0.00262816  0.364547 0.0370216 0.0171664 -0.031776  0.186027  -9.80718 
             213.403  -0.33273   3.68311 -0.540381 -0.00722987  -0.0554719  -0.0532346 -0.042209   1.09436 0.0646454 -0.00875872  -0.0239233   0.0459354   0.0422951  -0.0029038 4.67092e-05   0.0109101 -0.00777589  0.00262899  0.365075 0.0371302 0.0171958 -0.0317814   0.186038   -9.80718 
             213.503 -0.344341   3.67583 -0.536352 -0.00947414  -0.0571387  -0.0530442 -0.0422292    1.09439  0.0645895 -0.00875887  -0.0239232   0.0459351    0.037121 -0.00229808 0.000356221   0.0109161 -0.00777292  0.00262644  0.365455 0.0372367 0.0172073 -0.0317854   0.186046   -9.80718 
             213.603 -0.0820144    3.75607  -0.552519 -0.00603886  -0.0556199   -0.053346 -0.0422358     1.0944  0.0647453 -0.00875895  -0.0239232   0.0459332   0.0466441 0.000283915 -0.00019734   0.0107693 -0.00781957  0.00263405  0.365493 0.0371228 0.0172266 -0.0317855   0.186047   -9.80718 
             213.703 -0.114353   3.76519 -0.530956 -0.0109724 -0.0529505 -0.0517554 -0.0422824     1.0944  0.0650051 -0.00875902  -0.0239222   0.0459302  0.0345128 0.00553307  0.0029286   0.0107886 -0.00782256  0.00262248  0.366121 0.0370111 0.0171756 -0.0317771   0.186065   -9.80718 
             213.803 -0.117309   3.77998  -0.51823 -0.0151075 -0.0524308 -0.0546889 -0.0423062    1.09451  0.0650278 -0.00875866  -0.0239219   0.0459287   0.0278231  0.00502661 -0.00372275   0.0107908 -0.00783533  0.00261382  0.366573 0.0370413 0.0173999 -0.0318081   0.186071   -9.80718 
             213.904  -0.16464   3.72326 -0.558764 -0.0116381 -0.0596055 -0.0462589 -0.042322   1.09427 0.0643463 -0.00875755  -0.0239226   0.0459275  0.0343583 -0.0104874  0.0158308   0.0108172 -0.00780552  0.00263468  0.366694 0.0375621 0.0168939 -0.031755  0.186082  -9.80718 
             214.003 -0.049859   3.77824  -0.55187 -0.00583564  -0.0551108  -0.0415017 -0.0423231    1.09419  0.0648867 -0.00875799  -0.0239217   0.0459261    0.049017 0.000131598   0.0219828   0.0107539 -0.00783802  0.00262906  0.366623 0.0371676 0.0166865 -0.0317177   0.186086   -9.80718 
             214.103 -0.189538   3.65826 -0.553851 -0.00504408  -0.0485518  -0.0331051 -0.0423436    1.09406  0.0655282 -0.00875627  -0.0239235   0.0459313 0.0470143 0.0185674 0.0357123   0.0108283 -0.00777331  0.00263009  0.367027 0.0367587 0.0163349 -0.0316608   0.186103   -9.80718 
             214.203  -0.34922   3.64989 -0.529285  -0.004694 -0.0452772 -0.0327253 -0.0423565     1.0942  0.0656541 -0.00875679  -0.0239209   0.0459329 0.0457023 0.0246613 0.0286288   0.010921  -0.007766 0.00261548  0.367302 0.0366995 0.0165464 -0.031684  0.186108  -9.80718 
             214.303 -0.357358   3.64841 -0.520715 -0.00466771  -0.0433222  -0.0334319 -0.0423813    1.09436  0.0656058 -0.00875727   -0.023919   0.0459328 0.0431802 0.0280098 0.0221913   0.0109247 -0.00776834  0.00260915  0.367591 0.0367658 0.0167831 -0.0317129   0.186113   -9.80718 
             214.403 -0.331091   3.65688 -0.515604 -0.00510151  -0.0418277  -0.0343434 -0.042407    1.0945 0.0655053 -0.00875742  -0.0239182   0.0459324 0.0402968 0.0268388   0.01639   0.0109124 -0.00777222  0.00260489  0.367905 0.0368746 0.0169999 -0.0317397   0.186118   -9.80718 
             214.504 -0.315957   3.66403 -0.514317 -0.00531938  -0.0416575  -0.0353371 -0.0424304    1.09463  0.0652731 -0.00875735  -0.0239182   0.0459324 0.0381183 0.0229441 0.0126959    0.010909 -0.00777813  0.00260541  0.368195 0.0370695  0.017188 -0.0317645   0.186121   -9.80718 
             214.603 -0.315624    3.6744 -0.515368 -0.00444263  -0.0412383  -0.0371918 -0.0424389    1.09477  0.0650986 -0.00875699  -0.0239187   0.0459324  0.0397613   0.021895 0.00600042   0.0109109 -0.00778381   0.0026055  0.368383 0.0372105 0.0173937 -0.0317888   0.186118   -9.80718 
             214.703 -0.308766    3.6829 -0.515998 -0.00380502  -0.0410992  -0.0387716 -0.0424515    1.09488  0.0649137 -0.00875664  -0.0239193   0.0459325    0.04094  0.0203494 0.00204163   0.0109072 -0.00778428  0.00260569  0.368623 0.0373669 0.0175472 -0.0318068   0.186117   -9.80718 
             214.803 -0.327375   3.68016 -0.519909 -0.00299024  -0.0420662  -0.0392553 -0.0424686    1.09494  0.0646238 -0.00875643  -0.0239197   0.0459327  0.0405434  0.0175142 0.00118541   0.0109198 -0.00778201   0.0026106  0.368879 0.0376003 0.0176108 -0.0318169   0.186119   -9.80718 
             214.903 -0.311819   3.68982 -0.520233 -0.00316156  -0.0419144    -0.04033 -0.0424776    1.09502  0.0644909 -0.0087563 -0.0239201  0.0459325   0.0393097   0.0164389 0.000489887   0.0109085 -0.00778758  0.00260971  0.369197  0.037729 0.0177091 -0.0318283    0.18612   -9.80718 
             215.003 -0.329624   3.68634 -0.520661 -0.00313199  -0.0423208  -0.0402576 -0.0424931    1.09506  0.0642933 -0.00875629  -0.0239203   0.0459325  0.0386912  0.0153277 0.00227479   0.0109151 -0.00778225  0.00261047  0.369508 0.0378993 0.0177375 -0.0318335   0.186123   -9.80718 
             215.105 -0.333789   3.68525 -0.521312 -0.00311948  -0.0426036  -0.0400545 -0.0425114    1.09511  0.0641137 -0.00875631  -0.0239204   0.0459326  0.0373455  0.0149806 0.00338139   0.0109171 -0.00777644  0.00261054  0.369818 0.0380535  0.017769 -0.031838  0.186127  -9.80718 
             215.203 -0.337644   3.68345 -0.521613 -0.00342943  -0.0429083  -0.0400053 -0.0425332    1.09517  0.0639466 -0.00875637  -0.0239204   0.0459326  0.0357877  0.0136991 0.00219633   0.0109158 -0.00777323  0.00261046  0.370127 0.0381968 0.0178061 -0.031842  0.186131  -9.80718 
             215.303  -0.33857   3.68297 -0.521792 -0.00357411  -0.0430796  -0.0399807 -0.0425535    1.09523  0.0637963 -0.00875644  -0.0239205   0.0459327  0.0353591  0.0139899 0.00343093  0.0109175 -0.0077756 0.00260821  0.370419 0.0383263 0.0178429 -0.0318457   0.186135   -9.80718 
             215.403 -0.362258   3.67573 -0.518611 -0.00371225  -0.0426504  -0.0397795 -0.0425707    1.09529  0.0636956 -0.00875655  -0.0239204   0.0459327  0.0344175  0.0174104 0.00147329   0.0109277 -0.00776884  0.00260695  0.370705 0.0384223 0.0178728 -0.0318484   0.186138   -9.80718 
             215.503 -0.315455   3.69135 -0.522142 -0.00388309  -0.0427093  -0.0405242 -0.0425824    1.09537  0.0635326 -0.00875663  -0.0239204   0.0459328 0.0337802 0.0163428 0.0021429   0.0109049 -0.00777174  0.00260595  0.370975 0.0385566 0.0179529 -0.0318568   0.186139   -9.80718 
             215.603 -0.331821   3.68685 -0.520691 -0.00403987  -0.0426664  -0.0403825 -0.0426004    1.09541  0.0633644 -0.0087567 -0.0239204  0.0459327  0.0336275  0.0171708 0.00231909   0.0109136 -0.00776575  0.00260709  0.371252 0.0386913 0.0179751 -0.03186 0.186143 -9.80718 
             215.703 -0.333875    3.6859 -0.519989 -0.00416765  -0.0426381  -0.0402432 -0.0426156    1.09546  0.0631863 -0.00875677  -0.0239204   0.0459327   0.032565   0.016914 0.00220824   0.0109146 -0.00776435  0.00260777   0.37152 0.0388263 0.0180016 -0.0318639   0.186146   -9.80718 
             215.803 -0.333667   3.68554 -0.519521 -0.00430617  -0.0426855  -0.0401547 -0.042629    1.0955 0.0630019 -0.00875685  -0.0239204   0.0459326  0.0326692  0.0161176 0.00345187   0.0109156 -0.00775956  0.00260598   0.37178 0.0389616 0.0180325 -0.0318682   0.186149   -9.80718 
             215.903 -0.334612   3.68497 -0.519174 -0.00432474  -0.0427509  -0.0399468 -0.0426411    1.09554  0.0628204 -0.00875692  -0.0239204   0.0459326  0.0330157  0.0157651 0.00511835   0.010914 -0.0077536 0.00260604  0.372034 0.0390947 0.0180657 -0.0318728   0.186152   -9.80718 
             216.003 -0.335947   3.68354 -0.521407 -0.00398727  -0.0433242  -0.0397357 -0.042657   1.09559 0.0625987 -0.00875697  -0.0239204   0.0459325  0.0348404  0.0147981 0.00490952    0.010913 -0.00774802  0.00260509  0.372267 0.0392571 0.0181003 -0.0318778   0.186154   -9.80718 
             216.106 -0.341564   3.68121 -0.520428 -0.00394259  -0.0431552  -0.0396426 -0.0426707    1.09565  0.0624596 -0.00875704  -0.0239204   0.0459324  0.0344791  0.0150387 0.00518145  0.0109135 -0.0077486 0.00260351  0.372529 0.0393682 0.0181439 -0.0318823   0.186157   -9.80718 
             216.203 -0.363555   3.67415 -0.516699 -0.00415242   -0.042645   -0.039342 -0.0426839    1.09571  0.0623511 -0.00875714  -0.0239202   0.0459323  0.0325899  0.0176254 0.00704625  0.0109255  -0.007746 0.00260196  0.372795 0.0394606 0.0181841 -0.0318861   0.186159   -9.80718 
             216.303 -0.317526   3.68923 -0.517522 -0.00448383  -0.0421423  -0.0398857  -0.04269    1.0958 0.0622293 -0.00875718  -0.0239203   0.0459323    0.03334  0.0185545 0.00562372  0.0109011 -0.0077555 0.00260239  0.373056 0.0395607 0.0182794 -0.0318948   0.186158   -9.80718 
             216.403 -0.331369   3.68457 -0.516919 -0.00433261  -0.0422361  -0.0395469 -0.0427129    1.09587   0.062027 -0.00875724  -0.0239203   0.0459322  0.0333915  0.0172949 0.00785548   0.0109048 -0.00775011  0.00260214  0.373301 0.0397138 0.0183207 -0.0318989   0.186161   -9.80718 
             216.503 -0.334701   3.68232  -0.51686 -0.00431517  -0.0424763  -0.0391877 -0.0427362    1.09595  0.0618247 -0.00875729  -0.0239203   0.0459322  0.0327059  0.0155078 0.00916331   0.0109054 -0.00774753  0.00260315  0.373549 0.0398639 0.0183723 -0.0319035   0.186163   -9.80718 
             216.603 -0.360596   3.67315 -0.513815 -0.00434749  -0.0423085  -0.0388915 -0.0427569    1.09603  0.0616747 -0.00875739  -0.0239202    0.045932   0.031853  0.0163026 0.00816718   0.0109186 -0.00774569  0.00260044  0.373794 0.0399788 0.0184269 -0.0319072   0.186165   -9.80718 
             216.703 -0.316313   3.68777 -0.515632 -0.00469155  -0.0422406  -0.0396563 -0.0427686    1.09616  0.0615323 -0.0087574 -0.0239203   0.045932  0.0316445  0.0148488 0.00500558   0.0108962 -0.00775819    0.002601  0.374044 0.0400904 0.0185388 -0.0319157   0.186163   -9.80718 
             216.803 -0.332069   3.68322 -0.516074 -0.00457184  -0.0426608  -0.0397538 -0.0427944    1.09623  0.0613414 -0.00875743  -0.0239204   0.0459319  0.0322151  0.0141966 0.00262986   0.0109034 -0.00775814  0.00260582  0.374278 0.0402391 0.0185863 -0.0319196   0.186165   -9.80718 
             216.903 -0.335402   3.68252 -0.516974 -0.00452486  -0.0429642  -0.0400586 -0.0428126    1.09629  0.0611785 -0.00875747  -0.0239204   0.0459318    0.0322037     0.013293 -0.000500703   0.0109059 -0.00775917  0.00260793  0.374519 0.0403729 0.0186305 -0.0319238   0.186167   -9.80718 
             217.003 -0.590035    3.5313 -0.489465 -0.00328829  -0.0489528  -0.0276031 -0.0429771    1.09586  0.0603831 -0.00875337  -0.0239285   0.0459259  0.0308811 0.00797584  0.0268462   0.0110494 -0.00767423  0.00259651  0.374844 0.0409686 0.0179095 -0.0318687   0.186224   -9.80718 
             217.103 -0.639921    3.5006 -0.495688 -0.00373776  -0.0510777  -0.0246388 -0.042989   1.09587 0.0600841 -0.00875358  -0.0239283    0.045925 0.0277933 0.0102478  0.026959   0.0110758 -0.00766175   0.0025977  0.375122 0.0412154 0.0179128 -0.0318728   0.186228   -9.80718 
             217.203 -0.565847   3.51224 -0.475962 -0.00485463  -0.0505179   -0.023236 -0.0429802    1.09595  0.0600512 -0.00875371  -0.0239284   0.0459255 0.0235823 0.0149912 0.0247622    0.011032 -0.00767118  0.00258567  0.375396 0.0412765 0.0180239 -0.0318827   0.186223   -9.80718 
             217.303 -0.567019   3.50623 -0.480218 -0.00574944  -0.0513265  -0.0225625 -0.0429556    1.09605  0.0598213 -0.00875347  -0.0239292    0.045926 0.0208623 0.0161476  0.020917   0.0110286 -0.00766652  0.00258831  0.375616 0.0414713 0.0181712 -0.0318955    0.18621   -9.80718 
             217.403 -0.567637    3.5042 -0.480668 -0.00632675  -0.0515185  -0.0226907 -0.0429165    1.09618   0.059627 -0.00875296  -0.0239302   0.0459263 0.0188441 0.0185798 0.0152065   0.011029 -0.0076639 0.00259149  0.375788 0.0416282 0.0183457 -0.0319075   0.186192   -9.80718 
             217.503 -0.555706   3.50961 -0.475908 -0.0068696 -0.0500326 -0.0236611 -0.0428667    1.09631  0.0595713 -0.00875237  -0.0239312    0.045926  0.0184089  0.0246718 0.00888536   0.0110185 -0.00766702  0.00259063  0.375939 0.0416782 0.0185377 -0.031918  0.186168  -9.80718 
             217.603 -0.604515   3.53826 -0.460033 -0.00580521  -0.0438776  -0.0287157 -0.0427364    1.09661  0.0598814 -0.00875026  -0.0239313   0.0459257   0.0237175    0.040811 -0.00385758   0.0110462 -0.00767843   0.0025817  0.375908 0.0414214 0.0189672 -0.0319358    0.18611   -9.80718 
             217.703 -0.653414   3.54374 -0.423863 -0.00425277  -0.0355141  -0.0328214 -0.0426539    1.09678  0.0602662 -0.00874878  -0.0239306   0.0459258  0.0282274   0.057453 -0.0122658   0.0110688 -0.00768504  0.00256007  0.375919 0.0411253 0.0192329 -0.0319459   0.186074   -9.80718 
             217.803 -0.585242   3.57918  -0.40424 -0.00405376  -0.0296733  -0.0364491 -0.0425936    1.09691  0.0602598 -0.00874815  -0.0239309   0.0459251  0.0289409  0.0656505 -0.0186438   0.0110314 -0.00770616  0.00254763  0.376093 0.0411399 0.0194111 -0.0319534   0.186048   -9.80718 
             217.903 -0.353435   3.70018   -0.4439 -0.00418889  -0.0303516  -0.0402783 -0.0425303    1.09704  0.0595775 -0.00874565   -0.023934   0.0459317  0.0289457  0.0513787 -0.0235053   0.0109078 -0.00777295  0.00256849  0.376316 0.0416575 0.0195651 -0.031958  0.186023  -9.80718 
             218.003   -0.3411   3.64762 -0.431789 -0.00274891   -0.030214  -0.0367062 -0.0426522     1.0968  0.0590717 -0.0087457 -0.0239307  0.0459351  0.0301327    0.04416 -0.0100886   0.0109052 -0.00774422  0.00256323  0.376528 0.0420733 0.0191832 -0.0319402   0.186079   -9.80718 
             218.103 -0.355054    3.6708 -0.474262 -0.00744041  -0.0406617  -0.0385523 -0.0425439    1.09691  0.0575791 -0.00874179  -0.0239334   0.0459368  0.0186161  0.0140746 -0.0105072   0.0109161 -0.00775957  0.00259042  0.377115 0.0431726 0.0192901 -0.03194 0.186053 -9.80718 
             218.203 -0.349776   3.71239 -0.491198 -0.0110554 -0.0439048 -0.0436034 -0.0424316    1.09712  0.0571109 -0.00874045  -0.0239345   0.0459356  0.0139749 0.00543047 -0.0175712   0.0109111 -0.00778496  0.00260076  0.377483 0.0435014 0.0195793 -0.0319546   0.186011   -9.80718 
             218.303 -0.252971    3.7461  -0.49419 -0.0114872 -0.0449611 -0.0477569 -0.0423851    1.09724  0.0569587 -0.00874019  -0.0239352   0.0459357  0.0177941 0.00187197 -0.0219284   0.0108573 -0.00780399  0.00260473  0.377609  0.043605 0.0197464 -0.0319644   0.185991   -9.80718 
             218.403 -0.137314   3.71297 -0.504517 -0.0118268 -0.0483427 -0.0426941 -0.0424703    1.09695   0.056614 -0.00873836  -0.0239325   0.0459378   0.0196224 -0.00757872 -0.00656651   0.0107923 -0.00778597  0.00261183  0.377902 0.0438864 0.0192769 -0.0319315   0.186035   -9.80718 
             218.504 -0.710309   3.63205 -0.534473 -0.0073629 -0.0527164 -0.0467255 -0.0424478    1.09709  0.0561023 -0.00874007  -0.0239223   0.0459261   0.0306673 -0.00326879  -0.0124482  0.0111113 -0.0077396 0.00263175  0.377686 0.0442021 0.0195074 -0.0319495   0.186018   -9.80718 
             218.604 -0.217794   3.80054 -0.540591 -0.00653035  -0.0508229  -0.0435404 -0.0424556    1.09692  0.0564463 -0.00874187   -0.023919    0.045924   0.0356251  -0.0017547 -0.00215149   0.0108372 -0.00783051  0.00263555  0.377956 0.0440239 0.0192101 -0.0319237   0.186036   -9.80718 
             218.706 -0.455735   3.64167 -0.537083 -0.00909937  -0.0537478  -0.0415006 -0.0424883    1.09688  0.0561844 -0.00874145  -0.0239196   0.0459253    0.0256092 -0.000819064   0.00322058   0.0109757 -0.00773832  0.00263756  0.378432 0.0442898 0.0190925 -0.0319148   0.186048   -9.80718 
             218.803 -0.450311   3.63391 -0.534619 -0.00841131  -0.0542018  -0.0396917 -0.0425003    1.09684  0.0561521 -0.00874116  -0.0239197   0.0459258  0.0276725 0.00313009 0.00728671   0.0109742 -0.00773196  0.00263359  0.378603 0.0443478 0.0190065 -0.0319074   0.186055   -9.80718 
             218.903 -0.365404   3.74389 -0.479681 -0.0157522 -0.0470726 -0.0362944 -0.0425165    1.09685  0.0570202 -0.00874012  -0.0239154   0.0459215 0.0139339 0.0214547 0.0143341   0.0109322 -0.00779091  0.00260357  0.379366 0.0439136 0.0188744 -0.031885  0.186076  -9.80718 
             219.003 -0.329067   3.76436 -0.467087 -0.0172742 -0.0413652 -0.0365283 -0.042508   1.09695 0.0574103 -0.00873882  -0.0239153   0.0459197 0.0167734 0.0316182 0.0129658   0.0109109 -0.00779705  0.00259518  0.379563 0.0436812  0.018998 -0.0318906   0.186071   -9.80718 
             219.104 -0.809115   3.48873 -0.513497 -0.00643797  -0.0462464  -0.0336262 -0.0425391     1.0968  0.0564226 -0.00873759   -0.023916   0.0458989 0.0380319 0.0283982 0.0169169   0.0111562 -0.00765698  0.00262124   0.37898 0.0442648 0.0188755 -0.031893  0.186071  -9.80718 
             219.203 -0.320993   3.63511 -0.505833 -0.00513867   -0.043001  -0.0311222 -0.042549    1.0968 0.0565373 -0.00873784  -0.0239149   0.0458988 0.0386352 0.0269065 0.0190645   0.0108913 -0.00773573  0.00261474   0.37918  0.044219 0.0188342 -0.0318873   0.186077   -9.80718 
             219.303 -0.255935   3.64374 -0.501135 -0.00509889   -0.041787  -0.0295657 -0.0425636    1.09686  0.0564452 -0.00873772  -0.0239157   0.0459002 0.0365507 0.0238873 0.0197856  0.0108539 -0.0077369 0.00260978  0.379434 0.0443239 0.0188795 -0.0318906   0.186078   -9.80718 
             219.403 -0.486143   3.60631 -0.442489 -0.0109542 -0.0441198 -0.0353022 -0.042539   1.09728 0.0560587 -0.00873889  -0.0239101   0.0458975  0.0216789  0.0199079 0.00268712    0.010963 -0.00772243   0.0025833  0.379926  0.044661 0.0194224 -0.0319299   0.186039   -9.80718 
             219.503 -0.375712   3.60094 -0.491588 -0.0133892 -0.0449123 -0.0341528 -0.0425709     1.0973  0.0558664 -0.0087385 -0.0239106   0.045898  0.0169277  0.0161157 0.00430866   0.0109016 -0.00772316  0.00261131  0.380252 0.0448623 0.0193867 -0.0319277   0.186047   -9.80718 
             219.603 -0.357231   3.67044 -0.474051 -0.0114285 -0.0434599  -0.032108 -0.0425823    1.09723  0.0558458 -0.00873907  -0.0239104    0.045898  0.0236469  0.0190935 0.00871226   0.0108934 -0.00775729  0.00260346   0.38028 0.0448866 0.0192856 -0.0319215   0.186055   -9.80718 
             219.703 -0.318265   3.64355  -0.51686  -0.011261 -0.0504156 -0.0342417 -0.042595    1.0974 0.0550143 -0.00873687  -0.0239117   0.0458995  0.0256348 0.00125723 0.00384295   0.0108761 -0.00774541  0.00262335  0.380409 0.0454798 0.0195061 -0.0319377    0.18604   -9.80718 
             219.803 -0.310679   3.70056 -0.507762 -0.00738614  -0.0493611  -0.0470156 -0.0425126    1.09792  0.0550564 -0.00873334  -0.0239126   0.0458999  0.0373805 0.00483837 -0.0240857   0.0108664 -0.00777243  0.00261554  0.380155 0.0453765 0.0203245 -0.0319858   0.185976   -9.80718 
             219.903 -0.326459   3.71371 -0.496695 -0.00753905  -0.0473653  -0.0524196 -0.0424968    1.09809    0.05523 -0.00873287  -0.0239122   0.0458992  0.0371498  0.0102222 -0.0300086   0.0108732 -0.00777196  0.00260864  0.380392  0.045286 0.0205265 -0.0319964   0.185963   -9.80718 
             220.003 -0.361327    3.7792 -0.490618 -0.00507107  -0.0468062  -0.0493974 -0.0425344    1.09788  0.0552013 -0.00873465  -0.0239137   0.0458985  0.0415548  0.0125561 -0.0159641   0.0108927 -0.00780836   0.0026044  0.380591 0.0453494 0.0201579 -0.0319713   0.185989   -9.80718 
             220.103 -0.242026   3.76141 -0.540097 -0.00692577  -0.0474642  -0.0477911 -0.0425685    1.09783  0.0551248 -0.00873444  -0.0239141    0.045899   0.0353768  0.00913121 -0.00757154   0.0108215 -0.00779162  0.00263234  0.381054 0.0454863 0.0199905 -0.0319577   0.186004   -9.80718 
             220.203 -0.212185   3.73856 -0.504393 -0.0133763 -0.0449518  -0.055367 -0.0425707    1.09819  0.0554061 -0.00873574  -0.0239147   0.0459006  0.0213468  0.0128043 -0.0221804   0.0108075 -0.00776945  0.00261379  0.381637 0.0453779  0.020458 -0.0319894   0.185986   -9.80718 
             220.304 -0.305807   3.79882 -0.526697 -0.0158662 -0.0525322 -0.0546078 -0.0426427    1.09813  0.0546069 -0.00873589  -0.0239159   0.0458966   0.0199752 -0.00245701  -0.0166072   0.0108547 -0.00779653  0.00262597   0.38202 0.0460212 0.0202899 -0.0319809   0.186001   -9.80718 
             220.403 -0.196293   3.78336 -0.473424 -0.0195108 -0.0513909 -0.0477427 -0.0426581    1.09788  0.0548354 -0.00873483  -0.0239132   0.0458972   0.0149986 0.000383104  0.00284583   0.0107956 -0.00778282  0.00259603  0.382563 0.0459514  0.019752 -0.0319279   0.186029   -9.80718 
             220.503 -0.278169   3.74692  -0.50205 -0.0201292 -0.0521647 -0.0490687 -0.042665   1.09795 0.0547625 -0.00873535  -0.0239127   0.0458975   0.0169143 0.000559644 -0.00113736   0.0108389 -0.00775947  0.00261475  0.382702 0.0460237 0.0198673 -0.0319397   0.186028   -9.80718 
             220.603 -0.463742   3.68721   -0.4648 -0.0110876 -0.0473789 -0.0447899 -0.0426508    1.09775  0.0551144 -0.00873223  -0.0239187   0.0458995  0.0389012  0.0169759 0.00654879   0.0109412 -0.00772279  0.00259331  0.382281  0.045706 0.0195323 -0.0319025   0.186032   -9.80718 
             220.703 -0.311554   3.78146 -0.434209 -0.00945122   -0.041066  -0.0461069 -0.0426617    1.09783  0.0556022 -0.00873133  -0.0239183    0.045899  0.0418357  0.0283637 0.00248576   0.0108628 -0.00777531  0.00257595  0.382436 0.0453783 0.0196689 -0.0319119   0.186032   -9.80718 
             220.804 -0.266944   3.71001 -0.479114 -0.0164517 -0.0460382 -0.0434296 -0.0426491    1.09775  0.0549568 -0.0087297 -0.0239201  0.0459051  0.0226317  0.0108071 0.00550767   0.0108368 -0.00773329   0.0026036  0.383325 0.0459804 0.0195572 -0.0319106    0.18604   -9.80718 
             220.903 -0.401693   3.67666 -0.486907 -0.0116884 -0.0502381 -0.0462303 -0.0426039    1.09789  0.0543364 -0.00872965  -0.0239185   0.0459026   0.0340066  0.00324684 -0.00358065   0.0109068 -0.00771417  0.00260865  0.383107  0.046375 0.0197793 -0.0319334   0.186026   -9.80718 
             221.003 -0.407356   3.75316 -0.472217 -0.00845124  -0.0496207  -0.0489335 -0.0426041    1.09798  0.0543471 -0.00872907  -0.0239181   0.0459026   0.0422361  0.00742126 -0.00844396   0.0109105 -0.00775638  0.00260162  0.383111 0.0463654 0.0199443 -0.0319489   0.186019   -9.80718 
             221.103 -0.332747   3.72831 -0.461706 -0.0123214 -0.0437725 -0.0440789 -0.0426642     1.0977  0.0550138 -0.00872949   -0.023916   0.0459006  0.0299482  0.0214507 0.00528459   0.0108677 -0.00774934  0.00259568   0.38381 0.0460379 0.0195875 -0.0319231   0.186044   -9.80718 
             221.203 -0.264428    3.7272 -0.529973 -0.00886051  -0.0436737  -0.0438406 -0.0426438    1.09772  0.0548073 -0.00872892  -0.0239162   0.0459017  0.0388869  0.0181606 0.00434687    0.010847 -0.00774593  0.00261851  0.383801  0.046182 0.0196054 -0.0319251   0.186041   -9.80718 
             221.303 -0.134328   3.70476 -0.476558 -0.00747229  -0.0426083  -0.0393162 -0.0426431    1.09756  0.0547961 -0.00872878  -0.0239131   0.0459022 0.0392461 0.0156296 0.0131045   0.0107774 -0.00773679  0.00258789  0.384048 0.0462395 0.0193625 -0.0319062   0.186054   -9.80718 
             221.403 -0.267212   3.76809 -0.532887 -0.00499181  -0.0487597   -0.035864 -0.0426059    1.09749  0.0541054 -0.00872785  -0.0239135   0.0459001 0.0419302 0.0015193  0.014611    0.010854 -0.00777279  0.00261761   0.38419 0.0467671 0.0192472 -0.0318996   0.186056   -9.80718 
             221.503 -0.305851   3.75329 -0.547669 -0.00535568  -0.0532785   -0.035303 -0.0425882    1.09752  0.0537241 -0.00872722  -0.0239135   0.0458976    0.038587 -0.00802396   0.0137315   0.0108827 -0.00776705  0.00262895  0.384489 0.0470832 0.0193274 -0.031911  0.186052  -9.80718 
             221.603 -0.373203    3.7264 -0.559158 -0.00636052  -0.0574466  -0.0341929 -0.0425768    1.09752  0.0534485 -0.00872709  -0.0239134   0.0458959 0.0339342 -0.011891 0.0144479  0.0109236 -0.0077553 0.00263724  0.384823 0.0473297 0.0193685 -0.0319201   0.186052   -9.80718 
             221.703 -0.237585   3.70168 -0.529267 -0.000661749   -0.0544314   -0.0360592 -0.0425993    1.09765   0.053825 -0.00872681  -0.0239148   0.0458941   0.0464681 -0.00254484  0.00780724   0.0108435 -0.00774059  0.00262074  0.384635 0.0470264 0.0195666 -0.0319315   0.186046   -9.80718 
             221.803 -0.324358   3.68709 -0.524542 -0.000274957   -0.0550003   -0.0369863 -0.0426157    1.09773  0.0538269 -0.00872725  -0.0239137   0.0458945   0.0426072 3.95888e-05  0.00514784   0.0108931 -0.00773094  0.00261947  0.384912 0.0470724  0.019697 -0.0319442   0.186047   -9.80718 
             221.903 -0.579411   3.61543 -0.481036 -0.00603278   -0.051193   -0.039215 -0.042651   1.09788 0.0542624 -0.00872757  -0.0239077   0.0459006   0.0252288   0.0168419 0.000159759   0.0110007 -0.00770199  0.00259765  0.385565 0.0468821  0.019904 -0.0319572   0.186054   -9.80718 
             222.003 -0.316178   3.57803  -0.49931 -0.00551217   -0.047176  -0.0348877 -0.0426568    1.09772   0.054542 -0.00872619  -0.0239048   0.0459001  0.0243722  0.0231919 0.00975561   0.0108493 -0.00768055  0.00260929  0.385784  0.046727 0.0196331 -0.0319333   0.186068   -9.80718 
             222.103 -0.281848   3.71277 -0.441472 -0.0105371 -0.0390488 -0.0363061 -0.0426734    1.09788  0.0551867 -0.00872377  -0.0239036   0.0458942  0.015531 0.0369261 0.0066393   0.0108284 -0.00774997  0.00257937  0.386284 0.0463435 0.0198126 -0.0319382    0.18607   -9.80718 
             222.203 -0.374211   3.63578 -0.474524  -0.016676 -0.0430591 -0.0357598 -0.0427121    1.09794  0.0544625 -0.00872337   -0.023904   0.0458935 0.00343571  0.0225178 0.00659186   0.0108768 -0.00770994  0.00260136  0.386811 0.0469131 0.0198641 -0.0319487   0.186076   -9.80718 
             222.303 -0.534874   3.57361 -0.464096 -0.0132286 -0.0400198 -0.0363016 -0.0426953    1.09797  0.0544657 -0.0087236  -0.023903  0.0458934  0.0132818  0.0312484 0.00423535   0.0109698 -0.00767098  0.00259584  0.386586 0.0468799 0.0199349 -0.0319532   0.186069   -9.80718 
             222.403 -0.226597   3.72644 -0.466209 -0.0105842 -0.0424706 -0.0378116 -0.0427013    1.09805  0.0539253 -0.00872193  -0.0239052   0.0458996   0.0243094   0.0161561 0.000366939   0.0108002 -0.00775319  0.00259731  0.386503  0.047239 0.0200631 -0.0319628   0.186061   -9.80718 
             222.505 -0.216313   3.75031 -0.519387 -0.0098487 -0.0437934 -0.0404323 -0.0427017    1.09819  0.0536446 -0.00871966  -0.0239077   0.0459006   0.0279205  0.00851927 -0.00493521   0.0107929 -0.00776594  0.00262228  0.386612 0.0474408 0.0202532 -0.0319731    0.18605   -9.80718 
             222.603 -0.243443   3.75473 -0.514588  -0.010281 -0.0432657 -0.0424662 -0.0427052    1.09829  0.0536574 -0.00871922  -0.0239086   0.0458997   0.0280319  0.00741705 -0.00849064  0.0108076 -0.0077671 0.00261937  0.386825 0.0474659 0.0203712 -0.0319787   0.186045   -9.80718 
             222.704 0.0500318   3.83137 -0.500309 -0.00379585  -0.0451049  -0.0467794 -0.0427148    1.09841  0.0533755 -0.00871804  -0.0239123   0.0459036    0.044835 -0.00318978  -0.0164617   0.0106386 -0.00780751   0.0026128  0.386561 0.0476005 0.0205849 -0.0319921   0.186034   -9.80718 
             222.804 -0.513892     3.663 -0.469105 -0.00833695  -0.0479354  -0.0420328 -0.0427192    1.09821  0.0532323 -0.00871562  -0.0239207   0.0459028   0.0294485 -0.00125653 -0.00271403   0.0109522 -0.00771687  0.00259707  0.387273 0.0478693 0.0202093 -0.0319694   0.186052   -9.80718 
             222.904  -0.47576   3.67414 -0.503946 -0.00780089  -0.0511991  -0.0370929 -0.0426911    1.09801  0.0529632 -0.00871393  -0.0239251   0.0459006 0.0298477 -0.004034 0.0067935   0.0109261 -0.00772492  0.00261642  0.387534  0.048125 0.0198819 -0.0319489    0.18606   -9.80718 
             223.004 -0.468071   3.66617 -0.512879 -0.00686162  -0.0524167   -0.033453 -0.0426736     1.0979  0.0529225 -0.00871328  -0.0239263   0.0459007   0.0300306 -0.00122822   0.0125243    0.010925 -0.00771967  0.00262135   0.38774 0.0482105 0.0197046 -0.0319372   0.186065   -9.80718 
             223.103  -0.20003   3.72888 -0.510541 -0.00260404  -0.0458639  -0.0326745 -0.0427077    1.09792  0.0535903 -0.00871325  -0.0239264   0.0458933 0.0395582 0.0129899 0.0114328    0.010812 -0.00774728  0.00261998  0.387662 0.0477018 0.0197261 -0.0319335   0.186068   -9.80718 
             223.203 -0.468897   3.60584 -0.493286 -0.0037356 -0.0524403 -0.0305212 -0.0426759    1.09788  0.0528788 -0.00871405  -0.0239257    0.045892  0.0300065 0.00170815  0.0123889   0.0109664 -0.00767566  0.00261002  0.388031 0.0483079 0.0196888 -0.0319389   0.186068   -9.80718 
             223.303 -0.539609   3.57148 -0.501648 -0.00497711  -0.0566517  -0.0294268 -0.0426598    1.09789  0.0525039 -0.00871443  -0.0239253   0.0458912 0.0244215 -0.001783 0.0127285   0.0110064 -0.00765965  0.00261636  0.388333 0.0486463 0.0197232 -0.0319469   0.186067   -9.80718 
             223.403 -0.565648   3.56276 -0.510072 -0.00633433  -0.0591845  -0.0301804 -0.0426515    1.09797  0.0523101 -0.00871485  -0.0239245   0.0458908  0.0202132 -0.0017205  0.0101997   0.0110184 -0.00765439  0.00262314  0.388577 0.0488322 0.0198661 -0.0319596   0.186062   -9.80718 
             223.504 -0.578124   3.56308 -0.514267 -0.00723376  -0.0602143   -0.030968 -0.0426475    1.09804  0.0522392 -0.00871488  -0.0239245   0.0458906   0.018043 0.00254622 0.00585368   0.0110253 -0.00765279  0.00262828  0.388769 0.0489166 0.0199824 -0.0319684   0.186056   -9.80718 
             223.603 -0.582235   3.56524 -0.515619 -0.00783183  -0.0602435   -0.031853 -0.0426447    1.09809  0.0522177 -0.0087148 -0.0239246  0.0458904   0.017223 0.00824112 0.00182931   0.0110233 -0.00765282  0.00262747  0.388931 0.0489595 0.0200729 -0.0319742   0.186051   -9.80718 
             223.703  -0.58077    3.5695 -0.515048 -0.00819521  -0.0597009  -0.0325797 -0.0426409    1.09813  0.0521956 -0.0087147 -0.0239248  0.0458902  0.0164354  0.0131902 0.00031075   0.0110185 -0.00765551  0.00262665  0.389078     0.049 0.0201371 -0.0319783   0.186047   -9.80718 
             223.808 -0.586423   3.57046 -0.510725 -0.00863944  -0.0585184  -0.0330211 -0.0426394    1.09816  0.0521798 -0.00871464  -0.0239249   0.0458899      0.01552    0.0190031 -0.000878447    0.011021 -0.00765803  0.00262556  0.389235 0.0490386 0.0201787 -0.0319813   0.186045   -9.80718 
             223.903 -0.585538   3.57344 -0.507087 -0.00908154  -0.0575726  -0.0336602 -0.042634   1.09819 0.0520926 -0.00871461   -0.023925   0.0458898   0.0146785   0.0233012 -0.00161806   0.0110246 -0.00766004  0.00262238   0.38938  0.049127 0.0202225 -0.0319845   0.186042   -9.80718 
             224.004 -0.572974   3.57959 -0.504408 -0.00930985  -0.0565432  -0.0339674 -0.0426313    1.09819    0.05196 -0.00871468  -0.0239249   0.0458899   0.0145845   0.0259462 -0.00319481   0.0110175 -0.00766453  0.00262417  0.389516 0.0492469 0.0202363 -0.031987  0.186042  -9.80718 
             224.114 -0.565565   3.58342 -0.501625 -0.00923824  -0.0555593  -0.0341067 -0.0426263    1.09819  0.0517657 -0.00871477  -0.0239249   0.0458901   0.0160305   0.0287441 -0.00154978    0.011013 -0.00766394  0.00262137   0.38965 0.0494085 0.0202432 -0.0319897   0.186042   -9.80718 
             224.203 -0.567324   3.58413 -0.499077 -0.00952839  -0.0555818  -0.0343265 -0.0426183     1.0982  0.0515049 -0.00871485  -0.0239249   0.0458902  0.0155478  0.0282596 -0.0010584   0.0110111 -0.00766327  0.00262009  0.389791 0.0496192  0.020261 -0.031993  0.186041  -9.80718 
             224.303 -0.559378   3.58701 -0.498508 -0.00941568  -0.0551197  -0.0342373 -0.0426162     1.0982  0.0512623 -0.00871491  -0.0239249   0.0458903   0.0171906   0.0287889 -0.00162045   0.0110058 -0.00766432  0.00261822  0.389918 0.0498156  0.020259 -0.0319954   0.186042   -9.80718 
             224.403 -0.563351   3.58594 -0.497118 -0.00915426  -0.0549695  -0.0344706 -0.0426124    1.09821  0.0509867 -0.00871494  -0.0239249   0.0458903    0.0191337    0.0278956 -0.000977439   0.0110084 -0.00766835  0.00261628  0.390049 0.0500359 0.0202731 -0.0319982   0.186042   -9.80718 
             224.503 -0.603515   3.57556 -0.487702 -0.0090014  -0.053191 -0.0345713 -0.0426112    1.09821  0.0508723 -0.00871501  -0.0239248     0.04589     0.018608    0.0328013 -0.000178844   0.0110314 -0.00765739  0.00261233  0.390187  0.050146 0.0202839 -0.0320001   0.186042   -9.80718 
             224.603 -0.551427    3.5905 -0.492623 -0.00906368  -0.0537093  -0.0342302 -0.0426106    1.09821  0.0505154 -0.00871498  -0.0239249   0.0458904   0.0181081   0.0295285 0.000747549   0.0109997 -0.00766466  0.00261438  0.390347 0.0504429  0.020279 -0.0320028   0.186043   -9.80718 
             224.703 -0.549822    3.5896 -0.493696 -0.00908717  -0.0542423  -0.0339608 -0.0426136    1.09822  0.0501839 -0.00871492  -0.0239249   0.0458906  0.0186914  0.0268776 0.00216382    0.010996 -0.00766596  0.00261562    0.3905 0.0507175 0.0202837 -0.0320051   0.186044   -9.80718 
             224.803  -0.55878   3.58624 -0.494405 -0.00897456  -0.0547418  -0.0338725 -0.0426153    1.09824  0.0498745 -0.00871485   -0.023925   0.0458906  0.0192713  0.0255362 0.00146699    0.011001 -0.00766145  0.00261469  0.390644  0.050973 0.0203085 -0.0320074   0.186043   -9.80718 
             224.903 -0.563275   3.58427 -0.495506 -0.00890287  -0.0551711  -0.0338424 -0.0426212    1.09827  0.0495929 -0.00871483   -0.023925   0.0458904  0.0190749  0.0252803 0.00254381   0.0110007 -0.00765903  0.00261246   0.39079 0.0512112 0.0203344 -0.0320094   0.186041   -9.80718 
             225.003 -0.557897   3.58522 -0.496439 -0.00886518  -0.0551939  -0.0334511 -0.0426295    1.09829  0.0493488 -0.00871482  -0.0239251   0.0458904  0.0194669  0.0260918 0.00502473   0.0110006 -0.00765677  0.00261263  0.390942 0.0514246 0.0203483 -0.0320109   0.186041   -9.80718 
             225.103 -0.562262   3.58121 -0.492818 -0.00862305  -0.0542475  -0.0328692 -0.0426392    1.09831  0.0491928 -0.00871487   -0.023925   0.0458903  0.0192218  0.0283889 0.00669783   0.0110028 -0.00765351  0.00260909   0.39108 0.0515663 0.0203588 -0.0320116   0.186042   -9.80718 
             225.204 -0.601655    3.5691 -0.484532 -0.00864759  -0.0529117   -0.032957 -0.0426422    1.09836  0.0490431 -0.00871504  -0.0239248     0.04589  0.0190198  0.0317909 0.00594903   0.0110256 -0.00764642  0.00260284  0.391225 0.0517017 0.0204198 -0.0320134   0.186037   -9.80718 
             225.303 -0.541663   3.58696 -0.492797 -0.00863104  -0.0541084   -0.032956 -0.0426669    1.09842  0.0486426 -0.00871498  -0.0239249   0.0458906  0.0185735   0.026406 0.00340486   0.0109889 -0.00765818  0.00260778  0.391368 0.0520233 0.0204672 -0.0320155   0.186035   -9.80718 
             225.403 -0.559516   3.58138 -0.492919 -0.0088032 -0.0547615 -0.0332776 -0.0426809    1.09847  0.0483289 -0.00871491   -0.023925   0.0458907  0.0187863  0.0245564 0.00185321   0.0109956 -0.00765615  0.00260772   0.39152 0.0522793 0.0205227 -0.0320175   0.186032   -9.80718 
             225.503 -0.564038   3.58126 -0.493951 -0.00884714  -0.0552583  -0.0336344 -0.0426874    1.09852  0.0480473 -0.0087149 -0.0239251  0.0458906     0.01875   0.0231841 0.000547999   0.0109926 -0.00765253  0.00260795  0.391666 0.0525114 0.0205669 -0.0320195   0.186029   -9.80718 
             225.603 -0.565762   3.58211 -0.494921 -0.00887332  -0.0556355  -0.0339321 -0.0426874    1.09855  0.0477969 -0.00871493  -0.0239251   0.0458904    0.0174729    0.0222912 -0.000249509  0.0109955 -0.0076513 0.00261097  0.391814 0.0527255 0.0205993 -0.0320216   0.186026   -9.80718 
             225.703 -0.568451   3.58247 -0.495559 -0.00898636  -0.0559428  -0.0341259 -0.0426834    1.09856  0.0475719 -0.00871496   -0.023925   0.0458903   0.0173213   0.0212175 -0.00165231   0.0109928 -0.00764922  0.00261289  0.391964 0.0529264 0.0206218 -0.0320238   0.186024   -9.80718 
             225.803 -0.569724   3.58287 -0.495972 -0.00909013  -0.0560562  -0.0343401 -0.0426779    1.09857  0.0473653 -0.008715 -0.023925 0.0458902   0.0161291   0.0229959 -0.00147328   0.0109909 -0.00764968  0.00261276   0.39211 0.0531158 0.0206376 -0.032026  0.186023  -9.80718 
             225.903 -0.562269   3.58553 -0.496266 -0.00920237  -0.0558655  -0.0343198 -0.042672   1.09856 0.0471707 -0.00871504   -0.023925   0.0458902   0.0167096   0.0250824 -0.00149103    0.010991 -0.00765221  0.00261111  0.392258 0.0532978  0.020634 -0.0320279   0.186024   -9.80718 
             226.003 -0.74624  3.56498 -0.48461 -0.00881324   -0.051675  -0.0323731 -0.042702   1.09847 0.0473047 -0.00871486  -0.0239261   0.0458912  0.0167459  0.0385603 0.00384794  0.0110881 -0.0076407 0.00260397  0.392389 0.0532348 0.0205108 -0.0320258   0.186039   -9.80718 
             226.104 -0.484219   3.60941 -0.509179 0.00815465 -0.0429832  -0.035763 -0.0426648    1.09864  0.0475299 -0.00871483  -0.0239267   0.0458887   0.0568225   0.0525649 -0.00234484  0.0109336 -0.0076663 0.00261424  0.391258 0.0528223 0.0206836 -0.0320184   0.186012   -9.80718 
             226.203 -0.437334   3.62742 -0.511176 0.00552081 -0.0427039 -0.0361459 -0.0426571    1.09867  0.0471445 -0.00871454  -0.0239276   0.0458913   0.0430224   0.0436421 -0.00246776   0.0109011 -0.00767353  0.00261381  0.391874 0.0532163   0.02074 -0.0320255    0.18601   -9.80718 
             226.304 -0.0819817    3.79811  -0.499859  0.0045418 -0.0369073 -0.0396324 -0.0426494    1.09883   0.047415 -0.00871249  -0.0239323   0.0458853  0.0392782  0.0406632 -0.0114498   0.0107058 -0.00776774  0.00260812  0.392236 0.0530703 0.0209662 -0.0320317   0.185989   -9.80718 
             226.403  0.011063   3.83746 -0.497308  0.0027082 -0.0341596 -0.0431625 -0.0426464    1.09896  0.0473821 -0.00871141  -0.0239348   0.0458841  0.0342434  0.0326681 -0.0186742    0.010654 -0.00778764   0.0026012  0.392639 0.0531531 0.0211497 -0.0320389   0.185976   -9.80718 
             226.504 -0.0894123    3.78908  -0.436622 -0.00533045  -0.0343758  -0.0487972 -0.0426382    1.09916  0.0471781 -0.00871335  -0.0239307    0.045883  0.0150691  0.0220739 -0.0282318   0.0107162 -0.00775658  0.00256672  0.393422 0.0534238  0.021464 -0.0320574    0.18596   -9.80718 
             226.605 -0.180988   3.76861 -0.406515 -0.0142861 -0.0365504 -0.0480967 -0.0426219    1.09899  0.0468925 -0.0087142 -0.0239298  0.0458807 -0.00237152   0.0124079  -0.0200643   0.0107683 -0.00774272  0.00255116  0.394238 0.0537919 0.0212843 -0.0320586   0.185972   -9.80718 
             226.704 -0.192696   3.76378 -0.399263  -0.019865 -0.0387431 -0.0467191 -0.0425824    1.09884   0.046646 -0.00871394  -0.0239311   0.0458791 -0.0079703 0.00364355 -0.0121489   0.0107759 -0.00773809  0.00254652   0.39469 0.0540611 0.0210968 -0.0320539   0.185976   -9.80718 
              226.81 -0.198196   3.76071 -0.396657 -0.0228617 -0.0405973  -0.045894 -0.0425506    1.09876  0.0464669 -0.00871352  -0.0239322   0.0458781 -0.00514607 -0.00079336 -0.00697669   0.0107793 -0.00773496  0.00254653  0.394899 0.0542318 0.0209808 -0.0320485   0.185974   -9.80718 
             226.904 -0.209381    3.7546 -0.397502 -0.0238542  -0.041983 -0.0451313 -0.0425279    1.09871  0.0463467 -0.00871315  -0.0239329   0.0458775 -0.000609867  -0.00336395  -0.00318176   0.0107859 -0.00772628  0.00254824  0.394974  0.054334 0.0208963 -0.0320427   0.185972   -9.80718 
             227.004 -0.218194   3.74958 -0.398974 -0.0238206 -0.0428512 -0.0444004 -0.0425124    1.09867  0.0462979 -0.00871291  -0.0239333   0.0458773   0.00502208  -0.00389734 -0.000879895   0.0107905 -0.00772117  0.00254941  0.395002 0.0543743 0.0208307 -0.0320376   0.185971   -9.80718 
             227.104 -0.225568   3.74467 -0.401007 -0.0231393 -0.0433552 -0.0437733 -0.0425027    1.09865  0.0462887 -0.00871282  -0.0239335   0.0458773   0.0125877 -0.00412443  0.00216134   0.0107929 -0.00771419  0.00255211   0.39502 0.0543843 0.0207887 -0.0320343   0.185969   -9.80718 
             227.204 -0.223073   3.74837 -0.403927 -0.0221344 -0.0437182 -0.0443392 -0.0425131    1.09868  0.0463001 -0.00871288  -0.0239335   0.0458773   0.0186024 -0.00372978 0.000359128   0.0107912 -0.00771731  0.00255388   0.39505 0.0543836 0.0208412 -0.0320382    0.18597   -9.80718 
             227.303 -0.232531   3.74169 -0.405516 -0.0210118 -0.0437329 -0.0435308 -0.0425005    1.09866  0.0463497 -0.00871288  -0.0239336   0.0458774  0.0228422 -0.0023626 0.00198156   0.0107955 -0.00771369  0.00255169  0.395131 0.0543645 0.0207986 -0.0320349   0.185968   -9.80718 
             227.404 -0.158097   3.77464 -0.407461 -0.0203251 -0.0425696 -0.0456647 -0.0425257    1.09875  0.0465315 -0.00871285  -0.0239342   0.0458768   0.0272495 -0.00165516 -0.00248818   0.0107564 -0.00773066  0.00255083  0.395233  0.054254 0.0209584 -0.0320486   0.185969   -9.80718 
             227.504 -0.140001   3.78746 -0.406851 -0.0197618  -0.041805 -0.0468888 -0.0425333     1.0988  0.0466684 -0.0087128 -0.0239346  0.0458762     0.02966 -0.00117865 -0.00247891   0.0107475 -0.00773929  0.00254693  0.395388 0.0541864  0.021037 -0.0320552   0.185967   -9.80718 
             227.605 -0.204339   3.76041 -0.404895 -0.0189643 -0.0423782 -0.0450117 -0.0425007    1.09875  0.0466756 -0.00871275  -0.0239348   0.0458762  0.0308748 -0.0014225 0.00197232   0.0107827 -0.00772211  0.00254654  0.395593 0.0542263 0.0209101 -0.0320441   0.185961   -9.80718 
             227.703  -0.14635   3.78291 -0.408006 -0.0188188  -0.041794  -0.046362 -0.0425125    1.09882  0.0468109 -0.00871271   -0.023935   0.0458759   0.0309831 -0.00151293 -0.00339133   0.0107485 -0.00773143  0.00254826  0.395791 0.0541728 0.0210146 -0.0320521   0.185959   -9.80718 
             227.804 -0.207856   3.75708  -0.40631 -0.0183788 -0.0424441 -0.0448593 -0.0424817    1.09878    0.04682 -0.00871263  -0.0239353    0.045876   0.0327306 -0.00212889 -0.00155947   0.0107854 -0.00771852  0.00254848  0.396023 0.0542184 0.0209064 -0.0320423   0.185953   -9.80718 
             227.903 -0.148224   3.78155  -0.40915  -0.018298 -0.0418971 -0.0466556 -0.0424951    1.09884  0.0469573 -0.00871259  -0.0239355   0.0458757   0.0333554 -0.00115027 -0.00638066   0.0107528 -0.00773069  0.00255072  0.396239 0.0541649 0.0210153 -0.0320516   0.185951   -9.80718 
             228.004 -0.209283   3.75752 -0.407475 -0.0179487 -0.0424572 -0.0453234 -0.0424584    1.09877  0.0469729 -0.0087125 -0.0239357  0.0458758   0.0331418 -0.00246107 -0.00260589   0.0107878 -0.00771686  0.00255405  0.396496 0.0542079 0.0208996 -0.0320432   0.185944   -9.80719 
             228.106 -0.147809   3.78317 -0.409961 -0.0180615 -0.0420285 -0.0468554 -0.0424709    1.09879  0.0471082 -0.00871246  -0.0239358   0.0458755   0.0321816 -0.00442792 -0.00599255   0.0107539 -0.00772972  0.00255406  0.396738 0.0541525 0.0209917 -0.0320533   0.185942   -9.80719 
             228.204 -0.210469   3.75775 -0.408108 -0.0180967 -0.0428171 -0.0453094 -0.0424316    1.09871  0.0471364 -0.00871238  -0.0239361   0.0458756   0.0313059 -0.00482556 -0.00258676   0.0107843 -0.00771497  0.00255176  0.397008 0.0541884 0.0208673 -0.0320454   0.185935   -9.80719 
             228.304 -0.150412   3.78237 -0.410871 -0.0183736 -0.0423631 -0.0469041 -0.0424519    1.09872  0.0472964 -0.00871234  -0.0239362   0.0458753   0.0299615 -0.00456467 -0.00609174   0.0107497 -0.00772736  0.00255264   0.39724 0.0541203 0.0209595 -0.032056  0.185934  -9.80719 
             228.404 -0.211599   3.75775 -0.408737 -0.0183774 -0.0430243 -0.0452527 -0.0424113    1.09863  0.0473486 -0.00871225  -0.0239365   0.0458754    0.0292489  -0.00429437 -0.000638735  0.0107778 -0.0077136 0.00255244  0.397495 0.0541427 0.0208342 -0.0320486   0.185927   -9.80719 
             228.504 -0.150609   3.78236 -0.411181 -0.0187283 -0.0424009 -0.0466421 -0.0424365    1.09865  0.0475227 -0.00871221  -0.0239366   0.0458751   0.0281264 -0.00332382  -0.0044432  0.0107442 -0.0077291 0.00255396  0.397714 0.0540665 0.0209271 -0.032059  0.185927  -9.80719 
             228.604 -0.212013    3.7569 -0.408602 -0.0186969 -0.0429585 -0.0451803 -0.0423999    1.09857  0.0475684 -0.00871212  -0.0239368   0.0458752   0.0281848 -0.00424412 -0.00302691   0.0107755 -0.00771499  0.00255178  0.397949 0.0540885 0.0208119 -0.032052   0.18592  -9.80719 
             228.704 -0.150181   3.78238 -0.410906 -0.0189624 -0.0424111 -0.0467957 -0.0424239     1.0986  0.0477317 -0.00871208  -0.0239369   0.0458749   0.0273212 -0.00408873 -0.00534292   0.0107419 -0.00773122  0.00255296  0.398155 0.0540167 0.0209062 -0.0320618    0.18592   -9.80719 
             228.804 -0.139363   3.79142 -0.409771 -0.0191457 -0.0419732 -0.0478649 -0.0424341     1.0986  0.0478799 -0.00871207   -0.023937   0.0458746   0.0282727  -0.0039467 -0.00749231   0.0107315 -0.00773585  0.00255235  0.398369 0.0539582 0.0209469 -0.0320676   0.185918   -9.80719 
             228.903  -0.20476   3.76375 -0.407626  -0.018944  -0.042663 -0.0460427 -0.042387   1.09849 0.0479076 -0.00871193  -0.0239374   0.0458747   0.0286095  -0.0044438 -0.00316093   0.0107656 -0.00772206  0.00254885  0.398603 0.0539911 0.0207916 -0.0320581   0.185911   -9.80719 
             229.003 -0.0526327    3.81677  -0.455885  -0.013737 -0.0417218 -0.0476654 -0.0424259    1.09854  0.0480282 -0.00871211  -0.0239374   0.0458742   0.0407815 -0.00525552 -0.00582564   0.0106801 -0.00774635   0.0025763   0.39845 0.0538675 0.0208609 -0.0320632   0.185917   -9.80719 
             229.103 -0.107605   3.75023 -0.435681 -0.00993849  -0.0393656  -0.0420391 -0.042353   1.09829  0.048327 -0.00871066  -0.0239377   0.0458745  0.0447558 0.00116266  0.0061524   0.0107053 -0.00771258  0.00256565  0.398573 0.0536661 0.0204494 -0.0320363   0.185908   -9.80719 
             229.203 -0.392682   3.69503 -0.441063 -0.00750712  -0.0423751  -0.0438685 -0.0423594    1.09839  0.0480291 -0.00871169  -0.0239343   0.0458702   0.0438419 -0.00196413   0.0022056   0.0108673 -0.00768168   0.0025698  0.398688 0.0539212 0.0206258 -0.0320477   0.185908   -9.80719 
             229.303 -0.154237   3.79216 -0.480015 -0.00685975  -0.0441476    -0.04407 -0.0423529    1.09839  0.0479842 -0.00871135   -0.023935   0.0458704   0.0421943 -0.00777361 0.000142148   0.0107293 -0.00773379  0.00259027  0.398968  0.054024 0.0206718 -0.0320527   0.185905   -9.80719 
             229.404 -0.145358   3.78963 -0.505646 -5.99277e-05   -0.0473239   -0.0428821 -0.0423155    1.09835  0.0477133 -0.00871122  -0.0239343   0.0458711   0.0542443  -0.0128702 0.000917216   0.0107271 -0.00773255  0.00260266  0.398838 0.0541902 0.0205794 -0.0320448   0.185902   -9.80719 
             229.503 -0.596688   3.58413 -0.525766 0.00224508 -0.0595376  -0.036905 -0.0421813    1.09812  0.0466288 -0.0087064 -0.0239426  0.0458549  0.0471436 -0.0275227  0.0133689    0.010989 -0.00761396    0.002617  0.399163 0.0550321 0.0202086 -0.0320218   0.185887   -9.80719 
             229.604 -0.225459   3.69486 -0.575609 -0.000469753   -0.0578078   -0.0448136 -0.0423559    1.09848  0.0472216 -0.00870593   -0.023952   0.0458529   0.0385642  -0.0211283 -0.00776223    0.010779 -0.00767697  0.00264545  0.399561 0.0546944 0.0208678 -0.0320662     0.1859   -9.80719 
             229.703 -0.525965   3.73792 -0.537343 0.000900155  -0.0538932   -0.047653 -0.0424124    1.09856   0.047803 -0.00870449  -0.0239504   0.0458566  0.0384672 -0.0017241  -0.012229   0.0109345 -0.00769596  0.00262852  0.399717 0.0543023 0.0210118 -0.0320723   0.185905   -9.80719 
             229.804 -0.312881   3.70161 -0.544577 0.00277067 -0.0513897 -0.0429257 -0.0424056    1.09831  0.0481295 -0.00870471  -0.0239465   0.0458547  0.0360974 0.00476321 0.00245324   0.0108114 -0.00767521  0.00263202  0.399952 0.0541129 0.0206249 -0.0320517   0.185914   -9.80719 
             229.903 -0.510966    3.6177 -0.478084 -0.000641341   -0.0496678    -0.038009 -0.0424241    1.09809  0.0483338 -0.0087034 -0.0239452   0.045857 0.0229854 0.0144249 0.0139932   0.0109194 -0.00762717  0.00259699  0.400517 0.0540802 0.0203422 -0.0320413   0.185932   -9.80719 
             230.004 -0.501179   3.63603 -0.502311 -0.0141335 -0.0538975 -0.0355634 -0.042473   1.09806 0.0480112 -0.00870425  -0.0239431   0.0458582 -0.00863705  0.00483628   0.0178153   0.0109164 -0.00763938  0.00260976   0.40163 0.0545227  0.020343 -0.0320544   0.185952   -9.80718 
             230.104  -0.48968    3.6348 -0.491719 -0.0222336 -0.0556612  -0.033764 -0.0425022    1.09808  0.0478603 -0.00870453  -0.0239424   0.0458582 -0.0204484 0.00442368  0.0170564   0.0109105 -0.00764003   0.0026025  0.402146 0.0547195 0.0203721 -0.03206 0.185961 -9.80718 
             230.208 -0.505102   3.62584 -0.481039 -0.0270445 -0.0564716 -0.0328349 -0.0425105    1.09814  0.0477432 -0.00870461  -0.0239423   0.0458583 -0.0233897 0.00503617  0.0145112    0.010918 -0.00763905  0.00259719  0.402331 0.0548306 0.0204439 -0.0320639    0.18596   -9.80718 
             230.304 -0.482497   3.63184 -0.480895  -0.027358 -0.0566961 -0.0326415 -0.0424982    1.09819  0.0476281 -0.00870448  -0.0239427   0.0458588  -0.014903 0.00680608  0.0124999   0.0109076 -0.00764051  0.00259641  0.402194 0.0548835 0.0205208 -0.0320666   0.185952   -9.80718 
             230.404 -0.482168   3.63137 -0.480916  -0.026768 -0.0565432 -0.0326446 -0.0424854    1.09824  0.0475216 -0.00870433   -0.023943   0.0458593 -0.00683776   0.0105955   0.0106013    0.010905 -0.00764161  0.00259554  0.402044 0.0549261 0.0206027 -0.0320688   0.185944   -9.80718 
             230.504 -0.482077   3.63123 -0.481288 -0.0257462 -0.0561156 -0.0331001 -0.0424753     1.0983  0.0474096 -0.00870418  -0.0239431   0.0458596 0.000878539   0.0129872   0.0052898   0.0109027 -0.00764081  0.00259291  0.401921 0.0549759 0.0206861 -0.0320707   0.185936   -9.80719 
             230.604 -0.479593   3.63321 -0.481967 -0.0245696 -0.0556848 -0.0336119 -0.042466   1.09835 0.0472816 -0.00870403  -0.0239432   0.0458598 0.00711675  0.0151583 0.00460579   0.0109006 -0.00764091  0.00259403  0.401842  0.055048 0.0207565 -0.0320722    0.18593   -9.80719 
             230.704 -0.500871   3.62702 -0.476959 -0.0252168 -0.0552997 -0.0341142 -0.0424584    1.09841  0.0471718 -0.00870399  -0.0239432   0.0458597 0.00717729  0.0165566 0.00215622   0.0109105 -0.00763732  0.00259034  0.401935 0.0551452 0.0208302 -0.0320743   0.185924   -9.80719 
             230.804 -0.477291   3.63698 -0.479572 -0.0238362 -0.0547601 -0.0344979 -0.0424518    1.09843   0.047028 -0.0087039 -0.0239432  0.0458598   0.0118582    0.019341 -0.00103492   0.0109025 -0.00764244  0.00259495  0.401899 0.0552402 0.0208675 -0.0320751    0.18592   -9.80719 
             230.904 -0.491168   3.63282 -0.476752 -0.0242778 -0.0545163 -0.0350625 -0.0424447    1.09847  0.0468651 -0.00870388  -0.0239432   0.0458597   0.0113371   0.0203402 -0.00281456   0.0109083 -0.00764098  0.00259253  0.402023 0.0553864 0.0209136 -0.0320769   0.185917   -9.80719 
             231.004 -0.491267   3.63474 -0.474251  -0.024706 -0.0542074 -0.0355459 -0.0424354    1.09848  0.0467031 -0.00870389  -0.0239432   0.0458596   0.0110991   0.0209098 -0.00242592   0.0109117 -0.00763806  0.00259237  0.402146 0.0555295 0.0209401 -0.0320785   0.185914   -9.80719 
             231.104 -0.488992   3.63719  -0.47265 -0.0249588 -0.0539732 -0.0357917 -0.0424231    1.09848  0.0465232 -0.00870392  -0.0239432   0.0458595   0.0105241   0.0214703 -0.00283645   0.0109052 -0.00763659  0.00259601  0.402258 0.0556832 0.0209498 -0.0320799   0.185913   -9.80719 
             231.204  -0.48336   3.63997 -0.471755 -0.0250371 -0.0538141   -0.03582 -0.0424107    1.09848  0.0463268 -0.00870394  -0.0239432   0.0458595   0.0122609   0.0211516 -0.00106642   0.0109018 -0.00764165  0.00259445  0.402362 0.0558462  0.020952 -0.032081  0.185912  -9.80719 
             231.304 -0.461479   3.64782 -0.475938 -0.0232924 -0.0538032 -0.0355525 -0.0424018    1.09847  0.0461121 -0.0087039 -0.0239432  0.0458597   0.0181788   0.0182413 0.000195419   0.0108868 -0.00764468   0.0025956  0.402351 0.0560007 0.0209349 -0.0320809   0.185913   -9.80719 
             231.404 -0.476813   3.64112 -0.470994 -0.0234051 -0.0541743 -0.0355584 -0.0423969    1.09849  0.0459044 -0.00870398  -0.0239432   0.0458596   0.0175708    0.018278 0.000717031   0.0108931 -0.00764167  0.00259182  0.402503 0.0561835 0.0209549 -0.032082  0.185911  -9.80719 
             231.504  -0.48077   3.63985 -0.471402 -0.0234438 -0.0544193 -0.0356287 -0.0423975     1.0985  0.0457255 -0.00870403  -0.0239431   0.0458594     0.018592    0.0171454 -0.000759675   0.0108922 -0.00763957  0.00259303  0.402649 0.0563511 0.0209732 -0.0320828    0.18591   -9.80719 
             231.604 -0.482568   3.63951 -0.471773 -0.0234167 -0.0546015 -0.0356396 -0.0423991    1.09852  0.0455668 -0.00870401  -0.0239432   0.0458594    0.0178176    0.0166669 -0.000562964   0.0108903 -0.00763322  0.00258803  0.402794  0.056509 0.0209881 -0.0320835    0.18591   -9.80719 
             231.704 -0.484384   3.63891 -0.471945 -0.0234808 -0.0547143 -0.0357033 -0.0424014    1.09853  0.0454269 -0.00870405  -0.0239432   0.0458593   0.0168608   0.0165667 -0.00145423    0.010891 -0.00763124  0.00259058  0.402939 0.0566584 0.0210017 -0.0320842   0.185909   -9.80719 
             231.804  -0.48524   3.63886 -0.471984 -0.0236023 -0.0547642 -0.0358252 -0.0424022    1.09854  0.0452945 -0.00870404  -0.0239432   0.0458593   0.0164543   0.0169341 -0.00252065   0.0108899 -0.00762719  0.00258881  0.403083 0.0568033 0.0210125 -0.032085  0.185908  -9.80719 
             231.904 -0.485401   3.63921 -0.471783 -0.0237372 -0.0547842  -0.035872 -0.0423996    1.09855   0.045163 -0.00870408  -0.0239432   0.0458592  0.0149479  0.0170289 0.00024549   0.0108898 -0.00762566  0.00259055  0.403222 0.0569459 0.0210187 -0.0320858   0.185908   -9.80719 
             232.003 -0.469424   3.59505  -0.50485 -0.0139132  -0.051806 -0.0368693 -0.0423933    1.09858  0.0451016 -0.00870443   -0.023942   0.0458575   0.0371933   0.0241289 -0.00238518   0.0108779 -0.00760185  0.00260942   0.40263  0.056841 0.0210467 -0.0320834   0.185905   -9.80719 
             232.104 -0.570799   3.57533 -0.506088 -0.00551017   -0.050095    -0.03492 -0.042393   1.09847 0.0449265  -0.008704 -0.0239425  0.0458567  0.0509125  0.0290669 0.00184408   0.0109316 -0.00759197  0.00261176  0.402348 0.0569118 0.0208827 -0.0320789   0.185915   -9.80719 
             232.203 -0.445061   3.64379 -0.475715 -0.000296295   -0.0434669    -0.035503 -0.0424013     1.0985  0.0452653 -0.00870351  -0.0239426   0.0458557    0.0562321    0.0389158 -0.000828244   0.0108625 -0.00762908  0.00259395   0.40234 0.0566447  0.020924 -0.0320791   0.185913   -9.80719 
             232.304 -0.275399   3.70135 -0.476859 -0.00440025  -0.0395324   -0.041671 -0.0424157    1.09878  0.0454825 -0.00870148   -0.023947    0.045853 0.0402669  0.036139 -0.016172   0.0107692 -0.00766567  0.00259439   0.40295 0.0566217 0.0213573 -0.0320895   0.185886   -9.80719 
             232.504 -0.405064   3.64843 -0.440274 -0.00224691  -0.0372438  -0.0461195 -0.0424002    1.09883  0.0452039 -0.00870261  -0.0239457   0.0458521   0.036712  0.0306324 -0.0176698   0.0108472 -0.00763422  0.00257566  0.403323 0.0569439 0.0214551 -0.0320953    0.18588   -9.80719 
             232.604 -0.304355    3.7484   -0.4434 -0.00746902  -0.0429906  -0.0460764 -0.0423456    1.09873  0.0447412 -0.00870317  -0.0239453   0.0458505  0.0236287  0.0113694 -0.0136694   0.0107919 -0.00769179  0.00257776  0.403957 0.0575174 0.0213867 -0.0321016    0.18588   -9.80719 
              232.71 -0.714861   3.53584  -0.44623 -0.0031331 -0.0467896 -0.0412721 -0.0422919    1.09849  0.0442168 -0.0086997 -0.0239529  0.0458423    0.0277218    0.0127345 -0.000951582   0.0110197 -0.00757285  0.00258162   0.40391 0.0579188 0.0210016 -0.0320933   0.185896   -9.80719 
             232.804 -0.601089   3.61014 -0.505684 -0.000967463   -0.0493343   -0.0425597 -0.0422847    1.09855  0.0439044 -0.00869858  -0.0239529   0.0458413   0.0309905  0.00936262 -0.00342137   0.0109504 -0.00761633  0.00261453  0.403945 0.0581728  0.021091 -0.0320952   0.185891   -9.80719 
             232.903 -0.485163   3.65261 -0.471438 -0.000788356   -0.0465963   -0.0398783 -0.0422803    1.09842  0.0441406 -0.00869942   -0.023951   0.0458402  0.0287336   0.014587 0.00253832   0.0108818 -0.00764274  0.00259672  0.404191 0.0580702 0.0208926 -0.032092  0.185902  -9.80719 
             233.004 -0.481445   3.64646 -0.467016 -0.00663328  -0.0483208  -0.0362143 -0.042273   1.09829 0.0440549 -0.00870026  -0.0239491   0.0458413 0.0120037 0.0103967 0.0105532   0.0108772 -0.00763823  0.00259165   0.40484   0.05834 0.0206981 -0.0320896   0.185913   -9.80719 
             233.104 -0.489374    3.6307 -0.477714 -0.00623962   -0.044806  -0.0436233 -0.0422895    1.09866  0.0442674 -0.00870027  -0.0239513   0.0458408   0.0145618   0.0180946 -0.00722199   0.0108793 -0.00762733  0.00259691  0.404786 0.0581359 0.0212782 -0.0321014   0.185874   -9.80719 
             233.204 -0.301748   3.71598 -0.454177 -0.000792807   -0.0449934   -0.0408416 -0.0422722     1.0985  0.0440243 -0.00870168  -0.0239482   0.0458434   0.0286893    0.014173 -0.00134919   0.0107742 -0.00767565  0.00258664  0.404584 0.0582773 0.0210205 -0.0320955   0.185891   -9.80719 
             233.305 -0.471051   3.65284  -0.40097 -0.0101131 -0.0446572 -0.0393769 -0.0422755    1.09847     0.0442 -0.00870244  -0.0239448   0.0458437 0.00490451  0.0156841 0.00230828   0.0108771 -0.00763654  0.00255667  0.405468 0.0584127 0.0209672 -0.032097  0.185895  -9.80719 
             233.404 -0.546236   3.56945 -0.483262 -0.00750184  -0.0481283  -0.0411791 -0.0422611    1.09858  0.0436461 -0.00870209  -0.0239431   0.0458398  0.0116977 0.00878823 -0.0010963   0.0109146 -0.00759111  0.00260221  0.405296  0.058794 0.0211162 -0.0320985   0.185884   -9.80719 
             233.504 -0.570251    3.5796 -0.496705 -0.00733401   -0.051041  -0.0430656 -0.0422534    1.09867   0.043291 -0.00870145  -0.0239426    0.045838   0.0116477  0.00644189 -0.00529101   0.0109277 -0.00759751  0.00260753  0.405356 0.0590933 0.0212524 -0.0321007   0.185875   -9.80719 
             233.604  -0.3792  3.69339 -0.51168 -0.0104315 -0.0514814 -0.0418742 -0.0422536     1.0986  0.0433171 -0.00870211  -0.0239421   0.0458363  0.00732563  0.00516981 -0.00208228   0.0108203 -0.00766165  0.00261746  0.405722 0.0591837 0.0211513 -0.0320999   0.185881   -9.80719 
             233.704 -0.353851   3.69613 -0.510005 -0.0125845 -0.0518163 -0.0402927 -0.0422561    1.09853  0.0433003 -0.00870257  -0.0239414   0.0458357 0.00394696 0.00587045 0.00141164    0.010804 -0.00765836  0.00261536   0.40597 0.0592654 0.0210402 -0.0320989   0.185888   -9.80719 
             233.804 -0.286345   3.63424 -0.438283 -0.0152156  -0.046202 -0.0362955 -0.042282   1.09836 0.0438291 -0.00870048  -0.0239386   0.0458337 -0.000438942    0.0184872    0.0102078   0.0107679 -0.00762479   0.0025782  0.406239 0.0589155 0.0207848 -0.0320949   0.185907   -9.80719 
             233.904 -0.472582   3.65094 -0.469329 -0.0196754 -0.0476487 -0.0376286 -0.0422677    1.09847  0.0435606 -0.00870074  -0.0239364   0.0458307 -0.00583941    0.014603  0.00648213    0.010876 -0.00763009  0.00259835  0.406533 0.0591799  0.020975 -0.0321012   0.185896   -9.80719 
             234.004 -0.504244   3.64463  -0.47947 -0.0145608 -0.0518311 -0.0385281 -0.0422386    1.09855  0.0429063 -0.00870073  -0.0239352   0.0458271    0.01111 0.00753443 0.00408106   0.0108923 -0.00763197  0.00260485  0.406126 0.0596057  0.021074 -0.032103  0.185887  -9.80719 
             234.104 -0.546295   3.62919 -0.491843 -0.0109205 -0.0547318 -0.0399108 -0.0422274    1.09863  0.0424874 -0.00870064  -0.0239341   0.0458248      0.02032   0.00501446 -0.000740422   0.0109132 -0.00761893  0.00261286  0.405939 0.0598906 0.0211898 -0.0321059    0.18588   -9.80719 
             234.304 -0.655271   3.57383 -0.482857 -0.000319243   -0.0527942   -0.0408122 -0.0422171    1.09864  0.0423546 -0.00870077  -0.0239337   0.0458233   0.0371467   0.0194149 -0.00144441   0.0109787 -0.00758797  0.00260527  0.405583 0.0599187 0.0212259 -0.0321066   0.185876   -9.80719 
             234.404 -0.339573   3.69039 -0.499569 -0.0147664 -0.0463856 -0.0422657 -0.0422466    1.09878  0.0430945 -0.00870079  -0.0239348   0.0458172  0.00672641   0.0255544 -0.00400295   0.0108055 -0.00764681  0.00261357   0.40675 0.0595927 0.0213687 -0.0321074   0.185875   -9.80719 
             234.604 -0.715548   3.62964 -0.446993 -0.0137172 -0.0423474 -0.0529264 -0.0422048    1.09912  0.0428769 -0.00870237  -0.0239264   0.0458146   0.010962  0.0390382 -0.0191609   0.0110169 -0.00761194  0.00258486  0.406711 0.0597419 0.0218873 -0.0321159   0.185835   -9.80719 
             234.704 -0.451716   3.66486 -0.440783 -0.0183707 -0.0468369 -0.0413698 -0.0422747    1.09864  0.0424072 -0.00870323  -0.0239219   0.0458177  0.0028477  0.0203682 0.00528344   0.0108728 -0.00762943  0.00258223  0.407192 0.0602739 0.0211086 -0.0321051   0.185904   -9.80719 
             234.804 -0.469118   3.63287 -0.444628 -0.0194466 -0.0495552 -0.0356568 -0.0422999    1.09845  0.0420567 -0.00870281  -0.0239212   0.0458189 0.00210061  0.0150439  0.0147512  0.0108828 -0.0076135 0.00258542  0.407328 0.0606011 0.0208089 -0.032101  0.185932  -9.80719 
             234.904 -0.712345   3.54802 -0.464765 -0.0195143 -0.0517234 -0.0371186 -0.0422721    1.09859  0.0417216 -0.0087035 -0.0239186  0.0458153 0.00329316  0.0156362 0.00800335   0.0110158 -0.00756538  0.00259557  0.407317 0.0608551 0.0210002 -0.0321026   0.185913   -9.80719 
             235.004 -0.736179   3.54507 -0.473005 -0.0198963 -0.0532379 -0.0384413 -0.0422463    1.09868  0.0414544 -0.00870349  -0.0239176   0.0458135 0.00285571  0.0155282 0.00179021   0.0110237 -0.00756122  0.00259949  0.407347 0.0610697 0.0211395 -0.0321032   0.185898   -9.80719 
             235.104 -0.775917   3.54336 -0.474377  -0.019125 -0.0534791 -0.0414248 -0.042212   1.09883  0.041257 -0.00870337  -0.0239169   0.0458129   0.0060769   0.0196299 -0.00549262   0.0110413 -0.00756145  0.00260129  0.407286  0.061202 0.0213496 -0.0321037   0.185876   -9.80719 
             235.204 -0.757167   3.55101 -0.471976 -0.0194431 -0.0526089 -0.0416673 -0.0422019    1.09881  0.0411563 -0.00870338  -0.0239169   0.0458129  0.00605911   0.0241907 -0.00630935    0.011028 -0.00756498  0.00260285  0.407364 0.0613087 0.0213323 -0.0321039   0.185877   -9.80719 
             235.304 -0.748598   3.55471 -0.469514 -0.0196454 -0.0517306 -0.0418761 -0.0421863    1.09879  0.0410091 -0.00870346  -0.0239168   0.0458133  0.00606862   0.0284491 -0.00591186   0.0110216 -0.00756625  0.00259887  0.407436 0.0614508 0.0213087 -0.032104  0.185878  -9.80719 
             235.404 -0.741219   3.55787 -0.467064 -0.0197453  -0.050909 -0.0417793 -0.0421639    1.09877  0.0408161 -0.00870359  -0.0239167    0.045814  0.00601302   0.0322411 -0.00242209   0.0110167 -0.00756807  0.00259681  0.407503 0.0616294 0.0212804 -0.0321041    0.18588   -9.80719 
             235.504 -0.734892   3.55961 -0.464708 -0.0198019 -0.0502186 -0.0415352 -0.0421407    1.09875  0.0405783 -0.00870373  -0.0239166   0.0458148  0.00632186   0.0330281 -0.00178852   0.0110122 -0.00756822  0.00259784  0.407568 0.0618417 0.0212577 -0.0321041   0.185881   -9.80719 
             235.604 -0.732649   3.55933 -0.463815 -0.0200718 -0.0501217  -0.041269 -0.0421204    1.09874  0.0402746 -0.00870386  -0.0239165   0.0458156   0.00606322    0.0335871 -0.000477427   0.0110085 -0.00756513  0.00259852  0.407648 0.0621084 0.0212426 -0.0321036   0.185881   -9.80719 
             235.704 -0.728746   3.55997 -0.461661 -0.0199616 -0.0496749 -0.0411672 -0.0421067    1.09874  0.0399877 -0.00870396  -0.0239165   0.0458162 0.00631859  0.0344932 -0.0018038   0.0110021 -0.00756323  0.00259565  0.407695 0.0623496 0.0212401 -0.0321028   0.185881   -9.80719 
             235.804 -0.725756   3.56052 -0.460449 -0.0198907 -0.0493414 -0.0412339 -0.0420959    1.09875  0.0396778 -0.00870402  -0.0239165   0.0458166  0.00749132   0.0347141 -0.00132983   0.0109991 -0.00756535  0.00259569  0.407747 0.0626092 0.0212421 -0.0321018    0.18588   -9.80719 
             235.904  -0.69817   3.57541 -0.455375 -0.0203466 -0.0475897 -0.0426007 -0.0420702    1.09882  0.0395162  -0.008704 -0.0239167  0.0458168  0.00626363   0.0370335 -0.00487574   0.0109847 -0.00756923  0.00259159  0.407828  0.062753 0.0213288 -0.0321003   0.185867   -9.80719 
             236.004 -0.708517   3.57097 -0.455948 -0.0204225 -0.0484618 -0.0422482  -0.04206   1.09879 0.0390781 -0.00870409  -0.0239166   0.0458169  0.00698894   0.0335843 -0.00389177   0.0109893 -0.00756765  0.00258877    0.4079 0.0631225 0.0212861 -0.0320996   0.185873   -9.80719 
             236.104 -0.715191   3.56765 -0.457045 -0.0202914 -0.0491379 -0.0419079 -0.0420465    1.09877  0.0386876 -0.00870407  -0.0239166   0.0458166  0.00770615   0.0310767 -0.00174209   0.0109882 -0.00756634  0.00259008  0.407958 0.0634496 0.0212527 -0.0320989   0.185876   -9.80719 
             236.204 -0.72171  3.56431  -0.4587 -0.0202314 -0.0498076 -0.0415089 -0.0420314    1.09875  0.0383272 -0.00870401  -0.0239166   0.0458163  0.00717699   0.0299697 -0.00041744   0.0109882 -0.00756306   0.0025912  0.408022  0.063757 0.0212284 -0.032098  0.185879  -9.80719 
             236.304 -0.727432   3.56109 -0.459928 -0.0201368 -0.0501579 -0.0411778 -0.0420188    1.09875  0.0380035 -0.00870394  -0.0239166   0.0458159   0.00825017    0.0296584 -5.62562e-06  0.0109878 -0.0075605 0.00259016  0.408084 0.0640362  0.021216 -0.0320969    0.18588   -9.80719 
             236.404 -0.728328    3.5598 -0.459345 -0.0196782 -0.0501311 -0.0410731 -0.0420088    1.09875  0.0377236 -0.00870388  -0.0239167   0.0458156   0.0104398   0.0298888 0.000444604   0.0109856 -0.00756269  0.00258889  0.408127 0.0642746 0.0212168 -0.0320957   0.185879   -9.80719 
             236.504 -0.732362   3.55778 -0.460714 -0.0196232 -0.0504527 -0.0408723 -0.0419977    1.09876  0.0374325 -0.00870388  -0.0239167   0.0458154    0.0100372    0.0290931 -0.000464584   0.0109843 -0.00756071   0.0025918  0.408208 0.0645423 0.0212184 -0.0320945   0.185878   -9.80719 
             236.604 -0.732665   3.55716 -0.460046 -0.0192724 -0.0503409 -0.0410175 -0.0419888    1.09877  0.0371887 -0.0087039 -0.0239167  0.0458154   0.0119696   0.0290118 -0.00268955   0.0109799 -0.00756061  0.00259522  0.408269 0.0647692 0.0212291 -0.0320932   0.185876   -9.80719 
             236.704  -0.73244   3.55759 -0.460107 -0.0189965 -0.0502705  -0.041178 -0.0419753    1.09878  0.0369541 -0.00870393  -0.0239167   0.0458153   0.0121874   0.0292098 -0.00250544   0.0109788 -0.00756103  0.00259506  0.408348  0.065003 0.0212349 -0.0320923   0.185875   -9.80719 
             236.804 -0.732472   3.55803 -0.460214 -0.0189702 -0.0502834  -0.041345 -0.0419574    1.09877  0.0367323 -0.00870396  -0.0239167   0.0458153   0.0100448   0.0288821 -0.00388625    0.010979 -0.00755897   0.0025934  0.408438   0.06524 0.0212356 -0.0320917   0.185873   -9.80719 
             236.904 -0.732918   3.55845 -0.460119 -0.0190338 -0.0503445 -0.0415134 -0.0419355    1.09877  0.0365167 -0.00870399  -0.0239167   0.0458153   0.0106843   0.0287523 -0.00395612   0.0109775 -0.00755969   0.0025947   0.40853 0.0654751 0.0212302 -0.0320914   0.185872   -9.80719 
             237.007 -0.732763   3.55913 -0.460024 -0.0190313 -0.0502081 -0.0415251 -0.0419099    1.09875  0.0363049 -0.00870402  -0.0239167   0.0458153   0.0104804   0.0292852 -0.00192424    0.010976 -0.00755523  0.00259357   0.40862 0.0657066 0.0212193 -0.0320912   0.185872   -9.80719 
             237.104 -0.734308   3.55847 -0.460756 -0.0194212 -0.0507139  -0.041293 -0.0418823    1.09874  0.0360657 -0.00870406  -0.0239167   0.0458153  0.00949371   0.0283015 -0.00104164   0.0109809 -0.00755461  0.00259248   0.40873 0.0659715 0.0212053 -0.0320911   0.185871   -9.80719 
             237.204 -0.736753   3.55709 -0.460901 -0.0195729 -0.0507998 -0.0411586 -0.0418629    1.09873  0.0358425 -0.00870407  -0.0239167   0.0458153  0.00840844   0.0297423 -0.00147699   0.0109823 -0.00755132  0.00259145  0.408818 0.0662096 0.0211981 -0.0320906   0.185871   -9.80719 
             237.304 -0.734515   3.55761 -0.459458 -0.0195138 -0.0503662 -0.0411416 -0.0418484    1.09873  0.0356367 -0.00870411  -0.0239167   0.0458153    0.007977   0.0315274 0.000325711    0.010981 -0.00754968  0.00259201  0.408882 0.0664198 0.0211982 -0.0320898    0.18587   -9.80719 
             237.404 -0.734339   3.55738 -0.459467 -0.0198087 -0.0503433 -0.0409582 -0.0418335    1.09874  0.0353809 -0.00870414  -0.0239167   0.0458153   0.00646913    0.0320208 -0.000365996   0.0109805 -0.00754513  0.00259198  0.408969 0.0666761 0.0211973 -0.032089  0.185869  -9.80719 
             237.504 -0.730988   3.55813  -0.45758 -0.0198417 -0.0499847  -0.040959 -0.0418232    1.09875  0.0351315 -0.00870419  -0.0239167   0.0458154  0.00554227    0.032042 3.36424e-05   0.0109775 -0.00754305  0.00259162  0.409023 0.0669049 0.0212054 -0.0320878   0.185867   -9.80719 
             237.604 -0.731187   3.55786 -0.457607 -0.0202008 -0.0502044 -0.0408471 -0.0418133    1.09876  0.0348285 -0.00870423  -0.0239167   0.0458154  0.00440285   0.0310138 0.000620202  0.0109759 -0.0075427 0.00259009  0.409095  0.067175 0.0212113 -0.0320864   0.185866   -9.80719 
             237.704 -0.73153   3.5575 -0.45724 -0.0204072  -0.050284 -0.0407422 -0.0418056    1.09877  0.0345221 -0.00870425  -0.0239167   0.0458154   0.0043225   0.0316145 -0.00011028   0.0109745 -0.00754021  0.00259026   0.40915 0.0674336 0.0212206 -0.0320849   0.185865   -9.80719 
             237.804 -0.729287   3.55812 -0.455707 -0.0202421 -0.0499699 -0.0409189 -0.0417999    1.09879  0.0342371 -0.00870428  -0.0239167   0.0458154   0.00500601    0.0315735 -0.000675661     0.01097 -0.00754086  0.00258787  0.409178 0.0676615  0.021236 -0.0320832   0.185863   -9.80719 
             237.904 -0.730005   3.55822 -0.456072 -0.0204489 -0.0502508 -0.0409883 -0.0417905     1.0988  0.0339096 -0.0087043 -0.0239167  0.0458153  0.00513739   0.0298554 -0.00161441   0.0109666 -0.00753966  0.00258784  0.409233 0.0679303 0.0212432 -0.0320817   0.185861   -9.80719 
             238.004 -0.285278   3.73609 -0.440593   -0.01704  -0.043654 -0.0420023 -0.0418036    1.09883  0.0342286 -0.00870379  -0.0239174   0.0458099   0.0185676   0.0350488 -0.00334073   0.0107266 -0.00763577  0.00257559  0.409042  0.067625 0.0212772 -0.0320816   0.185858   -9.80719 
             238.104 -0.165021   3.73451 -0.453824 -0.00949739  -0.0443499  -0.0368904 -0.0418091    1.09857  0.0337247 -0.00870531  -0.0239108   0.0458166  0.0339028  0.0235859 0.00741279   0.0106525 -0.00763542  0.00258347  0.408727 0.0679461 0.0209094 -0.0320835   0.185902   -9.80719 
             238.205 -0.229458   3.65795 -0.463314 -0.00432723  -0.0437122   -0.034623 -0.0418037    1.09849  0.0335185 -0.00870487  -0.0239105   0.0458165 0.0405521 0.0196718 0.0101935  0.0106884 -0.0075938  0.0025871  0.408631 0.0680843 0.0208039 -0.032083  0.185912  -9.80719 
             238.304 -0.254323   3.63659 -0.460181 -0.00127793  -0.0435625  -0.0331969 -0.0417931    1.09847  0.0333777 -0.00870471  -0.0239107   0.0458158  0.0403453  0.0167953 0.00935284  0.0107026 -0.0075777 0.00258362  0.408713 0.0682233 0.0207774 -0.0320832   0.185913   -9.80719 
             238.404 -0.258326   3.62882 -0.464512 0.000122485  -0.0443563   -0.032572 -0.0417856    1.09849  0.0332388 -0.00870485  -0.0239103   0.0458146 0.0370042 0.0100671 0.0105028   0.0106981 -0.00756841  0.00258298  0.408904 0.0683938 0.0208154 -0.0320848    0.18591   -9.80719 
             238.504 -0.123919   3.71154 -0.458321 -0.00452705  -0.0428326  -0.0307474 -0.0417899    1.09843  0.0335178 -0.00870511  -0.0239102   0.0458135  0.0235249 0.00553212  0.0143182  0.0106221 -0.0076088  0.0025796  0.409512 0.0683484 0.0207937 -0.0320892   0.185908   -9.80719 
             238.616 -0.554328   3.54539 -0.458395 -0.0106454 -0.0472296 -0.0329246 -0.0418355    1.09861  0.0332431 -0.00870839  -0.0238999   0.0458057  0.00653319 0.000240471  0.00730978   0.0108565 -0.00751283  0.00257924  0.410047 0.0687414 0.0211031 -0.0320979   0.185909   -9.80719 
             238.704 -0.539537   3.60582 -0.477312 -0.0124147 -0.0524053  -0.035826 -0.0419142    1.09878  0.0328556 -0.0087083 -0.0238957  0.0457998  0.00400393    -0.00851 -0.00201119  0.0108397 -0.0075446 0.00258994  0.410177 0.0691182 0.0213731 -0.0321034   0.185915   -9.80719 
             238.804 -0.134514   3.75193 -0.484566 -0.00532415  -0.0482334  -0.0382592 -0.0419342    1.09883  0.0331176 -0.00870767  -0.0238969    0.045797   0.0258597 -0.00144064 -0.00977578   0.0106135 -0.00762846  0.00259542  0.409724 0.0687198 0.0214812 -0.0321047   0.185918   -9.80719 
             238.904 -0.0869784    3.77444  -0.480349 -0.00086699  -0.0456992  -0.0398302 -0.0419412    1.09884  0.0333051 -0.00870749  -0.0238971   0.0457949   0.0348536 0.000933846  -0.0131447   0.0105859 -0.00764374  0.00259396  0.409602 0.0685084 0.0215075 -0.0321044   0.185919   -9.80719 
             239.004  -0.07247   3.78302 -0.484361 0.00124918 -0.0449908  -0.040779 -0.0419418    1.09883  0.0334252 -0.00870755  -0.0238969   0.0457943   0.0375294 -0.00194237  -0.0133211   0.0105786 -0.00764898  0.00259618  0.409725 0.0684507 0.0214888 -0.0321041   0.185919   -9.80719 
             239.104 -0.0728826    3.78489  -0.485813 0.00232668 -0.0450246 -0.0410543 -0.0419274    1.09878  0.0335437 -0.00870754  -0.0238968   0.0457943  0.0361888 -0.0054879   -0.01189   0.0105776 -0.00764706  0.00259764  0.409951  0.068433 0.0214237 -0.0321037   0.185918   -9.80719 
             239.204 -0.0738643    3.78518  -0.487538 0.00270802 -0.0453824 -0.0409016 -0.0419081    1.09871  0.0336838 -0.00870739   -0.023897   0.0457946   0.0341778 -0.00926897 -0.00937616   0.0105776 -0.00764475  0.00259615  0.410229 0.0684168 0.0213471 -0.0321033   0.185915   -9.80719 
             239.304 -0.0757056     3.7841   -0.48893  0.0026251 -0.0459469 -0.0405975 -0.0418921    1.09865  0.0338459 -0.0087072 -0.0238973  0.0457953   0.0311338  -0.0124721 -0.00700655   0.0105804 -0.00764282  0.00259598  0.410521 0.0683865 0.0212768 -0.0321026   0.185913   -9.80719 
             239.404 -0.0785612    3.78235  -0.490332 0.00231805  -0.046519 -0.0402974 -0.0418838    1.09859  0.0340365 -0.00870703  -0.0238975   0.0457961   0.0279629  -0.0149223 -0.00611818  0.0105843  -0.007641 0.00259616  0.410804 0.0683315 0.0212207 -0.0321016   0.185911   -9.80719 
             239.504 -0.0965208    3.77527  -0.486745   0.002321 -0.0463658 -0.0400018 -0.0418824    1.09855  0.0342863 -0.00870682  -0.0238977   0.0457971   0.0261322  -0.0146331 -0.00485211    0.010593 -0.00763415  0.00259502  0.411037 0.0682067 0.0211672 -0.0320989    0.18591   -9.80719 
             239.604 -0.0957777    3.77461  -0.486584  0.0021622 -0.0463164 -0.0396824 -0.0418845    1.09851   0.034532 -0.00870669  -0.0238978   0.0457978   0.0240859  -0.0147515 -0.00316847   0.0105916 -0.00763225  0.00259404  0.411268 0.0680882 0.0211223 -0.0320966   0.185909   -9.80719 
             239.704 -0.0953175    3.77389    -0.4865 0.00190256 -0.0462399 -0.0393483 -0.0418918    1.09847  0.0347742 -0.00870663  -0.0238979   0.0457983   0.0236099  -0.0134507 -0.00172723    0.010589 -0.00763152  0.00259269   0.41149 0.0679713 0.0210894 -0.0320948    0.18591   -9.80719 
             239.804 -0.139957   3.75546 -0.484831 0.00151929  -0.046681 -0.0385564 -0.0418783    1.09843  0.0349612 -0.00870651  -0.0238981   0.0457989    0.0214972   -0.0139807 -0.000125686   0.0106102 -0.00762057  0.00258999   0.41172 0.0679035 0.0210297 -0.032092  0.185907  -9.80719 
             239.904 -0.0985061    3.76982  -0.486671 0.00146982 -0.0464821 -0.0386819 -0.0419075    1.09843  0.0351968 -0.00870654   -0.023898   0.0457988   0.0221232  -0.0144668 -0.00144351   0.0105822 -0.00762804  0.00258979  0.411897 0.0677713 0.0210427 -0.032092  0.185911  -9.80719 
             240.006 -0.0955999    3.77115  -0.486572 0.00146487 -0.0463494 -0.0388359 -0.0419317    1.09842   0.035421 -0.00870657   -0.023898   0.0457986   0.0215892  -0.0143111 -0.00184225    0.010577 -0.00762658  0.00258799  0.412074  0.067648 0.0210503 -0.0320917   0.185915   -9.80719 
             240.104 -0.0963028    3.77124  -0.487116 0.00113736 -0.0464432 -0.0389121 -0.0419501    1.09841  0.0356279 -0.0087066  -0.023898  0.0457984   0.0196559  -0.0156322 -0.00208039   0.0105753 -0.00762629  0.00259006  0.412264 0.0675432 0.0210498 -0.0320913   0.185917   -9.80719 
             240.204 -0.0960688    3.77165  -0.487301 0.000956444   -0.046543  -0.0389413 -0.0419662     1.0984  0.0358334 -0.00870662   -0.023898   0.0457983   0.0200863  -0.0152676 -0.00328761   0.0105757 -0.00762627  0.00259057  0.412439 0.0674352 0.0210461 -0.0320906    0.18592   -9.80719 
             240.304 -0.0964622    3.77167  -0.487523 0.000836682  -0.0465979  -0.0391241 -0.0419811    1.09839   0.036043 -0.00870664   -0.023898   0.0457982    0.019162  -0.0154173 -0.00308863   0.0105727 -0.00762667   0.0025905  0.412607 0.0673222 0.0210407 -0.0320897   0.185922   -9.80719 
             240.404 -0.0964329    3.77227  -0.487753 0.000710976  -0.0466744  -0.0390855 -0.0419947    1.09838  0.0362549 -0.00870665   -0.023898   0.0457981   0.0182072  -0.0153659 -0.00127643   0.0105706 -0.00762705  0.00258932  0.412772  0.067206 0.0210283 -0.0320887   0.185923   -9.80719 
             240.504 -0.0959911    3.77238  -0.487996 0.000617434  -0.0466291  -0.0388828 -0.0420076    1.09836  0.0364713 -0.00870666   -0.023898    0.045798    0.0190185   -0.0150696 -0.000793084   0.0105719 -0.00762359  0.00258762  0.412931 0.0670866 0.0210172 -0.0320875   0.185925   -9.80719 
             240.604 -0.0753581    3.77965  -0.486954 0.000835003  -0.0458619  -0.0390266 -0.0420322    1.09837  0.0367451 -0.00870665   -0.023898   0.0457977   0.0202704   -0.013556 0.000245886   0.0105582 -0.00762423  0.00258709  0.413069 0.0669141 0.0210306 -0.0320863   0.185929   -9.80719 
             240.704 -0.076838   3.77977 -0.484366 0.00145076 -0.0452119 -0.0392453 -0.0420505    1.09838  0.0369869 -0.00870661   -0.023898   0.0457976    0.022259  -0.0125098 -0.00245751  0.0105568 -0.0076206 0.00258914  0.413188 0.0667588  0.021042 -0.032085  0.185931  -9.80719 
             240.804 -0.074332   3.78095 -0.483577 0.00180848 -0.0447707 -0.0394239 -0.0420627    1.09838  0.0372071 -0.0087066  -0.023898  0.0457976   0.0224005  -0.0120357 -0.00292569   0.0105535 -0.00761967  0.00258768   0.41334 0.0666311 0.0210429 -0.0320835   0.185933   -9.80719 
             240.904 -0.0732534    3.78176   -0.48321 0.00195319 -0.0445593 -0.0395604 -0.0420731    1.09838  0.0374079 -0.00870659  -0.0238979   0.0457976  0.0225816 -0.0134508 -0.0031881   0.0105507 -0.00761784  0.00258653  0.413509  0.066522 0.0210381 -0.0320822   0.185935   -9.80719 
             241.004 -0.434487   3.65684 -0.420044 -0.00704999  -0.0429498  -0.0404192 -0.0421285    1.09839  0.0379332 -0.0087065 -0.0238935  0.0458073  -0.00270441 -0.000964095  -0.00741668   0.0107491 -0.00754896  0.00254894  0.414316 0.0663669 0.0211093 -0.0320865   0.185947   -9.80718 
             241.107 -0.294358   3.66142 -0.453945 -0.0116353 -0.0464894 -0.0470973 -0.0422996    1.09858  0.0377885 -0.00870763  -0.0238936   0.0458083 -0.00875115  -0.0119901  -0.0210594     0.01067 -0.00754846  0.00256468  0.414562 0.0666112 0.0215333 -0.0321106   0.185981   -9.80718 
             241.204 -0.470987   3.78325 -0.548631  -0.011974 -0.0543232 -0.0495689 -0.0422399     1.0986  0.0371842 -0.00870384  -0.0238933   0.0458038 -0.00356258  -0.0197474  -0.0212238   0.0107585 -0.00761662  0.00261654  0.414545 0.0671259 0.0215755 -0.0321164   0.185976   -9.80718 
             241.304 -0.363795   3.71333 -0.501707 -0.0151387 -0.0573818 -0.0480008 -0.0421496    1.09844  0.0372109 -0.00870392  -0.0238923   0.0458041 -0.00621544  -0.0239043  -0.0127639   0.0107026 -0.00757918  0.00259248  0.414801 0.0671932 0.0213398 -0.0321108   0.185964   -9.80718 
             241.405 -0.398817   3.70002 -0.509412 -0.0161265 -0.0604281 -0.0464142 -0.0420868    1.09832  0.0371537 -0.00870386  -0.0238915   0.0458043 -0.00391905  -0.0209177 -0.00639051   0.0107218 -0.00756863  0.00259693  0.414875 0.0672634 0.0211487 -0.0321053   0.185957   -9.80718 
             241.504 -0.439525   3.68432 -0.468059 -0.0123922 -0.0504113 -0.0435812  -0.04211    1.0982 0.0380979 -0.00870098  -0.0238917   0.0458019 0.00738227 0.00828772 0.00157676   0.0107415 -0.00755901  0.00257316  0.414631 0.0663794 0.0208899 -0.0320887    0.18596   -9.80718 
             241.704 -0.398219   3.73133  -0.47438 -0.00805758  -0.0443915  -0.0472522 -0.042162   1.09833 0.0383288 -0.00869999  -0.0238931    0.045801   0.0203688   0.0195907 -0.00902216   0.0107253 -0.00758539  0.00257461  0.414482 0.0661373 0.0210855 -0.0320918   0.185961   -9.80718 
             241.804  -0.40216   3.66252 -0.496061 -0.00820703  -0.0460674  -0.0468791 -0.0421407    1.09828  0.0380576 -0.00869985  -0.0238929   0.0458023  0.0186809  0.0136553 -0.0062468   0.0107224 -0.00754538  0.00258661   0.41464 0.0664031 0.0210194 -0.0320928   0.185961   -9.80718 
             241.904 -0.273771   3.71614 -0.434988 -0.00709407  -0.0389852  -0.0428213 -0.042151   1.09809 0.0385447 -0.00869952  -0.0238895   0.0457984  0.0208796  0.0273453 0.00209911   0.0106466 -0.00757128  0.00255294  0.414758 0.0660297 0.0207154 -0.0320835   0.185973   -9.80718 
             242.004 -0.456448    3.6614 -0.492258 -0.00980969  -0.0474489  -0.0491211 -0.0421274    1.09832  0.0377419 -0.00869728  -0.0238897   0.0457962  0.0134757 0.00252976 -0.0134313   0.0107489 -0.00753812  0.00258374  0.414989 0.0667748 0.0211639 -0.0321009   0.185956   -9.80718 
             242.104 -0.781233   3.52981 -0.449541 -0.00981869  -0.0484285   -0.041843 -0.0420959    1.09797  0.0376069 -0.00869203  -0.0239037   0.0457941 0.00922156  0.0130861 0.00292686   0.0109156 -0.00746388  0.00256041  0.415171 0.0669389 0.0205964 -0.0320906   0.185973   -9.80718 
             242.204 -0.545521   3.66619 -0.519242 -0.00541903  -0.0514667  -0.0387059 -0.0420342    1.09788  0.0372375  -0.008692 -0.0239019  0.0457958  0.0209894 0.00455267  0.0100993   0.0107917 -0.00753592  0.00259625  0.414997 0.0672178 0.0203987 -0.0320854   0.185975   -9.80718 
             242.304 -0.556376   3.67133 -0.536128 -0.00360531  -0.0533771  -0.0382188 -0.0420091     1.0979  0.0370387 -0.00869129  -0.0239022   0.0457963   0.023286 0.00323921 0.00842541   0.0108012 -0.00753746  0.00260302  0.415016 0.0673993 0.0204363 -0.0320866   0.185971   -9.80718 
             242.404 -0.570567   3.66512 -0.543028 -0.00250766  -0.0543548  -0.0380966 -0.0419968    1.09792  0.0369366 -0.00869104  -0.0239025   0.0457964  0.0213445 0.00853692 0.00519458   0.0108029 -0.00753562  0.00260496  0.415101 0.0675116 0.0204848 -0.0320885   0.185968   -9.80718 
             242.504 -0.582837   3.66006  -0.54667 -0.00205283  -0.0549257  -0.0380242 -0.0419902    1.09792  0.0368813 -0.00869103  -0.0239025   0.0457965  0.0205332  0.0040922 0.00315934   0.0108066 -0.00753348  0.00260701  0.415225 0.0675932 0.0205216 -0.0320908   0.185966   -9.80718 
             242.604 -0.672194   3.50777 -0.518292 0.00104406 -0.0557252 -0.0287029 -0.0419736    1.09756  0.0366708 -0.00868703  -0.0239039   0.0457958 0.0207449 0.0116587 0.0218851   0.0108795 -0.00744818  0.00259767  0.415223 0.0677868 0.0199502 -0.0320891   0.186003   -9.80718 
             242.704 -0.430264   3.55186 -0.563656 -0.0121268 -0.0579015  -0.029516 -0.0419958    1.09761  0.0367284 -0.00868737  -0.0239084   0.0458009 -0.0139802 0.00635041  0.0147003  0.0107404 -0.0074818 0.00261669  0.416245 0.0679956 0.0202198 -0.0321047   0.185997   -9.80718 
             242.804 -0.446959   3.59749 -0.484569 -0.0160768  -0.054852 -0.0246742 -0.0420291    1.09745  0.0369804 -0.00868745   -0.023906   0.0457991 -0.0165268 0.00824644  0.0201271   0.0107698 -0.00750784  0.00257495  0.416466  0.067862 0.0200045 -0.0321057   0.186019   -9.80718 
             242.904 -0.241899   3.70648 -0.490491 -0.0109354  -0.048546 -0.0311201 -0.0420304    1.09787  0.0373027 -0.00868167  -0.0239148   0.0457983 0.00389889  0.0235077 0.00102339   0.0106361 -0.00756536  0.00257574  0.415937 0.0674339 0.0205161 -0.0320878   0.185974   -9.80718 
             243.004 -0.223239   3.73218 -0.495543 -0.0074552 -0.0467218 -0.0358664 -0.0420184     1.0981   0.037238 -0.00867967   -0.023917   0.0457997  0.0150813  0.0159888 -0.0100982   0.0106265 -0.00757439   0.0025782  0.415688 0.0674043 0.0208165 -0.0320813    0.18595   -9.80718 
             243.104 -0.322626   3.63542 -0.518293 -0.00308462  -0.0470076   -0.038486 -0.0419946    1.09819  0.0369844 -0.00867988  -0.0239161   0.0457983  0.0246392  0.0126318 -0.0119159   0.0106869 -0.00751747  0.00259045  0.415477 0.0675482 0.0209229 -0.0320804    0.18594   -9.80719 
             243.204 -0.55133  3.61729 -0.47552 -0.00959397  -0.0531653  -0.0392815 -0.0419785    1.09812  0.0365992 -0.00868079  -0.0239146   0.0457888 0.00429144 0.00251024 -0.0120948   0.0108046 -0.00750589  0.00256499  0.416115 0.0681023 0.0209358 -0.0320947   0.185945   -9.80718 
             243.304 -0.443442    3.6833 -0.483323 -0.0202959 -0.0559679 -0.0440557 -0.0420518    1.09823  0.0367208 -0.0086805 -0.0239126   0.045786  -0.0154694 -0.00744308    -0.02228   0.0107524 -0.00753959  0.00257051  0.416868 0.0683212  0.021209 -0.0321037    0.18595   -9.80718 
             243.404  -0.24236   3.64504 -0.453847 -0.0223256 -0.0543795 -0.0419172 -0.0420044    1.09805  0.0369277 -0.0086798 -0.0239109  0.0457847 -0.0154921 0.00110495  -0.014195   0.0106376 -0.00751547  0.00255172  0.416949 0.0681767 0.0209291 -0.0321021   0.185955   -9.80718 
             243.504 -0.679672   3.53861 -0.425145 -0.0166406 -0.0483952 -0.0393741 -0.0419736    1.09792  0.0371524 -0.00867719  -0.0239167   0.0457917 -0.00011318   0.0215462 -0.00669637   0.010808  -0.007472 0.00253718  0.416508 0.0677905 0.0206471 -0.0320937   0.185957   -9.80718 
             243.604 -0.627586   3.56951  -0.40078 -0.00652835  -0.0426559  -0.0269376 -0.0418386    1.09749   0.037147 -0.00867429  -0.0239251   0.0457927 0.0212908  0.034017 0.0188563   0.0107923 -0.00749382  0.00252764   0.41599 0.0675689 0.0198463 -0.0320842   0.185965   -9.80718 
             243.704 -0.338629    3.4248 -0.496226 -0.00142094  -0.0500225   -0.011713 -0.0416131    1.09704  0.0362995 -0.00866443  -0.0239221   0.0458036 0.0235918 0.0085547 0.0434715   0.0106128 -0.00742056  0.00257764  0.415903  0.068278 0.0191163 -0.0320833   0.185969   -9.80718 
             243.804  0.264925   3.50015 -0.523142  0.00173578  -0.0483668 -0.00938377 -0.0416515    1.09711   0.036426 -0.00866516  -0.0239249   0.0457981   0.0269122 -0.00437498   0.0394282   0.0103478 -0.00745229  0.00259123  0.415847 0.0681435 0.0192166 -0.0320825   0.185968   -9.80718 
             243.904  0.340862   3.53586 -0.512479  0.00334581   -0.047028 -0.00545697 -0.041671   1.09711 0.0366064 -0.00866547  -0.0239249    0.045794  0.0248593 -0.0112195  0.0394197   0.0103097 -0.00747301  0.00258728   0.41591 0.0679967 0.0192198 -0.0320833    0.18597   -9.80718 
             244.004 -0.472761   3.24933 -0.458398 -0.00566966  -0.0488335  0.00171272 -0.0416522    1.09698  0.0366833 -0.00866432  -0.0239295    0.045793 -0.00407112 -0.00741625   0.0440158   0.0106936 -0.00733425  0.00256088  0.416596 0.0681143 0.0190835 -0.0320923   0.185968   -9.80718 
             244.104 0.325045  3.47566 -0.49907  0.00420823  -0.0430227 -0.00923272 -0.041877    1.0975 0.0369912 -0.0086624 -0.0239352  0.0457924   0.0231615 -0.00527924   0.0149887    0.010301 -0.00744628  0.00257933  0.415913 0.0676185 0.0197859 -0.032065  0.185987  -9.80718 
             244.204  0.335339   3.51925 -0.496191  0.0116399 -0.0399926 -0.0170409 -0.0420227    1.09782  0.0371146 -0.00866069  -0.0239366   0.0457948    0.035986  -0.0032067 0.000466445   0.0102861 -0.00746493  0.00257727  0.415572 0.0673852 0.0202034 -0.0320451   0.186004   -9.80718 
             244.304 -0.228291    3.5948 -0.522459  0.0097654 -0.0459545 -0.0160917 -0.0419983    1.09776   0.036837 -0.00866056   -0.023939   0.0457772   0.026163   -0.01581 0.00107803   0.0106048 -0.00750961  0.00259209  0.415903 0.0677576 0.0201746 -0.0320548   0.185999   -9.80718 
             244.404 -0.468677   3.51292 -0.499986 0.00458028 -0.0512996 -0.0309403 -0.0422477     1.0982  0.0366351 -0.00865941  -0.0239254   0.0457671  0.0106064 -0.0181953 -0.0234108   0.0107328 -0.00746928  0.00258118  0.416302 0.0680745 0.0208571 -0.0320336   0.186047   -9.80718 
             244.506 -0.0212015    3.73103  -0.535649 0.000106534  -0.0461384  -0.0348014 -0.0423577    1.09825   0.037294 -0.00865888  -0.0239262   0.0457617 0.00707793 -0.0117993 -0.0257762   0.0104871 -0.00758689  0.00259804  0.416649 0.0676053 0.0209512 -0.0320259   0.186064   -9.80718 
             244.604 -0.395709   3.64191 -0.447905 -0.0052523 -0.0461114 -0.0343508 -0.0423264    1.09814  0.0375036 -0.00865892  -0.0239262   0.0457622 -0.00273121 -0.00703593  -0.0210778   0.0106954 -0.00753927  0.00255156  0.417025 0.0675603 0.0208361 -0.0320338   0.186058   -9.80718 
             244.804 -0.204864   3.69962 -0.459706 -0.0161887 -0.0507671 -0.0321151 -0.0422429    1.09795  0.0376451 -0.00865987  -0.0239249    0.045763 -0.0148247 -0.0183393  -0.014954   0.0105853 -0.00756991  0.00255934    0.4176 0.0676687  0.020624 -0.0320494   0.186045   -9.80718 
             244.904  0.059652   3.84896 -0.458642  -0.014111 -0.0500324 -0.0222587 -0.042032   1.09764 0.0378647 -0.00866183  -0.0239228   0.0457601 -0.00123535  -0.0236903 0.000860838    0.010438 -0.00765202  0.00255668  0.417499 0.0674098 0.0201292 -0.0320594   0.186004   -9.80718 
             245.004 0.0517983   3.88695 -0.442132 -0.0156492 -0.0469815 -0.0157363 -0.0419431    1.09747  0.0382877 -0.00866249  -0.0239218   0.0457569 0.00255396 -0.0189908 0.00847362   0.0104466 -0.00767469  0.00254721  0.417626 0.0670637  0.019854 -0.0320623   0.185985   -9.80718 
             245.104 -0.0878019    3.58651  -0.479941 -0.0140805 -0.0558424 -0.0160188 -0.0419262     1.0975  0.0377929 -0.00866245  -0.0239216   0.0457557 0.00422435 -0.0336851 0.00698668   0.0105213 -0.00750496   0.0025677  0.417535 0.0674695  0.019916 -0.0320648   0.185986   -9.80718 
             245.204 -0.479402   3.50223 -0.443339 -0.00851607  -0.0462288  -0.0137219 -0.0419341    1.09747  0.0384549 -0.00866101  -0.0239227   0.0457693    0.0140708 -0.000991742    0.0101268   0.0107455 -0.00745829   0.0025456  0.417227 0.0667345 0.0198039 -0.0320582   0.185983   -9.80718 
             245.304 -0.110723   3.53102 -0.467798 -0.00477424  -0.0464044  -0.0115502 -0.0419135    1.09745  0.0384467 -0.00866074  -0.0239227   0.0457686   0.0183981 -0.00614958   0.0113934   0.0105507 -0.00747564  0.00255956  0.417096  0.066694 0.0197498 -0.032057  0.185979  -9.80718 
             245.404 -0.148257   3.40829 -0.490707  -0.0015468  -0.0494429 -0.00827911 -0.0418627     1.0974   0.038269 -0.00865991  -0.0239224   0.0457684  0.0197238 -0.0124801  0.0142724   0.0105713 -0.00740947   0.0025729  0.417019 0.0668315 0.0196551 -0.0320564   0.185971   -9.80718 
             245.504 -0.180569   3.38035 -0.506319  0.00057411  -0.0517729 -0.00616896 -0.0418457    1.09738  0.0381974 -0.00865963  -0.0239224   0.0457683  0.0167973 -0.0151603  0.0149146   0.0105886 -0.00739326   0.0025815  0.417006 0.0668935 0.0196219 -0.0320563   0.185968   -9.80718 
             245.604 -0.119196   3.57439 -0.472768 -0.00502834  -0.0470525    -0.02324 -0.0421961    1.09786  0.0387012 -0.00865793  -0.0239239   0.0457636   0.0082244 -0.00446592   -0.010693    0.010559 -0.00749499  0.00256441  0.417351 0.0665433 0.0204683 -0.0320573   0.186027   -9.80718 
             245.704  0.132742   3.76417 -0.477068 -0.00874886  -0.0428094  -0.0248432 -0.0422384    1.09788  0.0391326 -0.00865755  -0.0239241   0.0457546  0.00514916  -0.0039573 -0.00918518    0.010425 -0.00759739  0.00257031   0.41764 0.0662258 0.0205127 -0.0320573   0.186033   -9.80718 
             245.804 0.198056  3.80758 -0.46475  -0.012565 -0.0414925 -0.0281037 -0.0422939    1.09796  0.0393379 -0.0086567 -0.0239247  0.0457501  0.00161816 -0.00794364  -0.0126133   0.0103927 -0.00761886   0.0025632  0.417904 0.0661023 0.0206408 -0.032056  0.186042  -9.80718 
             246.004  0.172833   3.68252 -0.436159 -0.0133828 -0.0432233 -0.0286145 -0.042262   1.09791 0.0394399 -0.00865667  -0.0239241     0.04575 0.00374989 -0.0215014 -0.0128643   0.0104099 -0.00754874  0.00254802  0.417982 0.0660314 0.0205513 -0.0320566   0.186036   -9.80718 
             246.104 -0.164998   3.63051 -0.457453 -0.0178808 -0.0469389 -0.0350757 -0.0423606    1.09807  0.0393121 -0.00865681  -0.0239231   0.0457484 -0.00347776  -0.0227034  -0.0218673  0.0105905 -0.0075185 0.00256284  0.418223 0.0661992 0.0207966 -0.0320552   0.186056   -9.80718 
             246.204 -0.520962   3.34974 -0.457567 -0.0143525 -0.0502342 -0.0269361 -0.0421805    1.09777  0.0391843 -0.00865355  -0.0239286    0.045744 -0.00161292  -0.0184253 -0.00897223   0.0107963 -0.00736111  0.00256487   0.41805 0.0662559 0.0203275 -0.0320595   0.186014   -9.80718 
             246.304 -0.688346   3.53806 -0.449689 -0.0148139 -0.0507595 -0.0373396 -0.0423424    1.09803  0.0392056 -0.00865348  -0.0239237   0.0457446 0.000272276 -0.00802035  -0.0256854    0.010889 -0.00746339  0.00256201  0.418019   0.06625 0.0207395 -0.0320566   0.186052   -9.80718 
             246.404 -0.409106   3.50947 -0.465573 -0.0159669 -0.0485393 -0.0353616 -0.0422842    1.09789  0.0394609 -0.00865355  -0.0239241   0.0457437 -0.00312206 -0.00293705  -0.0199155   0.0107388 -0.00744539   0.0025701   0.41811 0.0660416  0.020534 -0.0320588   0.186036   -9.80718 
             246.504 -0.458862   3.46466 -0.489402 -0.0108993 -0.0501417 -0.0340937 -0.0422121    1.09782  0.0392661 -0.00865326  -0.0239236   0.0457439  0.00585148 -0.00223116  -0.0156808   0.0107675 -0.00742219   0.0025819  0.417815 0.0661074 0.0203645 -0.032057  0.186024  -9.80718 
             246.604 -0.357056   3.47189 -0.472311 -0.0179346 -0.0521682 -0.0241596 -0.0420318    1.09743  0.0393675 -0.00865342  -0.0239217   0.0457453  -0.0129756 -0.00773461  0.00255518   0.0107115 -0.00742696  0.00257417   0.41832 0.0661854 0.0198842 -0.032073  0.185991  -9.80718 
             246.704 -0.715769   3.52634 -0.449198 -0.0178882  -0.050074 -0.0267398 -0.0420867    1.09752  0.0394662 -0.00865302  -0.0239214   0.0457469  -0.00960991   0.00816374 -0.000402187   0.0109074 -0.00745605  0.00256278  0.418227 0.0660658 0.0200006 -0.0320692   0.185999   -9.80718 
             247.004 -0.307994   3.61797 -0.465401 -0.0224049 -0.0508891 -0.0207854 -0.0420189    1.09736  0.0394158 -0.00865378  -0.0239198   0.0457487 -0.00732982  0.00219671  0.00525484   0.0106692 -0.00751122  0.00257029  0.418365 0.0661529 0.0197868 -0.0320768   0.185991   -9.80718 
             247.104 -0.0564965    3.84311  -0.404758 -0.0156827 -0.0355503 -0.0420754 -0.0422441    1.09796   0.040251 -0.00864849  -0.0239269   0.0457398  0.0177697  0.0241795 -0.0244023  0.0105266 -0.0076317 0.00253734  0.417983 0.0653327 0.0206325 -0.0320479      0.186   -9.80718 
             247.204 -0.0117091    3.90108   -0.37649 -0.0124118  -0.027691 -0.0441582 -0.0422624    1.09794  0.0405734 -0.00864809  -0.0239267   0.0457378  0.0271937  0.0307491 -0.0264922   0.0104995 -0.00766233   0.0025218  0.417931 0.0650544 0.0206038 -0.0320494   0.186002   -9.80718 
             247.307 -0.00188993     3.91007   -0.367595 -0.00875946  -0.0250264  -0.0448111 -0.0422488    1.09788  0.0405622 -0.00864829  -0.0239264   0.0457378  0.0357228  0.0239848 -0.0227045   0.0104932 -0.00766485  0.00251395  0.417919  0.065064 0.0205137 -0.0320514   0.186002   -9.80718 
             247.404 -0.167623   3.73083 -0.336904 -0.00358433  -0.0282446  -0.0414269 -0.0421844    1.09773  0.0402251 -0.0086472 -0.0239275  0.0457326  0.0400688  0.0109246 -0.0135491   0.0106004 -0.00756213  0.00249457  0.417884  0.065351 0.0202551 -0.0320513      0.186   -9.80718 
             247.504 -0.182343   3.71539 -0.354069 -0.00128541  -0.0312055  -0.0403561 -0.0421424    1.09767  0.0400177 -0.0086463 -0.0239281  0.0457306   0.0388628 -0.00136035 -0.00857426  0.0106089 -0.0075555 0.00250348  0.418007 0.0655627 0.0201523 -0.0320484   0.185994   -9.80718 
             247.704 -0.258881   3.60675 -0.374212 -0.0114032  -0.039025 -0.0346842 -0.0420144    1.09754  0.0398371 -0.00864294   -0.023932   0.0457354  0.00815279  -0.0173748 0.000523758   0.0106564 -0.00750611  0.00251331  0.418853 0.0659255 0.0198829 -0.0320382   0.185967   -9.80718 
             247.805 -0.351264   3.67196 -0.416667 -0.0160208 -0.0416593 -0.0309569 -0.0419504    1.09746  0.0398568 -0.0086425 -0.0239338  0.0457355 0.000587449  -0.0176637  0.00745487   0.0107053 -0.00754447  0.00253561  0.419178 0.0660011   0.01972 -0.0320325   0.185953   -9.80718 
             247.904 -0.163579   3.62378 -0.441784 -0.0125543 -0.0443334 -0.0366605 -0.0420448    1.09762  0.0397716 -0.00864316   -0.023934   0.0457351   0.0101129  -0.0228487 -0.00441042   0.0106005 -0.00751819  0.00254898  0.418958 0.0660225 0.0200208 -0.0320377   0.185968   -9.80718 
             248.005 -0.171462   3.63185 -0.453835 -0.0123146 -0.0460122 -0.0399562 -0.042082    1.0977 0.0398234 -0.00864337  -0.0239341   0.0457351  0.0127631 -0.0233847 -0.0102557   0.0106079 -0.00752337  0.00255398  0.418986 0.0659859 0.0201612 -0.032041  0.185972  -9.80718 
             248.104 -0.326171   3.59098 -0.425853 -0.0149457 -0.0504269 -0.0386537 -0.0420364    1.09765  0.0397542 -0.00864359  -0.0239345   0.0457341  0.00546932   -0.025272 -0.00659064   0.0106968 -0.00749981  0.00253668  0.419238  0.066136 0.0200566 -0.0320374   0.185962   -9.80718 
             248.204 -0.0649899    3.88801  -0.461804 -0.0134368 -0.0474119 -0.0493274 -0.0422098     1.0979  0.0401267 -0.00863853  -0.0239373   0.0457318  0.0175403 -0.0202164 -0.0228971   0.0105572 -0.00767307  0.00255709  0.419113 0.0657348 0.0205787 -0.0320508   0.185984   -9.80718 
             248.304 -0.191364   3.70415  -0.50421 -0.00644484  -0.0500768  -0.0415144 -0.0420571    1.09761  0.0399875 -0.00863827  -0.0239374   0.0457319   0.0286615  -0.0222379 -0.00480887   0.0106313 -0.00756806   0.0025804    0.4189 0.0657905 0.0200151 -0.0320418   0.185968   -9.80718 
             248.404  -0.18532   3.70394 -0.465204 -0.00888944  -0.0496591  -0.0397004 -0.042027   1.09754 0.0402816 -0.00863789   -0.023937    0.045732     0.021242   -0.0196497 -0.000701434   0.0106274 -0.00756473  0.00255783  0.419242 0.0656186 0.0199059 -0.0320429   0.185961   -9.80718 
             248.504 -0.152433   3.70988 -0.485115 -0.00454465   -0.049231   -0.036755 -0.0419801    1.09745  0.0404136 -0.00863772  -0.0239369   0.0457317  0.0283622 -0.0175365 0.00577118   0.0106129 -0.00757016  0.00256956  0.419141 0.0654461 0.0197298 -0.03204 0.185955 -9.80718 
             248.604 -0.151823   3.68375 -0.491548 -0.00164274  -0.0488617   -0.033847 -0.0419411    1.09739  0.0405666 -0.00863745  -0.0239369   0.0457317  0.0301736 -0.0149927 0.00890156   0.0106127 -0.00755596  0.00257083  0.419162 0.0652988 0.0195966 -0.0320374   0.185949   -9.80718 
             248.706 -0.188751   3.65089 -0.492295 -0.00191446  -0.0484546  -0.0312189 -0.0419172    1.09735  0.0407776 -0.00863714  -0.0239369   0.0457324  0.0249038 -0.0130639 0.00932006  0.0106309 -0.0075349 0.00256948  0.419383 0.0651722 0.0195128 -0.0320354   0.185945   -9.80719 
             248.804 -0.126565   3.65641  -0.50088 -0.0033314 -0.0499011 -0.0299067 -0.0419195    1.09735  0.0408723 -0.00863712  -0.0239367   0.0457327  0.0197745 -0.0164126 0.00950005   0.0105974 -0.00753519  0.00257446  0.419634 0.0651727 0.0195058 -0.0320354   0.185945   -9.80719 
             248.904 -0.170927   3.63392 -0.491462 -0.00312859  -0.0488068  -0.0289789 -0.0419296    1.09735  0.0411002 -0.00863691  -0.0239366   0.0457331  0.0177941 -0.0109928 0.00827732   0.0106239 -0.00751865  0.00256844 0.419748 0.064992 0.019505 -0.0320339   0.185946   -9.80719 
             249.004 -0.160349   3.63603 -0.497873 -0.00116055  -0.0489568   -0.028406 -0.0419393    1.09736  0.0411738 -0.00863687  -0.0239366   0.0457332   0.021106 -0.0117598 0.00786822   0.0106226 -0.00752245  0.00256928  0.419743 0.0649194 0.0195182 -0.0320332   0.185948   -9.80719 
             249.107 -0.161026   3.62745 -0.500372 -0.00168563  -0.0494175  -0.0280505 -0.0419589    1.09736   0.041286 -0.00863688  -0.0239365   0.0457332  0.0183553  -0.013162 0.00682256   0.0106232 -0.00751564  0.00257219  0.419915 0.0648648 0.0195475 -0.032034  0.185951  -9.80718 
             249.204 -0.167313   3.62834  -0.49693 -0.00113286  -0.0485391  -0.0283347 -0.0419905    1.09739  0.0414585 -0.00863681  -0.0239365   0.0457333   0.017848  -0.010163 0.00333673   0.0106282 -0.00751263  0.00256941  0.419992 0.0647189 0.0195928 -0.032033  0.185956  -9.80718 
             249.304 -0.164516   3.62981  -0.49576 -0.000901647   -0.0479464   -0.0285928 -0.0420185     1.0974  0.0416006 -0.00863676  -0.0239364   0.0457332   0.0158695 -0.00899373  0.00398663   0.0106289 -0.00751226  0.00256973  0.420089  0.064607 0.0196323 -0.0320325    0.18596   -9.80718 
             249.404 -0.135898   3.63656 -0.501929 -0.00350505  -0.0491624  -0.0287089 -0.0420392     1.0974  0.0416684 -0.00863674  -0.0239364   0.0457329 0.00867023 -0.0139949 0.00156643  0.0106091 -0.0075148 0.00257336  0.420355 0.0646243  0.019671 -0.0320351   0.185965   -9.80718 
             249.506 -0.165909   3.62794 -0.489749 -0.00435494  -0.0482627  -0.0290175 -0.0420647    1.09741  0.0418543 -0.00863664  -0.0239363    0.045733   0.00601573   -0.0104552 -0.000614776   0.0106299 -0.00750838  0.00256599   0.42046  0.064473 0.0196954 -0.0320337   0.185968   -9.80718 
             249.604 -0.114899   3.64654 -0.494851 -0.00606673  -0.0485793  -0.0297311 -0.0420884    1.09743  0.0419521 -0.0086366 -0.0239363  0.0457327  0.00395064  -0.0103026 -0.00124814   0.0105994 -0.00751714  0.00256784  0.420611 0.0644261  0.019737 -0.0320342   0.185973   -9.80718 
             249.704 -0.102764   3.65664 -0.489059 -0.00598817  -0.0478123  -0.0305208 -0.0421135    1.09745  0.0420985 -0.00863652  -0.0239363   0.0457325   0.0060698 -0.00930161   -0.001743   0.0105963 -0.00752061  0.00256156  0.420635  0.064296 0.0197706 -0.0320325   0.185976   -9.80718 
             249.804 -0.110696   3.65992 -0.488063 -0.00618373  -0.0474869  -0.0310016 -0.0421292    1.09746  0.0422107 -0.00863649  -0.0239363   0.0457324  0.00804019 -0.00998725 -0.00237647   0.0106036 -0.00752272  0.00256025  0.420695 0.0642063  0.019788 -0.0320316   0.185979   -9.80718 
             249.904 -0.147972   3.64907 -0.481121 -0.00579436  -0.0469397  -0.0309176 -0.0421323    1.09745  0.0423293 -0.00863646  -0.0239363   0.0457327    0.009659 -0.00785365 -0.00329726   0.0106263 -0.00751571  0.00255678  0.420732 0.0641022 0.0197704 -0.0320305   0.185979   -9.80718 
             250.104 -0.470428   3.54192 -0.449191  -0.017365  -0.053568 -0.0237088 -0.0420525    1.09724  0.0421496 -0.00863597  -0.0239391   0.0457295  -0.0154303 -0.00917305  0.00704799   0.0108048 -0.00745369  0.00253959  0.421471  0.064464 0.0194627 -0.0320393   0.185966   -9.80718 
             250.204 -0.291748   3.71796 -0.442892  -0.010074 -0.0465462 -0.0283622 -0.0421359    1.09741  0.0425385 -0.00863414  -0.0239407   0.0457312  0.00823798  0.00561709 -0.00409503  0.0107129 -0.0075551 0.00253371  0.420936 0.0639344 0.0197195 -0.0320308   0.185977   -9.80718 
             250.304   -0.1818   3.71899 -0.417472 -0.00986708  -0.0430675  -0.0321764 -0.0421915    1.09752  0.0427424 -0.00863337  -0.0239425   0.0457295  0.0114425 0.00892239 -0.0127156   0.0106562 -0.00755592  0.00252136  0.420958 0.0637387 0.0199195 -0.032028  0.185985  -9.80718 
             250.404 -0.556441   3.56358 -0.427794 -0.0221792 -0.0519786 -0.0356339 -0.0421529    1.09759  0.0422362 -0.00863469  -0.0239397    0.045726  -0.0176193 -0.00550011  -0.0175026   0.0108539 -0.00746982  0.00252657  0.421751 0.0643961 0.0201334 -0.0320331    0.18598   -9.80718 
             250.504 -0.567913   3.57246 -0.442325 -0.0296542 -0.0573175 -0.0376793 -0.0421134    1.09758  0.0419882 -0.00863436  -0.0239398   0.0457253 -0.0302939 -0.0126668 -0.0178272   0.0108583 -0.00747315  0.00253638  0.422122 0.0647292 0.0201812 -0.0320351   0.185975   -9.80718 
             250.604 -0.190338   3.74409   -0.4587 -0.0262093  -0.051358 -0.0346124 -0.0421506    1.09742  0.0424117 -0.00863881  -0.0239311   0.0457151  -0.0114365  0.00131331 -0.00634883   0.0106504 -0.00757157  0.00254096  0.421769 0.0642113 0.0198265 -0.0320372   0.185987   -9.80718 
             250.704 -0.28535  3.65123 -0.39013 -0.0225867 -0.0460189 -0.0308772 -0.0421728    1.09725  0.0426997 -0.00863743  -0.0239297   0.0457115 0.00168131  0.0140058 0.00133695   0.0107106 -0.00751868  0.00250207  0.421498 0.0638611  0.019505 -0.0320406      0.186   -9.80718 
             250.804 -0.156488    3.6807 -0.394362 -0.0258859 -0.0419573 -0.0333487 -0.0421957    1.09733   0.042935 -0.00863701  -0.0239316    0.045709 -0.00194809   0.0173265 -0.00582626   0.0106406 -0.00753797  0.00250487  0.421712 0.0636679 0.0196891 -0.0320434   0.185995   -9.80718 
             250.904 -0.149421   3.78965 -0.342798 -0.0393757 -0.0411199 -0.0340932 -0.04216  1.09732 0.043055 -0.00863725  -0.0239288   0.0457026  -0.0268806    0.011308 -0.00553942   0.0106374 -0.00758944  0.00247707   0.42266 0.0637594 0.0197573 -0.0320478    0.18598   -9.80718 
             251.004 0.0600465   3.79938 -0.465655 -0.0236736 -0.0466281 -0.0363424 -0.0421736    1.09742  0.0424102 -0.00863515  -0.0239208    0.045711   0.0199308 -0.00807978   -0.009147   0.0105159 -0.00759994  0.00254418  0.421392 0.0641458 0.0198034 -0.0320359   0.185997   -9.80718 
             251.104 -0.263455   3.67775 -0.460479 -0.0239094 -0.0509909 -0.0349519 -0.0421327    1.09736  0.0421851 -0.00863309  -0.0239238   0.0457071   0.0167915  -0.0143108 -0.00459164   0.0106968 -0.00753424   0.0025423  0.421587 0.0644336   0.01966 -0.0320303   0.185991   -9.80718 
             251.204 -0.326955    3.6217 -0.474565 -0.0216093 -0.0538322 -0.0328187 -0.0420997    1.09729  0.0420815 -0.00863142  -0.0239265   0.0457052    0.0199171   -0.0165452 -0.000164379   0.0107285 -0.00750169   0.0025495  0.421578 0.0645401  0.019485 -0.032025  0.185987  -9.80718 
             251.304 -0.377455   3.59407 -0.486579 -0.0205516 -0.0551903   -0.02982 -0.0420578    1.09721  0.0421122 -0.00863021   -0.023929   0.0457057  0.0183658 -0.0138856 0.00591456   0.0107625 -0.00748646  0.00255488  0.421679 0.0645293  0.019286 -0.0320206    0.18598   -9.80718 
             251.404 -0.390974   3.56941 -0.495699 -0.0197567 -0.0559915 -0.0269461 -0.0420259    1.09714  0.0421656 -0.00862959  -0.0239301   0.0457062   0.0179827 -0.00980174  0.00904398   0.0107709 -0.00746904  0.00255893 0.421784 0.064497 0.019133 -0.0320178   0.185974   -9.80718 
             251.504 -0.399406   3.55745 -0.498555 -0.0192627 -0.0559792 -0.0252224 -0.0420186    1.09711    0.04224 -0.0086295 -0.0239301  0.0457064   0.0159357 -0.00399425  0.00968028   0.0107773 -0.00746617  0.00256371  0.421887 0.0644424 0.0190799 -0.0320176   0.185973   -9.80718 
             251.604 -0.232827   3.71541 -0.505417 -0.00656636  -0.0526723  -0.0295193 -0.0420851    1.09729  0.0423053 -0.00862599  -0.0239342   0.0457112   0.0460067  0.00356993 -0.00170037  0.0106822 -0.0075575 0.00256825  0.421059 0.0641249 0.0193792 -0.0320141    0.18598   -9.80718 
             251.704 -0.272734    3.6695  -0.51882 -0.00594623   -0.049806  -0.0326851 -0.0421327    1.09737  0.0424988 -0.00862525   -0.023935   0.0457094   0.0403739   0.0105612 -0.00834588  0.0107064 -0.0075329 0.00257498  0.421323 0.0639534 0.0195993 -0.032017  0.185983  -9.80718 
             251.804 -0.312993   3.64909  -0.44156  -0.012949 -0.0473083  -0.036612 -0.0421733    1.09742  0.0426798 -0.00862495  -0.0239305   0.0457087 0.0180804 0.0137234 -0.014192   0.0107326 -0.00752067  0.00253125  0.422103 0.0638826 0.0198497 -0.0320241   0.185989   -9.80718 
             251.904 -0.118855   3.81787  -0.42482 -0.0179599 -0.0439163  -0.040132 -0.0422152    1.09746  0.0428742 -0.00862242  -0.0239306    0.045702 0.00895256  0.0138332 -0.0185141   0.0106183 -0.00761681  0.00252417  0.422598 0.0637258 0.0200264 -0.0320276   0.185994   -9.80718 
             252.004 -0.158488   3.80076 -0.414967  -0.020055 -0.0408273 -0.0415827 -0.0422288    1.09744  0.0430062 -0.00862215    -0.02393   0.0457008 0.00632455  0.0162213 -0.0181444   0.0106453 -0.00760786  0.00252002  0.422825 0.0636082 0.0200127 -0.0320279   0.185996   -9.80718 
             252.104 -0.145016   3.81064 -0.403806 -0.0214624 -0.0393738 -0.0423589 -0.0422262    1.09742  0.0430184 -0.00862227  -0.0239295   0.0457005  0.0070435  0.0130108 -0.0140025   0.0106402 -0.00760954  0.00251646  0.422993 0.0636195 0.0199581 -0.0320277   0.185997   -9.80718 
             252.204 -0.354949   3.63455 -0.323273 -0.0298915 -0.0377366 -0.0344627 -0.0421642    1.09716  0.0430868 -0.00861553  -0.0239356   0.0457079 -0.0122635  0.0157508 0.00501812   0.0107645 -0.00750312  0.00247106  0.423694 0.0636426 0.0193786 -0.0320174   0.185988   -9.80718 
             252.304 -0.214499   3.68959 -0.440296 -0.0252213 -0.0415393 -0.0319096 -0.042149    1.0971 0.0426901 -0.00861321  -0.0239334   0.0457064 0.00301163 0.00339565   0.010345   0.0106828 -0.00753662   0.0025364  0.423339 0.0640048 0.0192261 -0.0320122   0.185987   -9.80718 
             252.404 -0.186703   3.69841 -0.463324 -0.0206022 -0.0452697 -0.0303003 -0.0421515    1.09708  0.0423964 -0.00861176  -0.0239318   0.0457064   0.0153585 -0.00761697   0.0120372   0.0106661 -0.00754562  0.00254656  0.423072 0.0642716   0.01917 -0.0320089    0.18599   -9.80718 
             252.504 -0.184171   3.69302 -0.466403 -0.0183742 -0.0470459 -0.0290619 -0.0421553    1.09708  0.0423307 -0.00861153  -0.0239317   0.0457064   0.020504 -0.0111974  0.0140087 0.0106673 -0.007543 0.0025475   0.42304 0.0643363 0.0191753 -0.0320083    0.18599   -9.80718 
             252.604 -0.183437   3.68971 -0.476744 -0.0164679 -0.0482402 -0.0283592 -0.0421645     1.0971  0.0423322 -0.00861155  -0.0239317   0.0457064   0.023064 -0.0119413  0.0119052   0.0106666 -0.00754017  0.00255223  0.423055 0.0643386 0.0192244 -0.0320094   0.185991   -9.80718 
             252.704 -0.319763   3.70221 -0.367938 -0.0324461 -0.0488104 -0.0329073  -0.04222   1.09743 0.0426115 -0.00861264  -0.0239197    0.045704 -0.0139336 -0.0108712   -0.00165   0.0107451 -0.00754225   0.0024933  0.424247 0.0643499 0.0197032 -0.0320113    0.18599   -9.80718 
             252.804 -0.121173   3.73988 -0.480078 -0.0396528  -0.055228 -0.0353915 -0.0422731    1.09755  0.0423809 -0.0086105 -0.0239228  0.0457063  -0.0240122  -0.0268355 -0.00411784   0.0106203 -0.00756156  0.00255675  0.424654 0.0647115 0.0198964 -0.0320104   0.185993   -9.80718 
             252.905 -0.262775   3.66386  -0.47763 -0.0380917 -0.0562291 -0.0359888  -0.04227   1.09753 0.0424296 -0.00861071  -0.0239222   0.0457061  -0.0140293  -0.0215647 -0.00511101   0.0106977 -0.00751834  0.00255744  0.424373 0.0645929 0.0198883 -0.0320126   0.185995   -9.80718 
             253.004 -0.019784   3.74536 -0.388318 -0.0369269  -0.052008 -0.0282989 -0.0421357    1.09725  0.0428587 -0.0086099 -0.0239166  0.0457006 -0.00354128  -0.0126829   0.0122536  0.0105678  -0.007563 0.00251187  0.424283 0.0641036 0.0193227 -0.0320053   0.185978   -9.80718 
             253.106 -0.111027    3.7306 -0.477757 -0.0342623 -0.0545322 -0.0304648 -0.0421817    1.09734  0.0427407 -0.00860958  -0.0239163   0.0457009 0.00671499 -0.0161605 0.00628902   0.0106141 -0.00755476  0.00256105  0.424063 0.0641816 0.0195362 -0.0320095   0.185986   -9.80718 
             253.204 -0.134999   3.71127 -0.465004 -0.0278779 -0.0542252 -0.0328811 -0.0422191     1.0974  0.0428161 -0.00860981  -0.0239158   0.0457013  0.0230548 -0.0129385 0.00156561   0.0106279 -0.00754143   0.0025505  0.423652 0.0640184 0.0197152 -0.0320146   0.185995   -9.80718 
             253.304 -0.166133   3.70326 -0.476978 -0.0229038 -0.0533829 -0.0341936 -0.0422331    1.09742   0.042935 -0.00861001  -0.0239154   0.0457019   0.0333908 -0.00899702 -0.00101878   0.0106447 -0.00753653  0.00255514  0.423462 0.0638529 0.0198066 -0.0320174      0.186   -9.80718 
             253.404 -0.193599    3.6971 -0.477819 -0.0191958 -0.0532925 -0.0344413 -0.0422299    1.09742  0.0430027 -0.00861001  -0.0239154   0.0457023   0.0377617 -0.00891712 -0.00196457   0.0106647 -0.00753521  0.00255787  0.423445 0.0637759 0.0198175 -0.0320178      0.186   -9.80718 
             253.505 -0.196743   3.69373 -0.486296 -0.0179386 -0.0538807  -0.034384 -0.0422282    1.09744  0.0430559 -0.00861002  -0.0239154   0.0457025   0.0356743 -0.00884615 -0.00142982    0.010666 -0.00753612  0.00256032  0.423633 0.0637611 0.0198104 -0.0320162   0.185999   -9.80718 
             253.604   -0.2008   3.69186 -0.489717 -0.0176472 -0.0542044 -0.0343936 -0.0422276    1.09746  0.0431356 -0.00861003  -0.0239153   0.0457027    0.031385 -0.00876741 -0.00119795   0.0106684 -0.00753262  0.00256369  0.423867  0.063733 0.0198068 -0.0320147   0.185999   -9.80718 
             253.704 -0.202393    3.6902 -0.490862 -0.0177877 -0.0542805 -0.0340484 -0.042224   1.09746 0.0432305 -0.00861004  -0.0239152   0.0457027    0.0274859  -0.00864875 -0.000906344   0.0106692 -0.00752801  0.00256364  0.424108 0.0636858 0.0197859 -0.0320133   0.185999   -9.80718 
             253.804 -0.202207   3.69025 -0.490956 -0.0183355 -0.0543462 -0.0340332 -0.042229   1.09747 0.0433215 -0.00861003   -0.023915   0.0457027   0.0225087    -0.00848 -0.00102785   0.0106711 -0.00752402  0.00256126  0.424346 0.0636398  0.019794 -0.0320128      0.186   -9.80718 
             253.904 -0.201262   3.69067 -0.490382 -0.0190707 -0.0541863 -0.0339915 -0.0422354    1.09748  0.0434156 -0.00861001  -0.0239149   0.0457026   0.0189047 -0.00614453 0.000193993   0.0106754 -0.00752398   0.0025592  0.424563 0.0635834 0.0198021 -0.0320125   0.186002   -9.80718 
             254.004 -0.202074   3.69259  -0.48903 -0.0196785 -0.0539411 -0.0341207 -0.0422451    1.09749  0.0434974 -0.00860997  -0.0239148   0.0457025   0.0158293 -0.00542831 0.000967489   0.0106752 -0.00752321  0.00255831  0.424743 0.0635294  0.019826 -0.0320125   0.186004   -9.80718 
             254.104 -0.198398   3.69225 -0.487461 -0.0204036 -0.0537799 -0.0339512 -0.0422505     1.0975   0.043567 -0.00860995  -0.0239147   0.0457024    0.013291 -0.00574568 0.000436524   0.0106766 -0.00752155  0.00255935  0.424909 0.0634826 0.0198292 -0.032012  0.186005  -9.80718 
             254.204 -0.197095   3.69232 -0.485983 -0.0208313 -0.0536707 -0.0337555 -0.0422559     1.0975  0.0436297 -0.00860993  -0.0239147   0.0457023   0.0138915 -0.00534784   0.0025806   0.0106767 -0.00752307  0.00256071  0.425045 0.0634384 0.0198377 -0.0320116   0.186007   -9.80718 
             254.304  -0.19763   3.69373 -0.485208 -0.0209452 -0.0535318 -0.0338058 -0.0422637    1.09752  0.0436874 -0.00860991  -0.0239146   0.0457022    0.013886 -0.00414516  0.00373596   0.0106794 -0.00752221  0.00256015  0.425155 0.0633958 0.0198681 -0.0320113   0.186009   -9.80718 
             254.405  -0.19553   3.69249 -0.484614 -0.0210806 -0.0534357 -0.0335692 -0.0422681    1.09754  0.0437403 -0.0086099 -0.0239146  0.0457022    0.012706 -0.00491417  0.00215127  0.0106769 -0.0075205 0.00255677  0.425269 0.0633591 0.0198815 -0.0320106    0.18601   -9.80718 
             254.505 -0.196461   3.69354 -0.484275 -0.0211773 -0.0534156 -0.0338515 -0.0422753    1.09756  0.0437881 -0.0086099 -0.0239146  0.0457022   0.0130384 -0.00489181  0.00021604   0.0106787 -0.00752052  0.00255908  0.425369 0.0633246 0.0199182 -0.0320102   0.186012   -9.80718 
             254.605 -0.195932   3.69465 -0.484223 -0.0212331 -0.0533868 -0.0340664 -0.042281   1.09758  0.043836 -0.0086099 -0.0239147  0.0457022      0.0127 -0.00532515   0.0010187   0.0106843 -0.00751813  0.00255944  0.425466 0.0632907 0.0199448 -0.0320098   0.186013   -9.80718 
             254.704 -0.194353   3.69374 -0.484019 -0.0213894 -0.0534188 -0.0338816 -0.0422831    1.09759  0.0438843 -0.00860991  -0.0239147   0.0457021   0.0126937 -0.00469794  0.00219854   0.0106858 -0.00751584  0.00255949  0.425571 0.0632583 0.0199483 -0.0320092   0.186014   -9.80718 
             254.804 -0.194538   3.69311 -0.483845 -0.0213727 -0.0533999  -0.033673 -0.0422861     1.0976  0.0439343 -0.00860992  -0.0239147   0.0457021   0.0131407 -0.00466904   0.0034836  0.0106852 -0.0075128 0.00256218  0.425669 0.0632239 0.0199585 -0.0320087   0.186015   -9.80718 
             254.904 -0.194428   3.69244 -0.483843 -0.0213625 -0.0534004 -0.0334882 -0.0422901    1.09761  0.0439828 -0.00860992  -0.0239147   0.0457021  0.0125883 -0.0051801 0.00380689   0.0106842 -0.00751419  0.00256154  0.425766 0.0631903 0.0199762 -0.0320083   0.186016   -9.80718 
             255.009 -0.193893   3.69199 -0.483909 -0.0213252 -0.0534834 -0.0332891 -0.0422949    1.09763   0.044031 -0.00860993  -0.0239147   0.0457021    0.012428 -0.00585925  0.00541865   0.0106875 -0.00751372  0.00256091  0.425862 0.0631567 0.0200008 -0.0320078   0.186017   -9.80718 
             255.104 -0.194598   3.69111 -0.484068 -0.0214219 -0.0534954   -0.03312 -0.0423006    1.09765  0.0440839 -0.00860994  -0.0239147   0.0457022    0.013081 -0.00593066  0.00524006   0.0106869 -0.00751334  0.00256007  0.425959 0.0631194 0.0200334 -0.0320072   0.186018   -9.80718 
             255.204  -0.19615   3.69206 -0.484193 -0.0212916 -0.0535751 -0.0332408 -0.0423092    1.09769  0.0441355 -0.00860996  -0.0239147   0.0457022    0.012764 -0.00611509  0.00415358   0.0106878 -0.00751342  0.00256123   0.42604 0.0630808 0.0200859 -0.0320069    0.18602   -9.80718 
             255.304 -0.195204   3.69069 -0.484544 -0.0213601 -0.0535418 -0.0332019 -0.0423142    1.09771  0.0441933 -0.00860997  -0.0239147   0.0457022   0.0134218 -0.00487205   0.0040916   0.0106843 -0.00750928  0.00255983  0.426135 0.0630405 0.0201198 -0.032006  0.186022  -9.80718 
             255.404 -0.196363   3.69222 -0.484549 -0.0212145 -0.0534073 -0.0333426 -0.042322   1.09775 0.0442478 -0.00860998  -0.0239147   0.0457022   0.0129257 -0.00383257   0.0050226   0.0106862 -0.00750794  0.00255425   0.42622 0.0630003 0.0201698 -0.0320055   0.186024   -9.80718 
             255.504 -0.194701   3.69107 -0.484355 -0.0212854 -0.0533142 -0.0331645 -0.0423263    1.09777  0.0442962 -0.00860998  -0.0239147   0.0457022   0.0126862 -0.00455792  0.00527816   0.0106834 -0.00751066  0.00255318   0.42632 0.0629675 0.0202001 -0.0320046   0.186025   -9.80718 
             255.604 -0.196026   3.69208 -0.484125 -0.0212463 -0.0533137 -0.0333056 -0.0423333    1.09781  0.0443382 -0.00860999  -0.0239147   0.0457022   0.0133409 -0.00422433  0.00579359   0.0106802 -0.00751191  0.00255216  0.426408 0.0629372 0.0202517 -0.0320041   0.186027   -9.80718 
             255.704 -0.195829   3.69257 -0.484263 -0.0212126 -0.0532338 -0.0333149 -0.0423396    1.09784  0.0443802 -0.00860999  -0.0239147   0.0457021   0.0130208 -0.00210778  0.00359202   0.0106799 -0.00751123  0.00255419  0.426499 0.0629073 0.0202986 -0.0320034   0.186029   -9.80718 
             255.804  -0.19542   3.69272 -0.484169 -0.0211855 -0.0530563 -0.0335858 -0.0423454    1.09788  0.0444174 -0.00860999  -0.0239147   0.0457021   0.0130132 -0.00185867  0.00127201   0.0106815 -0.00750935  0.00255258  0.426591 0.0628811 0.0203448 -0.0320026    0.18603   -9.80718 
             255.904 -0.193347   3.69218 -0.483714 -0.0213258 -0.0530498 -0.0337626 -0.0423484     1.0979  0.0444449 -0.00860999  -0.0239147   0.0457021    0.012068 -0.00380533 -0.00109985  0.0106794  -0.007506 0.00255254  0.426695 0.0628633 0.0203663 -0.0320019   0.186031   -9.80718 
             256.006 -0.255599   3.44637 -0.416891 -0.0314043 -0.0501979 -0.0231891 -0.0422622    1.09764  0.0446843 -0.00859942  -0.0239141   0.0457147 -0.0167448 0.00230172  0.0213854   0.0107192 -0.00736245  0.00251569  0.427556 0.0626802 0.0196918 -0.0319915   0.186017   -9.80718 
             256.104 -0.0926765    3.46705  -0.402196 -0.0377477 -0.0469208 -0.0106347 -0.0421771    1.09734  0.0449045 -0.0085938 -0.0239095  0.0457156 -0.0280243 0.00315466  0.0421974   0.0106267 -0.00737081  0.00250665  0.427953 0.0624433 0.0190357 -0.0319858   0.186001   -9.80718 
             256.204 -0.105418   3.54886 -0.441493   -0.041822    -0.05384 -0.00710313 -0.0421638    1.09736  0.0445087 -0.00859359  -0.0239096   0.0457173 -0.0293231 -0.0145904  0.0400385   0.0106346 -0.00741614  0.00253063  0.428035 0.0629242 0.0190831 -0.0319881      0.186   -9.80718 
             256.304 -0.250405   3.37509  -0.44582  -0.039845 -0.0533529 0.00237517 -0.0421257    1.09721  0.0445666 -0.00859197  -0.0239103   0.0457163  -0.0248976 -0.00914477   0.0499945   0.0107155 -0.00732089  0.00253075  0.427759 0.0628045 0.0187568 -0.0319891   0.185992   -9.80718 
             256.404 -0.33644   3.3323 -0.36168 -0.0361703 -0.0488499  0.0145089 -0.0420915    1.09702     0.0448 -0.00858942  -0.0239127   0.0457172   -0.01716 0.00214543  0.0632875   0.0107693 -0.00729511   0.0024822  0.427443 0.0624582 0.0183591 -0.0319931   0.185983   -9.80718 
             256.504 -0.294097   3.25567 -0.322009  -0.034257 -0.0422571  0.0239877 -0.0420992    1.09692  0.0451016 -0.00858768  -0.0239135   0.0457176 -0.0172262  0.0128847  0.0684697   0.0107473 -0.00725143  0.00246183  0.427261 0.0620505 0.0181884 -0.0319976   0.185982   -9.80718 
             256.604 -0.178006   3.21202 -0.296184 -0.0317433 -0.0366423   0.031774 -0.0421131    1.09689   0.045275 -0.00858699  -0.0239139   0.0457162 -0.0147417  0.0184246  0.0711438 0.0106884 -0.007227 0.0024458  0.427053 0.0617873 0.0181305 -0.0320006   0.185983   -9.80718 
             256.704 -0.0896882    3.11452  -0.277865 -0.0291915 -0.0329105  0.0367443 -0.0421398    1.09693  0.0453062 -0.00858719  -0.0239143   0.0457152 -0.015641 0.0188519 0.0671911   0.0106419 -0.00717506  0.00243632  0.426845 0.0616961 0.0182062 -0.0319977   0.185989   -9.80718 
             256.808 -0.0361201     3.0814  -0.274317 -0.027023 -0.030328 0.0402786 -0.0421748    1.09702  0.0452733 -0.0085875 -0.0239147   0.045715 -0.0170944  0.0165732  0.0617425   0.0106134 -0.00715699  0.00243349  0.426657   0.06169 0.0183365 -0.0319898   0.185996   -9.80718 
             256.904 0.0596725   3.06457 -0.266087 -0.0234695 -0.0281963  0.0451813 -0.042199   1.09704 0.0452281 -0.00858752  -0.0239147   0.0457152 -0.0149461  0.0120187  0.0614882    0.010559 -0.00714871  0.00243149  0.426409 0.0616845 0.0183587 -0.0319871   0.186004   -9.80718 
             257.004 0.0686339   3.03249  -0.26299 -0.0227656 -0.0278674  0.0459678 -0.0422489     1.0972  0.0451381 -0.00858741  -0.0239152   0.0457157 -0.0180685 0.00639981  0.0538265  0.0105513 -0.0071302 0.00242905  0.426308 0.0617724 0.0185737 -0.0319644   0.186014   -9.80718 
             257.104  0.117207   3.11154 -0.259983 -0.0230034 -0.0277196  0.0471644 -0.0422913    1.09733  0.0450879 -0.00858683  -0.0239155   0.0457163  -0.0202133 0.000481416   0.0507625   0.0105261 -0.00717515  0.00242854  0.426248  0.061824 0.0187461 -0.031944  0.186023  -9.80718 
             257.204  0.151927   3.11088 -0.259128 -0.0195633 -0.0260342  0.0461675 -0.0423681     1.0975  0.0450718 -0.00858627  -0.0239157   0.0457173   -0.017057 -0.00178286   0.0431122  0.0105127 -0.0071751 0.00242744  0.426029 0.0618029 0.0189711 -0.031918  0.186043  -9.80718 
             257.304  0.167334   3.11877 -0.257828 -0.0165425 -0.0250167  0.0447766 -0.0424435    1.09767  0.0450521 -0.00858562  -0.0239157   0.0457182  -0.0146578 -0.00567349   0.0352281   0.0105034 -0.00718225  0.00242971  0.425848 0.0617982 0.0191842 -0.0318899   0.186064   -9.80718 
             257.407  0.151179    3.1206 -0.255109 -0.0142792 -0.0247462  0.0430937 -0.042516   1.09783 0.0450301 -0.00858497  -0.0239155   0.0457188  -0.0146131 -0.00994262   0.0285585   0.0105173 -0.00718287    0.002428  0.425706 0.0618053 0.0193861 -0.0318604   0.186084   -9.80718 
             257.504  0.144362   3.12984 -0.258589 -0.0125126  -0.024705  0.0411751 -0.0425843    1.09799  0.0450217 -0.00858438  -0.0239152   0.0457193 -0.0140885 -0.0127191  0.0241202   0.0105241 -0.00718931  0.00243178  0.425593 0.0618021 0.0195693 -0.0318324   0.186104   -9.80718 
             257.604 0.115117  3.13156 -0.26282 -0.0114744 -0.0250827  0.0394551 -0.0426465    1.09812  0.0450182 -0.00858391  -0.0239148   0.0457196 -0.0163049  -0.016119  0.0205931   0.0105415 -0.00719037  0.00243519  0.425503 0.0617969 0.0197316 -0.0318065   0.186123   -9.80718 
             257.704 0.0917576   3.13547 -0.266826 -0.0110327 -0.0256151  0.0377798 -0.0427027    1.09824  0.0450282 -0.00858354  -0.0239144     0.04572 -0.0181706 -0.0187861  0.0147427   0.0105527 -0.00719373  0.00243866  0.425428 0.0617785 0.0198749 -0.0317837    0.18614   -9.80718 
             257.804 0.0681197   3.14381 -0.273065 -0.0109832  -0.026276  0.0358025 -0.0427531    1.09835  0.0450506 -0.00858325   -0.023914   0.0457203 -0.0217948 -0.0213088 0.00760214   0.0105639 -0.00719863  0.00244189   0.42536  0.061747 0.0200004 -0.0317642   0.186157   -9.80718 
             257.904 0.0470721   3.15208 -0.276143 -0.0112791 -0.0268946  0.0337999 -0.0427976    1.09843  0.0450869 -0.00858305  -0.0239137   0.0457207 -0.0236761 -0.0214072 0.00376316   0.0105737 -0.00720321  0.00244461  0.425293 0.0616987 0.0201025 -0.0317493   0.186171   -9.80718 
             258.004 0.0397307   3.16659 -0.278094 -0.0117232 -0.0272604  0.0320197 -0.0428363    1.09848  0.0451403 -0.00858291  -0.0239135    0.045721 -0.0260953 -0.0216586 0.00161148   0.0105776 -0.00721163  0.00244586  0.425223 0.0616298 0.0201782 -0.0317399   0.186184   -9.80718 
             258.104 0.0274001   3.17761 -0.278821 -0.0123026 -0.0275339  0.0305999 -0.0428708    1.09852  0.0452004 -0.0085828 -0.0239133  0.0457213 -0.0288418 -0.0218561 0.00217154   0.0105824 -0.00721687  0.00244522  0.425148 0.0615518  0.020232 -0.0317346   0.186195   -9.80718 
             258.204 0.0187369   3.18675 -0.278801 -0.0129987 -0.0277605  0.0295056 -0.0429008    1.09854  0.0452651 -0.00858272  -0.0239132   0.0457214   -0.0313649   -0.0220035 -0.000134054   0.0105881 -0.00722153  0.00244525  0.425066 0.0614678 0.0202679 -0.0317326   0.186204   -9.80718 
             258.304 0.0118791   3.19412 -0.278308 -0.0136956 -0.0279338  0.0284382 -0.0429267    1.09854  0.0453335 -0.00858265  -0.0239132   0.0457215  -0.0334456  -0.0218528 -0.00299799   0.0105917 -0.00722632  0.00244447  0.424974   0.06138 0.0202899 -0.0317329   0.186213   -9.80718 
             258.404 -0.00278804     3.19749    -0.27781 -0.0143983 -0.0281438  0.0274803 -0.0429505    1.09854  0.0453997 -0.00858259  -0.0239132   0.0457215  -0.0339536  -0.0216849 -0.00232643   0.0106047 -0.00722702  0.00244667  0.424874 0.0612948    0.0203 -0.0317349   0.186221   -9.80718 
             258.504 4.91616e-05     3.20805   -0.276956 -0.0149587 -0.0282271   0.026871 -0.0429724    1.09853   0.045473 -0.00858253  -0.0239132   0.0457215 -0.0349127 -0.0220095 -0.0015582   0.0106042 -0.00723291  0.00244544  0.424765 0.0612014  0.020296 -0.0317395   0.186228   -9.80718 
             258.604 -0.000131929      3.21325    -0.276155 -0.0154526 -0.0282416  0.0265098 -0.0429925     1.0985  0.0455466 -0.00858246  -0.0239132   0.0457214   -0.0358907    -0.020696 -0.000645991   0.0106076 -0.00723957   0.0024461  0.424648 0.0611072 0.0202836 -0.0317452   0.186234   -9.80718 
             258.704 0.000755699     3.21829   -0.275154 -0.0159101  -0.028197  0.0264118 -0.0430113    1.09848  0.0456196 -0.00858239  -0.0239132   0.0457213  -0.037568 -0.0206891  0.0016685  0.0106113 -0.0072407 0.00244688  0.424525  0.061014 0.0202665 -0.0317513    0.18624   -9.80718 
             258.804 -0.00923605     3.21501   -0.274243 -0.0163369 -0.0282829  0.0265213 -0.0430294    1.09845  0.0456868 -0.00858231  -0.0239132   0.0457212 -0.0373849 -0.0215969 0.00274667   0.0106188 -0.00724056  0.00244683  0.424395 0.0609295 0.0202497 -0.031757  0.186247  -9.80718 
             258.904 0.00102945      3.219  -0.273475 -0.0165445 -0.0283688  0.0266379 -0.0430461    1.09842  0.0457598 -0.00858224  -0.0239132    0.045721 -0.0370477 -0.0215772  0.0021457   0.0106148 -0.00724636  0.00244431  0.424259 0.0608397  0.020232 -0.031763  0.186254  -9.80718 
             259.004  0.151329   3.32425 -0.324477 -0.0119882 -0.0252367   0.012107 -0.0432441    1.09889  0.0459026 -0.00858155  -0.0239147   0.0457206 -0.0251437 -0.0170885 -0.0154044  0.0105318 -0.0073051 0.00247292   0.42398 0.0606944 0.0208064 -0.0316807   0.186323   -9.80718 
             259.104 0.0522963   3.12276  -0.31878 -0.0123291 -0.0263109 0.00785918 -0.0432881    1.09898  0.0458947 -0.00858208  -0.0239145   0.0457203 -0.0278976 -0.0191948  -0.019442   0.0105879 -0.00719021    0.002472  0.423883 0.0606954 0.0209119 -0.0316646   0.186338   -9.80718 
             259.205 0.0156295   3.22056  -0.28612 -0.00338609  -0.0227618  0.00840283 -0.0433042    1.09879   0.046039 -0.00858191  -0.0239148   0.0457199 -0.0164564 -0.0142484 -0.0153329  0.0106075 -0.0072472 0.00245402  0.423447  0.060508 0.0207265 -0.031697  0.186348  -9.80718 
             259.304 -0.0551749    3.22741  -0.280447 -0.000667258   -0.0219301   0.00447796 -0.0433466    1.09884  0.0460853 -0.0085819 -0.0239148  0.0457198 -0.0132191 -0.0122033  -0.018401   0.0106491 -0.00725232  0.00244844  0.423291 0.0604486 0.0207997 -0.0316883   0.186364   -9.80718 
             259.404 -0.147861   3.22226 -0.270786   0.00294481   -0.0207371 -0.000957806 -0.043403   1.09893 0.0461279 -0.00858193  -0.0239146   0.0457198 -0.0105614 -0.0100552 -0.0210569   0.0107015 -0.00724693  0.00244592   0.42312 0.0603934 0.0209199 -0.0316728   0.186384   -9.80718 
             259.504 -0.194673   3.24703    -0.271 0.00530628 -0.0198193 -0.0049394 -0.0434337    1.09896  0.0461662 -0.00858191  -0.0239145   0.0457198   -0.010947 -0.00837046  -0.0228701   0.0107242 -0.00725725  0.00244623  0.423001 0.0603438 0.0209723 -0.0316669   0.186396   -9.80718 
             259.604  -0.23845   3.31593 -0.287501  0.00982989  -0.0205166 -0.00767977 -0.0434643    1.09895  0.0461278 -0.00858187  -0.0239146   0.0457199 -0.00666399  -0.0102052  -0.0224109   0.0107446 -0.00729668  0.00245418  0.422784 0.0603877 0.0209596 -0.031665  0.186407  -9.80718 
             259.704 -0.266293   3.33754 -0.298958  0.0151336 -0.0195284 -0.0105894 -0.0434942    1.09894  0.0461376 -0.00858184  -0.0239146   0.0457202 -0.00249164 -0.00671489  -0.0233127   0.0107585 -0.00730723  0.00246196  0.422573 0.0603627 0.0209511 -0.0316654   0.186418   -9.80718 
             259.804 -0.239669   3.24037 -0.295195   0.0142744  -0.0155581 -0.00371414 -0.0434249    1.09866  0.0462887 -0.00858173  -0.0239151   0.0457203 -0.0128993 0.00133886 -0.0133767   0.0107433 -0.00725273  0.00245932  0.422557 0.0601677 0.0206225 -0.0317176   0.186396   -9.80718 
             259.904 -0.218793   3.30041 -0.135721   0.0213221  -0.0101356 -0.00879922 -0.0434794     1.0987  0.0463932 -0.00858151  -0.0239154   0.0457205 -0.0050131 0.00588997 -0.0176465   0.0107372 -0.00728812  0.00237199  0.422338 0.0600212 0.0207051 -0.0317115   0.186415   -9.80718 
             260.004 -0.0896621    3.35707  -0.236659  0.0300756 0.00102486 -0.0116458 -0.043515   1.09862 0.0466765 -0.00858154  -0.0239154   0.0457187 0.000887519   0.0151785  -0.0190525   0.0106623 -0.00731991  0.00242886  0.422125 0.0596576 0.0206893 -0.0317297   0.186428   -9.80718 
             260.104  0.618341   3.72125 -0.313599   0.0173128 0.000404877  -0.0108252 -0.0434587    1.09856  0.0467877 -0.00858326  -0.0239143   0.0457086 -0.00877971 -0.00563689  -0.0184525   0.0102638 -0.00751875  0.00246971   0.42254  0.059538 0.0206474 -0.0317457   0.186402   -9.80718 
             260.204  0.795871   3.74558 -0.425678  0.00882179 -0.00350188 -0.00494048 -0.0433915    1.09838  0.0467723 -0.00858473  -0.0239122   0.0457065 -0.0160132 -0.0255459  -0.011782   0.0101618 -0.00753124  0.00253325  0.422711 0.0595755 0.0204085 -0.0317744    0.18638   -9.80718 
             260.304  0.918663   3.75918 -0.475437  0.00369259  -0.0103733 -0.00138311 -0.0433411    1.09829  0.0466896 -0.00858487  -0.0239106   0.0457077  -0.0174071  -0.0514441 -0.00618292   0.0100883 -0.00754127  0.00256209  0.422773 0.0596801 0.0202533 -0.0317865   0.186367   -9.80718 
             260.404  0.925909   3.73775 -0.503468  1.328e-05 -0.0174033  0.0017319 -0.043301    1.0982 0.0466669 -0.00858497  -0.0239098   0.0457081  -0.0169526  -0.0722337 -0.00170384   0.0100849 -0.00752615  0.00257442  0.422808  0.059712 0.0201266 -0.0317973   0.186355   -9.80718 
             260.504  0.899481   3.70773 -0.535122 -0.00270787  -0.0241965  0.00436367 -0.0432693    1.09813  0.0467138 -0.00858503  -0.0239096   0.0457087   -0.016564   -0.089695 -0.00115813   0.0101013 -0.00750809  0.00259062  0.422836 0.0596584  0.020023 -0.031807  0.186345  -9.80718 
             260.604  0.931495   3.73428 -0.594006 -0.00444165  -0.0323263  0.00421361 -0.0432765    1.09813  0.0467764 -0.00858519  -0.0239098   0.0457094 -0.0141445  -0.107521 -0.0011825    0.010081 -0.00752288  0.00262362  0.422857 0.0595828 0.0200277 -0.0318081   0.186346   -9.80718 
             260.704  0.915859   3.73181 -0.645108 -0.00611161  -0.0395248   0.0043357 -0.0432911    1.09813  0.0469223 -0.00858549    -0.02391   0.0457116  -0.0135218   -0.120127 -0.00216665   0.0100889 -0.00752009  0.00265006  0.422895 0.0594053 0.0200242 -0.0318092   0.186347   -9.80718 
             260.806   0.97852   3.76712 -0.639448 -0.00424762  -0.0421343   0.0029022 -0.0433546    1.09816  0.0472367 -0.00858547  -0.0239097   0.0457148 -0.00744706   -0.127006 -0.00491025  0.0100563 -0.0075385 0.00264601  0.422862 0.0590114 0.0200603 -0.0318057   0.186363   -9.80718 
             260.905   0.91591   3.74279 -0.720593 -0.00604732  -0.0481042  0.00329401 -0.0433733    1.09817  0.0474827 -0.00858568  -0.0239099   0.0457188 -0.00843506   -0.134603 -0.00356599  0.0100911 -0.0075221 0.00268958   0.42295 0.0587189  0.020038 -0.0317988   0.186365   -9.80718 
             261.004   0.88338   3.73145 -0.753498 -0.00772592  -0.0529403  0.00380955 -0.0434017    1.09819  0.0477848 -0.00858568  -0.0239098   0.0457236 -0.00894114    -0.13909 -0.00259229   0.0101126 -0.00751388  0.00270402  0.423048 0.0583553 0.0200155 -0.0317853    0.18637   -9.80718 
             261.104  0.936886   3.75808 -0.736918 -0.00623449  -0.0534971  0.00303241 -0.0434779    1.09827  0.0482092 -0.00858488  -0.0239089   0.0457276 -0.00570402   -0.138629 -0.00342201   0.0100873 -0.00752669  0.00269676   0.42307  0.057829 0.0200325 -0.0317601    0.18639   -9.80718 
             261.204  0.950519    3.7681 -0.743474  -0.004544 -0.0531854 0.00227384 -0.0435557    1.09837  0.0486523 -0.00858375  -0.0239078   0.0457309 -0.00223547   -0.137473 -0.00498423   0.0100826 -0.00753143  0.00270249  0.423107 0.0572752 0.0200457 -0.031726  0.186412  -9.80718 
             261.304  0.953133   3.77399 -0.745117 -0.00269986  -0.0523703   0.0016053 -0.0436312    1.09848  0.0491019 -0.00858239  -0.0239067   0.0457335 -7.11321e-05    -0.134857  -0.00462299   0.0100802 -0.00753531  0.00270045  0.423163 0.0567095 0.0200538 -0.0316845   0.186433   -9.80718 
             261.404  0.740072   3.68962 -0.721341 -0.00441632   -0.050459  0.00289956 -0.0436564    1.09862  0.0495864 -0.00858009  -0.0239058   0.0457407 -0.00622784   -0.125028 -0.00451913   0.0102037 -0.00748593  0.00268942  0.423362  0.056113 0.0199962 -0.03163 0.186439 -9.80718 
             261.504 0.695034  3.66671 -0.70484 -0.00616858  -0.0497772  0.00385492 -0.0436786    1.09873  0.0500125 -0.00857807   -0.023905   0.0457454 -0.00998159   -0.117197 -0.00209468    0.010232 -0.00747162  0.00268195  0.423535  0.055583 0.0199512 -0.0315785   0.186445   -9.80718 
             261.604  0.889245   3.74146 -0.716754 -0.00469541  -0.0499076  0.00301794 -0.0437541    1.09885  0.0503815 -0.00857705  -0.0239043   0.0457443 -0.00575877   -0.119717 -0.00302919   0.0101236 -0.00751256  0.00269018  0.423572 0.0551051 0.0199738 -0.0315338   0.186467   -9.80718 
             261.704  0.735119   3.67855 -0.707477 -0.00643359  -0.0486936  0.00403676 -0.0437873    1.09899  0.0508092 -0.00857584  -0.0239038   0.0457458 -0.00980032   -0.112601 -0.00159047    0.010211 -0.00747841  0.00268167  0.423747 0.0545681 0.0199324 -0.0314769   0.186474   -9.80718 
             261.804  0.827035   3.70812 -0.753488 -0.00791349  -0.0518295  0.00448188 -0.0438211    1.09908  0.0510952 -0.00857586  -0.0239039   0.0457446  -0.0101835   -0.117911 0.000666629   0.0101594 -0.00749596  0.00271043  0.423863 0.0542035  0.019917 -0.0314389   0.186482   -9.80718 
             261.904  0.923959    3.7483 -0.733442 -0.00627903  -0.0511657  0.00371044 -0.0438935    1.09923  0.0514769 -0.00857546  -0.0239038   0.0457417 -0.00546302   -0.118729 -0.00286448   0.0101106 -0.00751943   0.0027015  0.423896 0.0536918 0.0199445 -0.0313871   0.186502   -9.80718 
             262.004 -0.00301292     3.30636   -0.565632  -0.00309046   -0.0520527 -0.000318526 -0.044066   1.09939 0.0516339 -0.00857564  -0.0238994   0.0457502 -0.00998121  -0.0955123 -0.00732219    0.010623 -0.00727816  0.00260475  0.423779 0.0534024 0.0201046 -0.0313591   0.186558   -9.80718 
             262.104 -0.256336   3.16059 -0.388889 0.00760295 -0.0405551 0.00619277 -0.0436367    1.09946    0.05213 -0.00856602  -0.0239079    0.045763 -0.00908913  -0.0623049   0.0054061  0.0107695 -0.0071964  0.0025068  0.423531 0.0525849 0.0197361 -0.0312726   0.186401   -9.80718 
             262.204 -0.0956196    3.19565  -0.365357 0.0106611 -0.029915  0.012091 -0.0434063    1.09951   0.052593 -0.00856104  -0.0239101   0.0457658  -0.014436 -0.0407428  0.0149998   0.0106812 -0.00721696  0.00249095  0.423553 0.0518611 0.0194973 -0.0312062   0.186316   -9.80718 
             262.304  0.423006   3.74699 -0.390098   0.0364951  -0.0118581 -0.00475357 -0.0438624    1.09984  0.0530366 -0.00856082  -0.0239074   0.0457592   0.0276455  -0.0325913 -0.00213452   0.0103976 -0.00751962  0.00250675  0.422849 0.0511481 0.0200861 -0.0311553   0.186473   -9.80718 
             262.404  0.143434   3.49435 -0.432118     0.066735 -0.000553359   -0.0144819 -0.043954   1.10002 0.0531823 -0.0085616 -0.0239056  0.0457604   0.058085 -0.0214418 -0.0108035  0.0105492 -0.0073777 0.00253025  0.422009 0.0507645 0.0202986 -0.0311234   0.186496   -9.80718 
             262.504 -0.623846   3.04736 -0.338908   0.0716114 0.000454005 -0.00100704 -0.0434999    1.09981  0.0532551 -0.0085592 -0.0239113  0.0457637   0.0399363 0.000548283   0.0062092   0.0109737 -0.00712958  0.00247887  0.421955 0.0506305 0.0197648 -0.0311198   0.186332   -9.80718 
             262.604 -0.308395   3.23947 -0.268742  0.0847929    0.01421 -0.0133733 -0.0437713    1.10002  0.0536188 -0.00855933  -0.0239101   0.0457626   0.0484668   0.0184444 -0.00601244   0.0108044 -0.00723398   0.0024381 0.421807 0.050159 0.020183 -0.0310999   0.186435   -9.80718 
             262.706 -0.460234   3.35605 -0.335723   0.114615  0.0276785 -0.0269061 -0.0439719    1.10017  0.0537555 -0.00855899  -0.0239075    0.045765  0.0797335  0.0351159 -0.0186587  0.0108891 -0.0072991 0.00247732   0.42108 0.0498922 0.0204935 -0.0310777   0.186504   -9.80718 
             262.904 -0.149633   3.57415 -0.265793   0.156641  0.0438615 -0.0389742 -0.0440797    1.10025  0.0539161 -0.00855886   -0.023907   0.0457712   0.113339  0.0378071 -0.0250427   0.0107166 -0.00742019  0.00243487  0.420398 0.0496321 0.0206368 -0.0310595   0.186538   -9.80718 
             263.004 -0.148424   3.41867 -0.308016   0.159362  0.0438114 -0.0366822 -0.0440087     1.1002  0.0538377 -0.00855887  -0.0239074   0.0457713  0.0976651  0.0345993 -0.0217749   0.0107205 -0.00733471  0.00245669  0.420625 0.0497327 0.0205246 -0.0310656   0.186512   -9.80718 
             263.104  -0.29242   3.42305 -0.373441  0.185474 0.0507385 -0.033391 -0.0439882    1.10007  0.0539007 -0.00855905  -0.0239045    0.045773    0.11441  0.0396513 -0.0149037   0.0107957 -0.00733668  0.00249266   0.42005 0.0496606 0.0202768 -0.031068  0.186499  -9.80718 
             263.304 -0.210561   3.30825 -0.284357   0.200452  0.0571768 -0.0339338 -0.0439507    1.10006  0.0538798 -0.00855899  -0.0239049   0.0457731  0.0989463  0.0391137 -0.0105556   0.0107516 -0.00727418  0.00244644  0.420234 0.0496757   0.02025 -0.0310714   0.186486   -9.80718 
             263.404 -0.667014   3.30578 -0.331747  0.245453 0.0616839 -0.040821 -0.0441576    1.10009  0.0538286 -0.00855885  -0.0239014   0.0457668  0.143404 0.0441738 -0.012716   0.0109964 -0.00727219   0.0024689   0.41918 0.0498839 0.0202789 -0.0310487   0.186556   -9.80718 
             263.504 -0.750435   3.31623 -0.362688   0.285807  0.0753625 -0.0433954 -0.0443084    1.09999  0.0540209 -0.00855949  -0.0238989   0.0457666   0.172124  0.0610096 -0.0129324   0.0110404 -0.00728027  0.00248689  0.418419 0.0496821 0.0201808 -0.03106 0.186606 -9.80718 
             263.604 -0.210956   3.38082 -0.361324  0.265905 0.0690277 -0.036013 -0.0441157    1.09999  0.0537741 -0.00855916  -0.0238993   0.0457642    0.123357   0.0471089 -0.00893112   0.0107317 -0.00731711  0.00248641  0.419462 0.0499052 0.0200492 -0.031062  0.186536  -9.80718 
             263.704 -0.306194   3.38253 -0.389344   0.290334   0.081849 -0.0444723 -0.0441367    1.10008  0.0539542 -0.00855918  -0.0239002   0.0457639   0.136893  0.0592124 -0.0191658   0.0107854 -0.00731827  0.00249937  0.419134 0.0496838 0.0202738 -0.0310549   0.186547   -9.80718 
             263.804 -0.396567   3.45848 -0.477149   0.325098  0.0903639 -0.0541804 -0.0441889    1.10019  0.0540118 -0.00855831  -0.0238991   0.0457658   0.165231  0.0625779 -0.0275897   0.0108345 -0.00736405  0.00255024  0.418528 0.0496894 0.0204813 -0.031037  0.186573  -9.80718 
             263.904 -0.170626   3.54559 -0.202981   0.343893   0.103293 -0.0629197 -0.044155    1.1003  0.054185 -0.00855659  -0.0239007   0.0457643   0.170679  0.0679267 -0.0369468   0.0107156 -0.00741021  0.00240189  0.418478 0.0494453 0.0207137 -0.0310282   0.186558   -9.80718 
             264.004  0.122465   3.55521 -0.297019   0.363794   0.118061 -0.0599865 -0.0442908    1.10006  0.0543884 -0.00855721  -0.0238963   0.0457604   0.172058  0.0700538 -0.0284881   0.0105534 -0.00741452  0.00245065  0.418445 0.0491618 0.0204097 -0.0310676   0.186594   -9.80718 
             264.104 -0.100182    3.6417 -0.296417   0.391407   0.133854 -0.0714914 -0.0442681    1.10021  0.0545743 -0.00855602  -0.0238979    0.045761   0.188073  0.0825755 -0.0396828   0.0106786 -0.00746292  0.00244924  0.418152 0.0488999 0.0207212 -0.0310532   0.186585   -9.80718 
             264.204 -0.0253608    3.71292  -0.212653   0.395955   0.140037 -0.0808954 -0.0441221    1.10034  0.0545579 -0.00855458  -0.0238991   0.0457599   0.179067  0.0792034 -0.0474491   0.0106383 -0.00750621  0.00240086  0.418548 0.0488614  0.020997 -0.0310343   0.186534   -9.80718 
             264.304  0.301024   3.80358 -0.249248  0.408282  0.149403 -0.090095 -0.0440556     1.1004  0.0546567 -0.00855365  -0.0239006    0.045758   0.180362  0.0704703 -0.0536878   0.0104553 -0.00755286  0.00242313  0.418728 0.0487094  0.021185 -0.0310282   0.186508   -9.80718 
             264.404  0.16682  3.99212 -0.26098  0.443683  0.163756 -0.109898 -0.0440303    1.10064  0.0548077 -0.00855114  -0.0239028   0.0457597   0.213324  0.0730261 -0.0690928   0.0105283 -0.00765612  0.00242926  0.418236 0.0485088 0.0216616 -0.031006  0.186501  -9.80718 
             264.604  0.118159   4.06139 -0.214382    0.4748  0.175523 -0.123908 -0.0439548    1.10064  0.0547723 -0.00855084  -0.0239027   0.0457587   0.219873  0.0650782 -0.0709686   0.0105566 -0.00769051  0.00240252  0.418607 0.0485084  0.021711 -0.0310043   0.186475   -9.80718 
             264.704  0.357406   3.96944 -0.233793  0.492044  0.180127 -0.106803 -0.0440649    1.10031  0.0547335 -0.00855156  -0.0238999   0.0457593   0.212422  0.0529105 -0.0452269   0.0104252 -0.00763948  0.00241269  0.418751 0.0485485 0.0208816 -0.0310232   0.186503   -9.80718 
             264.804 0.0741705   3.98436 -0.246747  0.488586  0.181317 -0.118591 -0.043879   1.10041 0.0546082  -0.008552 -0.0238983  0.0457615   0.193949  0.0499946 -0.0559311   0.0105827 -0.00765162   0.0024223  0.419531 0.0485802 0.0212653 -0.0310259    0.18645   -9.80718 
             264.904 0.00615964    4.02638  -0.155888  0.481705  0.179924 -0.123584 -0.0437317     1.1004  0.0544332 -0.00855249  -0.0238954   0.0457626   0.170215  0.0437907 -0.0599204   0.0106244 -0.00767559  0.00237382  0.420338 0.0487053 0.0214036 -0.0310331   0.186409   -9.80718 
             265.004  0.163109   4.13829 -0.217131  0.501765   0.19558 -0.126505 -0.043753    1.1003 0.0547188 -0.00855318  -0.0238957   0.0457643   0.181642  0.0536852 -0.0544844   0.0105325 -0.00773892  0.00240805  0.420287 0.0482455 0.0212654 -0.0310503    0.18641   -9.80718 
             265.104  0.122602    4.1181 -0.226657 0.506215 0.196307 -0.12613 -0.0436866    1.10027   0.054597 -0.00855341  -0.0238957   0.0457643   0.171437  0.0449695 -0.0518124   0.0105564 -0.00772368  0.00241236  0.420697 0.0483627 0.0211463 -0.0310449   0.186387   -9.80718 
             265.204 0.0854303   4.10394 -0.180066  0.528212  0.200626 -0.128556 -0.0437022    1.10027  0.0545971 -0.00855312  -0.0238964   0.0457638   0.185618  0.0415509 -0.0497789  0.0105794 -0.0077152 0.00238921  0.420555 0.0483842 0.0210133 -0.0310317   0.186389   -9.80718 
             265.304  0.240573   4.24709 -0.114913 0.546281 0.210394 -0.13849 -0.0437108    1.10023   0.054765 -0.00855271  -0.0238957   0.0457631   0.199552  0.0412229 -0.0567738   0.0104963 -0.00779367  0.00235295  0.420624  0.048126 0.0211879 -0.0310623   0.186394   -9.80718 
             265.404 0.00317609    4.44727  -0.139423  0.581732   0.22204 -0.170929 -0.0438458    1.10026  0.0549145 -0.00855063  -0.0238921   0.0457648   0.243662  0.0442276 -0.0856069   0.0105943 -0.00789873  0.00236339  0.420263 0.0479126 0.0220572 -0.0311575    0.18646   -9.80718 
             265.504 -0.0949418    4.54398 -0.0777862  0.598416  0.222432 -0.194718 -0.0438732    1.10026  0.0547794 -0.00854946  -0.0238879   0.0457635  0.259019  0.037946 -0.105515   0.0106478 -0.00794948  0.00232743 0.420498 0.048059 0.022666 -0.0312273   0.186487   -9.80718 
             265.604 -0.215828   4.88931 -0.206716  0.614642  0.227935 -0.223187 -0.0439045    1.10016   0.054817 -0.00854607  -0.0238837   0.0457616  0.278217 0.0435816 -0.130555    0.010714 -0.00813727  0.00240379  0.420804 0.0479606 0.0233824 -0.0313427   0.186519   -9.80718 
             265.704  0.506513   5.00148 -0.315701  0.622162  0.237302 -0.234228 -0.0438509    1.09998  0.0551906 -0.00855028  -0.0238847   0.0457437  0.277274 0.0374864 -0.132662   0.0103061 -0.00819977  0.00246882  0.421433 0.0475378 0.0234222 -0.0313925   0.186489   -9.80718 
             265.804  0.163079   5.11434 -0.198167  0.637958  0.246544 -0.249456 -0.0438421    1.09988  0.0553776 -0.00854959  -0.0238846   0.0457401    0.2888 0.0477784 -0.136366   0.0105005 -0.00825899   0.0024067  0.421795 0.0472652 0.0235732 -0.0314467   0.186481   -9.80718 
             265.904 -0.0202306    5.30106  -0.127337  0.643892  0.250378 -0.263144 -0.0437682    1.09977  0.0554138 -0.00854776  -0.0238833   0.0457379     0.293 0.0526155 -0.138862   0.0106053 -0.00836393  0.00236949  0.422429 0.0471665 0.0237111 -0.0314919   0.186455   -9.80718 
             266.004 -0.195288   5.44158  -0.15128  0.662048  0.257194 -0.271781 -0.0436945    1.09979  0.0555039 -0.0085478 -0.0238844  0.0457388  0.311034 0.0618414 -0.133564   0.0107013 -0.00844229  0.00238345  0.422806  0.047023 0.0235695 -0.0314629   0.186422   -9.80718 
             266.104 -0.112021   5.28835 -0.250565  0.673048  0.252654 -0.271303 -0.043512   1.10004 0.0552667 -0.00854656  -0.0238859   0.0457382   0.31529 0.0518313 -0.120169   0.0106494 -0.00835607  0.00243541  0.423392 0.0472756 0.0231426 -0.0313178   0.186354   -9.80718 
             266.204 -0.283134   5.29572 -0.156254  0.668178  0.246603 -0.274872 -0.0433023    1.10012  0.0550634 -0.00854563  -0.0238859     0.04574   0.30385 0.0502037  -0.11467   0.0107523 -0.00836086  0.00238041   0.42433  0.047489 0.0230233 -0.0312676   0.186285   -9.80718 
             266.304 -0.529946   5.26712 -0.416606    0.6815  0.236731 -0.274184 -0.0431627    1.10049  0.0546713 -0.00854103  -0.0238893   0.0457354  0.312446 0.0417255 -0.101707   0.0108791 -0.00834286  0.00252412  0.424828 0.0479989 0.0226461 -0.0310897   0.186229   -9.80718 
             266.404 -0.318183   5.08098 -0.424924  0.694117  0.243909 -0.271752 -0.0430297    1.10074  0.0548399 -0.0085391 -0.0238915  0.0457397  0.310592 0.0535587 -0.089684   0.0107691 -0.00825271  0.00252066  0.425511 0.0476849 0.0222571 -0.0309442   0.186169   -9.80718 
             266.504 -0.301294   5.05507 -0.389144  0.703708  0.251022 -0.269495 -0.042897   1.10097 0.0549445 -0.00853639  -0.0238917   0.0457431   0.305736  0.0652772 -0.0771992   0.0107686 -0.00823411  0.00250177  0.426282 0.0474389 0.0219517 -0.0308178   0.186114   -9.80719 
             266.605 -0.558374   5.21353 -0.329343  0.706647   0.25526 -0.269356 -0.0427387    1.10107  0.0549193 -0.0085349 -0.0238912  0.0457467   0.296444  0.0787047 -0.0715938   0.0109177 -0.00831867  0.00246917  0.427219 0.0473882 0.0218304 -0.0307573   0.186057   -9.80719 
             266.704 -0.251722   5.18208 -0.284797  0.709973  0.258314 -0.267757 -0.0425969    1.10122  0.0548543 -0.00853314  -0.0238889   0.0457474    0.28755  0.0762684 -0.0646778    0.010745 -0.00829787  0.00244757  0.428148  0.047411 0.0216676 -0.030669  0.186005  -9.80719 
             266.804 -0.231365    5.1545 -0.325629  0.713006  0.263853 -0.259548 -0.0424956    1.10163  0.0548518 -0.00853045  -0.0238864   0.0457473   0.276656  0.0805239 -0.0462438   0.0107327 -0.00827878  0.00246991  0.429179 0.0473323 0.0212623 -0.0304561   0.185959   -9.80719 
             266.904 -0.706759   4.95462  -0.29019  0.710532  0.269136 -0.259528 -0.0423366    1.10162  0.0547995 -0.0085302 -0.0238848  0.0457588   0.256752  0.0961296 -0.0433573   0.0109766 -0.00816938  0.00245047  0.430212  0.047344 0.0212926 -0.030455  0.185906  -9.80719 
             267.004 -0.469308   4.93701 -0.323761  0.710932  0.265265 -0.253778 -0.0422048    1.10192  0.0544447 -0.00852922  -0.0238845   0.0457637   0.244308  0.0838282 -0.0333441   0.0108712 -0.00814793  0.00246689  0.431143 0.0477877 0.0210764 -0.030309  0.185863  -9.80719 
             267.104 -0.366935   4.95419 -0.282651  0.711059  0.266172 -0.256207 -0.0420488    1.10184  0.0542741 -0.00853008  -0.0238844   0.0457663   0.235159  0.0804761 -0.0370595   0.0108234 -0.00814726  0.00244708  0.431968 0.0479881 0.0212104 -0.0303521   0.185815   -9.80719 
             267.204 -0.364836   5.11696 -0.213682  0.703972  0.268396 -0.257035 -0.0418676    1.10182  0.0541773 -0.00852951  -0.0238827    0.045764   0.220008  0.0821594 -0.0380563   0.0108276 -0.00822555   0.0024088  0.433053  0.048081 0.0213065 -0.0303712   0.185758   -9.80719 
             267.304 -0.294467   5.19174 -0.268917  0.715051   0.27948 -0.262221 -0.0417855    1.10169  0.0543257 -0.00852932  -0.0238832   0.0457602   0.232486  0.0906511 -0.0420899   0.0107913 -0.00826106  0.00244334  0.433471 0.0478792 0.0214343 -0.0304339   0.185731   -9.80719 
             267.404  -0.22497   4.96937 -0.295714  0.697834  0.267673 -0.250859 -0.0416455    1.10217  0.0537799 -0.00852836  -0.0238825    0.045766   0.200926  0.0679382 -0.0264993   0.0107425 -0.00813458  0.00245816  0.434905 0.0485536 0.0211223 -0.0302121   0.185687    -9.8072 
             267.504 -0.449221    4.9068 -0.318469  0.711902  0.274659 -0.256707 -0.0415723    1.10202  0.0537865 -0.00852901  -0.0238828   0.0457673  0.213863  0.076122 -0.031695   0.0108688 -0.00809127  0.00246987  0.435087 0.0485366 0.0212873 -0.0302887   0.185664    -9.8072 
             267.604 -0.462004   5.03149 -0.225156 0.716104 0.276962 -0.25583 -0.041503   1.10214 0.0536697 -0.00852919  -0.0238827   0.0457677    0.21621  0.0770567 -0.0305186    0.010879 -0.00815738  0.00241584  0.435705 0.0486698 0.0212351 -0.0302404   0.185642    -9.8072 
             267.704 -0.631315   4.71182 -0.222079  0.718589  0.282485 -0.254912 -0.0414348    1.10222  0.0536446 -0.00852892  -0.0238828   0.0457728   0.207745  0.0875219 -0.0269582  0.0109725 -0.0079731 0.00241893  0.436346 0.0486723 0.0211943 -0.0302032   0.185618    -9.8072 
             267.804 -0.444918    4.8236 -0.110236   0.72372  0.290429 -0.255305 -0.0413681    1.10224  0.0536941 -0.00852816  -0.0238817   0.0457735    0.21021  0.0919563 -0.0261921   0.0108687 -0.00803694  0.00235826  0.436895 0.0485785 0.0211879 -0.0301908   0.185594    -9.8072 
             267.905 -0.036358   5.08491 -0.174308  0.721796  0.295302 -0.259638 -0.0412183    1.10211  0.0536756 -0.00852762  -0.0238827   0.0457685   0.211407  0.0847731 -0.0317986   0.0106285 -0.00817655  0.00239291    0.4376 0.0485535 0.0213718 -0.0302589   0.185545    -9.8072 
             268.005  0.149943   5.13105 -0.137745  0.727647  0.302954 -0.253131 -0.0412479    1.10235  0.0537812 -0.00852925   -0.023879    0.045762   0.217572  0.0796649 -0.0211471   0.0105204 -0.00819777  0.00237158  0.438212  0.048418 0.0210686 -0.0301194   0.185548    -9.8072 
             268.104  -0.327276     4.9066 -0.0277913  0.726545  0.301587 -0.252958 -0.0411361     1.1024  0.0535248 -0.00852925  -0.0238781   0.0457656   0.213024  0.0809513 -0.0206866   0.0107907 -0.00806917  0.00231089  0.438836 0.0487113 0.0210972 -0.0301002   0.185516    -9.8072 
             268.204 -0.276502   4.86605 0.0136572  0.738371  0.303688 -0.245219 -0.0411726     1.1027   0.053386 -0.00852932   -0.023878   0.0457661    0.220704   0.0763846 -0.00897239   0.0107667 -0.00804497  0.00228792  0.439205 0.0488911 0.0207744 -0.0299412   0.185529    -9.8072 
             268.304 -0.772857   4.79069 -0.240755  0.755298   0.30182 -0.251839 -0.0410869    1.10265  0.0530237 -0.00852766  -0.0238748   0.0457592   0.237516  0.0784992 -0.0184022   0.0110317 -0.00800076  0.00243253  0.439211 0.0493365 0.0210254 -0.0300102   0.185509    -9.8072 
             268.404  -1.20628   4.64628 -0.338622  0.755048  0.288342 -0.257414 -0.0409048    1.10268  0.0523025 -0.00852397    -0.02387   0.0457439  0.233279 0.0784999 -0.023812   0.0112691 -0.00791597  0.00249049  0.439674 0.0501856 0.0213053 -0.030046  0.185464   -9.8072 
             268.504 -0.831931   4.68603 -0.247383  0.757671  0.284004 -0.257569 -0.0407942    1.10279  0.0519843 -0.00852402  -0.0238707   0.0457456   0.231883  0.0746758 -0.0229864    0.011065 -0.00793606  0.00243944  0.440223 0.0505651 0.0213292 -0.0300097   0.185431    -9.8072 
             268.604 -0.627655   4.93217 -0.161523  0.764092  0.287934 -0.251321 -0.0407649    1.10299  0.0519384 -0.00852524  -0.0238695    0.045743  0.234957 0.0793598 -0.012972   0.0109522 -0.00807087  0.00238684  0.440811 0.0506041 0.0210843 -0.0298976    0.18542    -9.8072 
             268.704 -0.481023   5.00522 -0.325898  0.767248  0.287972 -0.254112 -0.0405948    1.10297  0.0517331 -0.00852391   -0.023872    0.045741   0.235894   0.077359 -0.0161467   0.0108541 -0.00811136  0.00248179  0.441385 0.0508368 0.0212627 -0.029931  0.185365   -9.8072 
             268.904 -0.666744   4.94751 -0.427313  0.825961    0.2937 -0.264274 -0.0405451    1.10293  0.0512862 -0.00852012   -0.023871   0.0457449   0.292083  0.0783743 -0.0267036   0.0109535 -0.00808141    0.002536  0.441103  0.051312 0.0214767 -0.029978  0.185355   -9.8072 
             269.007 -0.890022   4.83513 -0.292584  0.817621  0.295969 -0.247864 -0.0405418    1.10335  0.0512284 -0.00851846  -0.0238718   0.0457454    0.263565   0.0957018 -0.00620474   0.0110773 -0.00801346  0.00246222  0.442407 0.0514339 0.0209601 -0.029737  0.185354   -9.8072 
             269.104 -0.575427   4.92286  -0.38431  0.802841   0.29088 -0.252579 -0.0401838    1.10331  0.0509154 -0.00851702  -0.0238741   0.0457439   0.241728  0.0854226 -0.0152473   0.0108927 -0.00805683  0.00251352  0.443552 0.0517698 0.0213427 -0.0298129   0.185234   -9.80721 
             269.204 -0.526299   4.75913 -0.306037    0.8276  0.311756 -0.247947 -0.0403018    1.10336  0.0513713 -0.00851493  -0.0238722     0.04574    0.255989    0.109952 -0.00703752    0.010867 -0.00796484  0.00247029  0.443643  0.051295 0.0211031 -0.0297499   0.185271   -9.80721 
             269.305 -0.294645   4.77419 -0.242942 0.844325 0.330164 -0.24418 -0.0403249    1.10341  0.0516604 -0.0085124 -0.0238699  0.0457349    0.261712     0.12366 -0.00382728   0.0107428 -0.00797521  0.00243506  0.444005 0.0509482 0.0209779 -0.0297085   0.185277   -9.80721 
             269.404   0.12465   5.08773 -0.150492  0.860387  0.344488 -0.239663 -0.0403365    1.10348  0.0517583 -0.00851098  -0.0238669   0.0457266    0.272604    0.119394 -0.00100971    0.010522 -0.00814223  0.00238478  0.444414  0.050777 0.0208525 -0.029656  0.185282  -9.80721 
             269.504  0.137865   4.95068 -0.115471  0.860199  0.343749 -0.240464 -0.0401241     1.1035  0.0514087 -0.00851126  -0.0238672   0.0457279     0.26052    0.104203 -0.00582278   0.0105147 -0.00806291  0.00236427   0.44521  0.051097 0.0210495 -0.0296815   0.185215   -9.80721 
             269.605   0.11621   4.79014 -0.158328 0.869442 0.353821 -0.23478 -0.0401193    1.10359   0.051456 -0.00851128  -0.0238662   0.0457296      0.25494     0.104423 -0.000486656   0.0105258 -0.00797142   0.0023893  0.445762 0.0510076 0.0209403 -0.029627  0.185211  -9.80721 
             269.704 0.0274751    4.7942 -0.178675  0.872212  0.350395 -0.219239 -0.0401761    1.10387  0.0511257 -0.00851157  -0.0238645    0.045731    0.24578  0.0875621 0.00997409   0.0105766 -0.00797533  0.00240023  0.446427 0.0513936 0.0205734 -0.0294571   0.185233   -9.80721 
             269.804  0.416597   4.67044 -0.131177  0.868713   0.34765 -0.199208 -0.0402371    1.10417  0.0509014 -0.00851164  -0.0238615   0.0457343  0.225186 0.0652023 0.0282431   0.0103642 -0.00790776  0.00237179  0.447239 0.0515987 0.0201478 -0.0292716   0.185255   -9.80721 
             269.904   0.630484    4.63756 -0.0807939  0.867967  0.351052 -0.186583 -0.0402281    1.10426  0.0509356 -0.00851157    -0.02386   0.0457351  0.212662 0.0530751 0.0357827   0.0102465 -0.00789118   0.0023454  0.447914  0.051491 0.0199795 -0.0292002   0.185248   -9.80721 
             270.004 -0.041569   4.00376 -0.239787  0.846706  0.337065 -0.134994 -0.0405068    1.10498  0.0506357 -0.008507 -0.023859  0.045746  0.153645 0.0433781 0.0777775   0.0106152 -0.00754637  0.00243283  0.448963 0.0519862 0.0188003 -0.0287317   0.185331   -9.80721 
             270.104 -0.00778675     3.92424   -0.272165   0.84202  0.333719 -0.122384 -0.0404415    1.10505  0.0504588 -0.00850788  -0.0238592   0.0457505  0.137531 0.0353318  0.081087   0.0105975 -0.00750288  0.00244981  0.449449 0.0521275 0.0187593 -0.0286976   0.185312   -9.80721 
             270.204   0.20303   3.84608 -0.113996  0.840094  0.330133 -0.108696 -0.0403989    1.10514  0.0503046 -0.00850803  -0.0238583   0.0457525   0.12267 0.0208532 0.0848629   0.0104844 -0.00745824  0.00235871  0.449825 0.0522587 0.0186718 -0.0286513     0.1853   -9.80721 
             270.304  0.251448   3.72742 -0.130492   0.836001   0.325627 -0.0940809 -0.0403526    1.10522  0.0501709 -0.00850798  -0.0238574   0.0457532  0.104717 0.0104716 0.0879504   0.0104593 -0.00739332   0.0023673  0.450209 0.0523745 0.0185646 -0.0286022   0.185286   -9.80721 
             270.406 0.262772  3.59018 -0.15263   0.829563   0.319643 -0.0782536 -0.0403034     1.1053  0.0500266 -0.00850799  -0.0238568   0.0457536    0.0844736 -0.000257557     0.093453    0.010457 -0.00732349  0.00237911  0.450596 0.0525053 0.0184415 -0.0285491    0.18527   -9.80721 
             270.504  0.261224   3.45313 -0.173661   0.814925   0.313167 -0.0610807 -0.0402246    1.10537  0.0499352 -0.00850834  -0.0238564   0.0457538   0.0529353 -0.00633731   0.0991886   0.0104614 -0.00724783  0.00239071  0.451124 0.0525699 0.0183095 -0.0284992   0.185245   -9.80721 
             270.604  0.401059   3.36248 -0.114767   0.795987   0.305277 -0.0409177 -0.0401427    1.10545  0.0498367 -0.00850787  -0.0238552   0.0457521  0.0189783 -0.0165651   0.108733   0.0103891 -0.00719964  0.00235857  0.451668 0.0526379  0.018131 -0.0284377   0.185218   -9.80721 
             270.706  0.517451   3.25949 -0.114339  0.772013  0.297939 -0.017878 -0.0400528     1.1055  0.0498238 -0.00850731   -0.023854   0.0457487 -0.0211649 -0.0265688   0.118746   0.0103253 -0.00714177  0.00235816  0.452238 0.0526179 0.0179165 -0.0283757   0.185187   -9.80721 
             270.808   0.646744     3.1516 -0.0894715   0.735409   0.287459 0.00269165 -0.0399196    1.10556  0.0497612 -0.00850711  -0.0238527   0.0457445 -0.0668594   -0.03537   0.123195   0.0102537 -0.00708251  0.00234631  0.452959 0.0526561 0.0178205 -0.028339  0.185146  -9.80721 
              270.92   0.686991    2.98997 -0.0852115  0.692884  0.268754 0.0285802 -0.0398292     1.1057  0.0494482 -0.00850701  -0.0238515   0.0457444  -0.117432 -0.0574997   0.131126   0.0102296 -0.00699547  0.00234539  0.453569 0.0529791 0.0176661 -0.0282623   0.185118   -9.80721 
             271.012  0.673763    2.8312 -0.106578  0.661778   0.24994 0.0485396 -0.039815   1.10585 0.0490493 -0.00850679  -0.0238509   0.0457451  -0.153062 -0.0812985   0.134891   0.0102428 -0.00691038  0.00235868  0.453858 0.0533956 0.0175774 -0.0281955   0.185113   -9.80721 
             271.104  0.733988   2.70684 -0.141145  0.635783  0.235742 0.0685646 -0.0398032    1.10592  0.0489033 -0.00850632  -0.0238506   0.0457452 -0.182549 -0.101071  0.139189    0.010209 -0.00684184  0.00237769  0.454017 0.0535435 0.0174594 -0.0281501   0.185107   -9.80721 
             271.204  0.943226   2.66076 -0.207988  0.608847  0.223913 0.0764361 -0.039792   1.10596 0.0488959 -0.00850723   -0.023851   0.0457447 -0.203671 -0.118934   0.13228  0.0100924 -0.0068159 0.00241464  0.454193 0.0535599 0.0176239 -0.0281684   0.185107   -9.80721 
             271.304  0.781543   2.50864 -0.309971  0.595017  0.213226 0.0860182 -0.0398147    1.10594  0.0488878 -0.00850705  -0.0238508   0.0457446 -0.217468 -0.133321  0.131792   0.0101869 -0.00673125  0.00247521  0.454071 0.0535658 0.0176777 -0.0281817   0.185115   -9.80721 
             271.404  0.900097   2.40236 -0.221797  0.565828  0.198708 0.0984883 -0.0398145    1.10599   0.048903 -0.0085072 -0.0238507  0.0457449 -0.245814 -0.150295  0.131405   0.0101223 -0.00667529  0.00242403  0.454185 0.0535513 0.0177247 -0.0281777   0.185116   -9.80721 
             271.516  0.209781   3.13278 -0.300879   0.565495   0.201273 -0.0268159 -0.0402192    1.10683  0.0480271 -0.00850646  -0.0238446   0.0457479 -0.159774 -0.104425 0.0434495   0.0104982 -0.00707364  0.00247447  0.454708 0.0542343 0.0205598 -0.0284258   0.185311   -9.80721 
             271.604 -0.180262   3.30089 -0.250941   0.509227   0.176863 -0.0602203 -0.0405126    1.10767   0.047245 -0.00850173  -0.0238376   0.0457399  -0.180585 -0.0977903  0.0109748   0.0107185 -0.00716491  0.00244743  0.455661 0.0550324 0.0216107 -0.0283341   0.185418   -9.80721 
             271.704 -0.157463   3.58138 -0.294172     0.4607   0.160844 -0.0908887 -0.0408527    1.10854  0.0470377 -0.0084937 -0.0238329  0.0457332   -0.19264 -0.0901452 -0.0171057   0.0107009 -0.00732078  0.00247492  0.456435 0.0554045 0.0225572 -0.0282133   0.185544    -9.8072 
             271.805 -0.140308    3.7882 -0.341199   0.431676    0.15314 -0.0956083 -0.0409094    1.10868  0.0472127 -0.00849221  -0.0238322   0.0457305  -0.197122 -0.0838064 -0.0220959   0.0106892 -0.00743477  0.00250128  0.456666 0.0553064 0.0226879 -0.0281876   0.185562    -9.8072 
             271.905 -0.0322291    3.89876  -0.275931  0.399671  0.143128 -0.103058 -0.0410539    1.10901  0.0473121 -0.00848873  -0.0238311   0.0457266  -0.202427 -0.0864625 -0.0310033   0.0106288 -0.00749367  0.00246813  0.456949   0.05529 0.0229338 -0.0281188   0.185609    -9.8072 
             272.004  0.204672    4.0022 -0.289752  0.378467  0.139109 -0.102595 -0.0409933    1.10882  0.0476345 -0.00848939  -0.0238305   0.0457226  -0.200841 -0.0880704 -0.0276549   0.0104922 -0.00754757   0.0024759     0.457 0.0550288 0.0228076 -0.028159  0.185582   -9.8072 
             272.104  0.378286   4.24391 -0.229144  0.377449  0.140897 -0.110295 -0.0409445    1.10857  0.0479123 -0.00849098  -0.0238305    0.045722  -0.167713 -0.0878711 -0.0279363   0.0103965 -0.00767875  0.00244279  0.456783 0.0547781 0.0227523 -0.0282332   0.185562    -9.8072 
             272.204  0.321328   4.16143 -0.160203  0.346098   0.12845 -0.107828 -0.0409584    1.10864  0.0479803 -0.00848996  -0.0238294   0.0457197  -0.177479 -0.0975857 -0.0291817   0.0104317 -0.00763138  0.00240221  0.457008 0.0547254 0.0227298 -0.0282059   0.185562    -9.8072 
             272.304 0.396947  4.12841 -0.18218  0.325711  0.120842 -0.108388 -0.0409492    1.10856  0.0481636 -0.00848975  -0.0238291   0.0457184  -0.174366  -0.104475 -0.0263681   0.0103873 -0.00761097   0.0024156  0.457077 0.0545631 0.0226767 -0.0282199   0.185552    -9.8072 
             272.404  0.411153   4.35244 -0.273601  0.329476  0.125019 -0.115656 -0.0409178    1.10829  0.0485396 -0.00849168  -0.0238296   0.0457181  -0.140706 -0.0970477 -0.0259841    0.010374 -0.00773197  0.00246542  0.456853 0.0542033 0.0225851 -0.0282924   0.185531    -9.8072 
             272.504  0.188189   4.19383 -0.219479  0.336477  0.122937 -0.117286 -0.0407937    1.10795  0.0485386 -0.00849285  -0.0238309   0.0457193    -0.1119 -0.0926227 -0.0196261   0.0104966 -0.00763954  0.00243808  0.456504 0.0541806 0.0223547 -0.0283705   0.185488   -9.80721 
             272.605 -0.237613   3.53346 -0.311297   0.302942  0.0964302 -0.0514223 -0.0398315    1.10612  0.0480949 -0.00849252  -0.0238346   0.0457077 -0.158821  -0.10669 0.0379612    0.010727 -0.00727813  0.00249023  0.456301 0.0545769 0.0205538 -0.0286763   0.185148   -9.80721 
             272.705 -0.236322   3.40236 -0.358409  0.297365 0.0854851 -0.035785 -0.0396036    1.10567  0.0479261 -0.00848977   -0.023836   0.0457011 -0.155772 -0.109492 0.0514082   0.0107249 -0.00720791    0.002519  0.456032 0.0547035 0.0200925 -0.0287529   0.185068   -9.80721 
             272.804 -0.0460948    3.26337  -0.363603    0.247465   0.0662446 -0.00766064 -0.039363   1.10526 0.0480335 -0.00849175  -0.0238346   0.0457079 -0.205529 -0.123004 0.0641989   0.0106201 -0.00712948  0.00252182  0.456571 0.0545434 0.0196843 -0.0288065   0.184979   -9.80721 
             272.904   0.39053   3.37332 -0.395088    0.21139  0.0549156 0.00315055 -0.0393502     1.1052  0.0482445 -0.00849364  -0.0238355   0.0457057 -0.229209 -0.133545 0.0648048     0.01037 -0.00719041  0.00253838  0.456915 0.0542719 0.0196877 -0.0288187   0.184968   -9.80721 
             273.004  0.898781    3.7431 -0.340998   0.187723  0.0532476 0.00968174 -0.0393933    1.10514  0.0486379 -0.00849349  -0.0238352   0.0456879 -0.231067 -0.136691 0.0659933  0.0100916 -0.0073941 0.00251238  0.457013 0.0537638 0.0196749 -0.0288362   0.184968   -9.80721 
             273.104  0.793629   3.93637 -0.271508   0.157741  0.0457019 -0.0146589 -0.0398796    1.10604  0.0488009 -0.00848451  -0.0238447   0.0456811 -0.233245 -0.134497 0.0283435   0.0101524 -0.00750316  0.00247299  0.457132 0.0536107 0.0208246 -0.0287377   0.185127   -9.80721 
             273.204  0.133852   3.47851 -0.303628   0.135917  0.0266939 -0.0156607  -0.03992   1.10618 0.0484307 -0.00848577  -0.0238437   0.0456771 -0.234835 -0.140862 0.0227212   0.0105258 -0.00723942  0.00249052  0.456981 0.0538839 0.0209766 -0.0287204   0.185149   -9.80721 
             273.304  0.206429   3.46019 -0.332165   0.111127  0.0165019 -0.0246335 -0.0400972    1.10649  0.0485847 -0.00848704  -0.0238421   0.0456794  -0.239116  -0.140493 0.00880829   0.0104856 -0.00723177  0.00250617  0.456974 0.0537692 0.0214038 -0.0286925   0.185211   -9.80721 
             273.405 0.0352773   3.50792 -0.270758  0.0690989 0.00530595 -0.0238678 -0.0400587    1.10649  0.0487798 -0.00848702  -0.0238399   0.0456866  -0.268807  -0.133951 0.00855855  0.0105762 -0.0072566  0.0024732  0.457741  0.053566 0.0214992 -0.0287008   0.185199   -9.80721 
             273.504  0.070111   3.49268 -0.273555   0.0398563 -0.00442599  -0.0223968 -0.0400459    1.10645  0.0489508 -0.00848684  -0.0238397   0.0456886  -0.276736  -0.131638 0.00930317   0.0105567 -0.00725084  0.00247135  0.457876 0.0533937 0.0214765 -0.0287055   0.185193   -9.80721 
             273.605 0.508451  4.47316 -0.24324  0.0355296 0.00136244 -0.0461448 -0.0404276      1.107  0.0495849 -0.00848378  -0.0238385   0.0456912  -0.220669    -0.1226 -0.0153263   0.0103422 -0.00774468  0.00245762  0.457069 0.0527626 0.0221733 -0.028654  0.185325  -9.80721 
             273.704 -0.0847257    4.49248  -0.255608   0.0199401 -0.00490248   -0.040847 -0.0403527    1.10681  0.0497683 -0.00848681  -0.0238411   0.0456976   -0.202355    -0.10831 -0.00598261   0.0106688 -0.00776112  0.00246575   0.45688 0.0525479 0.0218727 -0.0286675   0.185295   -9.80721 
             273.804 -0.0345388    4.62709  -0.257202 0.00172085 -0.0155517 -0.0271495 -0.0401746    1.10646  0.0498766 -0.0084909 -0.0238435     0.0457  -0.185877   -0.11077 0.00773051   0.0106422 -0.00783689  0.00246687  0.456872 0.0524666 0.0213614 -0.0286919   0.185229   -9.80721 
             273.904 -0.185497   4.27703 -0.283068 -0.0194509 -0.0275352 -0.0290198 -0.0402017    1.10653  0.0498018 -0.00849109  -0.0238427   0.0456999  -0.186105  -0.109663 0.00357063   0.0107214 -0.00763708  0.00248451  0.456925 0.0525189 0.0214707 -0.0286895   0.185239   -9.80721 
             274.004 -0.304856   3.88652 -0.287134 -0.0533245 -0.0419534 -0.0314324 -0.0401873     1.1066  0.0497089 -0.00849364  -0.0238415   0.0457038   -0.210028   -0.110549 -0.00263276   0.0107829 -0.00741419  0.00248972  0.457398  0.052601 0.0216789 -0.0286998   0.185241   -9.80721 
             274.116 -0.230155   4.23758 -0.277334 -0.0876063 -0.0624932 -0.0060373 -0.0399186    1.10616   0.049525 -0.0084946 -0.0238441  0.0457037 -0.210736  -0.12068 0.0215729   0.0107383 -0.00761517  0.00248403  0.457755 0.0527523 0.0209674 -0.028716  0.185143  -9.80721 
             274.208 -0.0979778    4.20487  -0.331014  -0.107165 -0.0722636 -0.0048514  -0.03993   1.10616 0.0496126 -0.00849477  -0.0238441   0.0457035 -0.204774 -0.122812 0.0209989  0.0106595 -0.0075951 0.00251523  0.457772  0.052666 0.0209939 -0.0287189   0.185146   -9.80721 
             274.306  0.208775   3.60303 -0.428762   -0.123323  -0.0799547 -0.00686795 -0.039998   1.10621 0.0498649 -0.00849633  -0.0238446   0.0457018 -0.212142 -0.127729 0.0192485   0.0104789 -0.00724981   0.0025704  0.457588 0.0524655 0.0210837 -0.0287209   0.185164   -9.80721 
             274.405 -0.104668   3.65806 -0.344215  -0.141722 -0.0870935 0.00449363 -0.0399558    1.10606  0.0501159 -0.00849449  -0.0238447   0.0457013 -0.211671 -0.117604 0.0299059  0.0106453 -0.0072767 0.00252232  0.457533 0.0522571 0.0207755 -0.0287143   0.185143   -9.80721 
             274.505 -0.0824512     3.3303  -0.397567  -0.159898 -0.0935383 0.00938502 -0.0399701    1.10602  0.0502906 -0.00849375  -0.0238445   0.0457009 -0.217959 -0.113723 0.0324425   0.0106296 -0.00713986  0.00253843  0.457476 0.0520667 0.0206931 -0.0287129   0.185143   -9.80721 
             274.606 -0.113029    3.2972 -0.376806  -0.173515 -0.0993694  0.0130236 -0.0399964      1.106  0.0504418 -0.0084927 -0.0238441  0.0456995 -0.215366 -0.107789 0.0363226   0.0106379 -0.00712696  0.00252924  0.457316 0.0519298 0.0206368 -0.0287075   0.185149   -9.80721 
             274.706 -0.355163   3.45834 -0.435822 -0.196089 -0.123352 0.0124089 -0.0400155    1.10608  0.0500117 -0.00849324  -0.0238438   0.0456973 -0.215606 -0.123076 0.0306112   0.0107624 -0.00721995  0.00255722  0.457222 0.0524298 0.0207761 -0.0287052   0.185156   -9.80721 
             274.806 -0.653465   4.11975 -0.399519 -0.204554 -0.123642 0.0183104 -0.0400209    1.10601  0.0503253 -0.00849481   -0.023845   0.0457027  -0.186201 -0.0972754  0.0358599   0.0109263 -0.00759106  0.00253182  0.457063 0.0521426 0.0206211 -0.028701  0.185159  -9.80721 
             274.904 -0.203914   3.33365 -0.468264 -0.205347 -0.121973 0.0188355 -0.0400626    1.10603   0.050662 -0.00849473  -0.0238446   0.0456967  -0.182855 -0.0932811  0.0346822   0.0106709 -0.00714102  0.00257555  0.456629 0.0518569 0.0206569 -0.0286975   0.185172   -9.80721 
             275.005  0.365377   4.35968 -0.420601 -0.203799 -0.116583 0.0226048 -0.0400734    1.10597  0.0508926 -0.00849717   -0.023843      0.0457  -0.136657 -0.0911843  0.0362471   0.0103534 -0.00770641  0.00255427  0.456306 0.0514338 0.0205636 -0.0286984   0.185181   -9.80721 
             275.105  0.368388   3.72142 -0.455526 -0.206619 -0.112979 0.0192093 -0.0401084    1.10607   0.051251 -0.00849864  -0.0238447   0.0456945  -0.126989 -0.0811321  0.0270985   0.0103458 -0.00737299  0.00257032  0.456053 0.0510791 0.0207639 -0.0286989   0.185189   -9.80721 
             275.204  0.222847   3.67214 -0.338809 -0.207314 -0.111119 0.0225976 -0.0401192    1.10602  0.0515289 -0.00849792  -0.0238452   0.0456923  -0.110998 -0.0727031  0.0288198  0.0104274 -0.0073432 0.00250493  0.455799 0.0508284 0.0206892 -0.0286993   0.185193   -9.80721 
             275.304   0.39344   3.31237 -0.308601 -0.218721 -0.115259 0.0240397 -0.0401329    1.10604  0.0516569 -0.00849802  -0.0238452   0.0456915    -0.1227 -0.0791401  0.0267068  0.0103317 -0.0071377 0.00248866  0.455806 0.0506783 0.0207406 -0.0286989   0.185195   -9.80721 
             275.404  0.288592   3.47861 -0.357392 -0.206922 -0.109441 0.0246226 -0.040147   1.10601 0.0520035  -0.008498 -0.0238464  0.0456883  -0.093816 -0.0700932  0.0288213   0.0103888 -0.00722565  0.00252222  0.455251 0.0503687 0.0207161 -0.0287001     0.1852   -9.80721 
             275.504 -0.182776   3.22807 -0.318128 -0.192614 -0.102964 0.0214742 -0.0401691    1.10607  0.0522695 -0.00849855  -0.0238471   0.0456868 -0.0738833 -0.0492492  0.0238728  0.0106563 -0.0070776 0.00250127  0.454646 0.0501269 0.0208331 -0.0286985   0.185208   -9.80721 
             275.604 0.679128  3.61487 -0.20753  -0.19969 -0.102016 0.0291558 -0.0401515    1.10594  0.0525389 -0.00849795  -0.0238447   0.0456846 -0.0714315 -0.0660531  0.0305551   0.0101673 -0.00729804  0.00243638  0.454783 0.0497447 0.0206395 -0.028705  0.185202  -9.80721 
             275.705   1.05006   3.85109 -0.302799  -0.19405  -0.10088 0.0289383 -0.0401551    1.10594  0.0528144 -0.00849816  -0.0238452   0.0456833 -0.0509173 -0.0806413   0.027195  0.00996771 -0.00741864  0.00248522  0.454493 0.0494764 0.0206938 -0.0287062   0.185206   -9.80721 
             275.804  0.311969   3.36335 -0.361347  -0.178879 -0.0965189  0.0216079 -0.0402007     1.1061  0.0529448 -0.00849964  -0.0238441   0.0456842 -0.0336954 -0.0612511  0.0180046   0.0103793 -0.00713567  0.00251569  0.453868 0.0492915  0.020949 -0.028695  0.185225  -9.80721 
             275.905  0.104272   3.36467 -0.317476  -0.174023 -0.0956831  0.0200584 -0.0402116    1.10614  0.0531366 -0.00850005  -0.0238441   0.0456862 -0.0293996 -0.0551471  0.0154277   0.0104934 -0.00713756  0.00249335  0.453625 0.0491101 0.0210195 -0.0286938   0.185231   -9.80721 
             276.005  0.040238   3.34467 -0.322875  -0.169142 -0.0955334  0.0190207 -0.040226   1.10616 0.0532864 -0.00850034   -0.023844   0.0456873 -0.0252764 -0.0492927  0.0144912   0.0105318 -0.00712745  0.00249649  0.453379 0.0489665 0.0210675 -0.0286926   0.185238   -9.80721 
             276.104  0.158888    3.4179 -0.348534  -0.163847 -0.0928939  0.0163602 -0.0402516    1.10621  0.0535211 -0.00850072   -0.023844   0.0456892 -0.0189528 -0.0460025  0.0108336   0.0104613 -0.00716218  0.00250944  0.453152 0.0487316 0.0211749 -0.0286882    0.18525   -9.80721 
             276.205  0.143943   3.34458 -0.325585  -0.132704 -0.0756037   0.034268 -0.0401087    1.10557  0.0542464 -0.00850132  -0.0238481   0.0456933  0.0120175 -0.0290989  0.0342449   0.0104714 -0.00711917  0.00249537  0.452122 0.0480051 0.0203754 -0.0287653   0.185183   -9.80721 
             276.405 0.217734  3.27753 -0.33918 -0.115942 -0.072036 0.0489829 -0.0400475    1.10528  0.0545864 -0.00850109  -0.0238495   0.0456942  0.0136472 -0.0339239  0.0434537   0.0104277 -0.00708693  0.00250092  0.451648 0.0476585 0.0200332 -0.0288029   0.185154   -9.80721 
             276.505  0.249918   3.07328 -0.321854  -0.118452 -0.0715142  0.0611884 -0.0399662    1.10504  0.0547582 -0.00850048  -0.0238495   0.0456937 -0.00483095  -0.0347732   0.0528587   0.0104134 -0.00697617  0.00248904  0.451772 0.0474385 0.0197474 -0.0288397   0.185119   -9.80721 
             276.605  0.213135    2.9787 -0.342619  -0.128623 -0.0807956  0.0692499 -0.0399407    1.10503  0.0545777 -0.0085004 -0.0238496  0.0456944 -0.0305475 -0.0468198  0.0558744    0.010428 -0.00692024  0.00249969  0.452103 0.0476052 0.0197147 -0.0288403    0.18511   -9.80721 
             276.804  0.100198   3.26063 -0.307086  -0.134881 -0.0814559  0.0605809 -0.0400777    1.10552  0.0547474 -0.00849956  -0.0238484   0.0456936 -0.0400256 -0.0416085  0.0333086   0.0104835 -0.00705708  0.00248215   0.45217 0.0474172 0.0203213 -0.0287678   0.185175   -9.80721 
             276.905 0.158838   3.2307 -0.33542  -0.140668 -0.0781081  0.0430256 -0.0402429    1.10611  0.0549203 -0.00849864  -0.0238479   0.0456921 -0.0479143 -0.0344702  0.0100251   0.0104563 -0.00705426  0.00249952  0.452302 0.0472361  0.021022 -0.0286702   0.185249   -9.80721 
             277.004  0.209803   3.23717 -0.301219  -0.124198 -0.0678851  0.0497128 -0.0402249     1.1058  0.0553627 -0.00849932  -0.0238481   0.0456936 -0.0287803 -0.0253925  0.0188817     0.01043 -0.00706378  0.00248124   0.45154 0.0467732 0.0207051 -0.028725  0.185232  -9.80721 
             277.105  0.126007   3.16667 -0.279116   -0.13369 -0.0710435  0.0405603 -0.0403028    1.10616   0.055291 -0.00849905  -0.0238474   0.0456932 -0.0444849 -0.0258618 0.00566533   0.0104741 -0.00702315  0.00247259  0.451795 0.0468423 0.0211098 -0.0286594   0.185269   -9.80721 
             277.205  0.262404   3.31242 -0.284775  -0.142207 -0.0745707  0.0331167 -0.0403592    1.10643  0.0552619 -0.0084981 -0.0238478  0.0456924  -0.0530748  -0.0336662 -0.00416576  0.0103962 -0.0071029 0.00247612  0.451967  0.046877 0.0214035 -0.0286101   0.185295   -9.80721 
             277.405  0.761042   3.51666 -0.288038  -0.159227 -0.0851604  0.0368162 -0.0403221    1.10629  0.0552857 -0.00849872  -0.0238467   0.0456891   -0.0645729    -0.068791 -5.46034e-05   0.0101116 -0.00722111  0.00247932  0.452151  0.046809 0.0212791 -0.0286356   0.185278   -9.80721 
             277.505  0.780204   3.62648 -0.311903   -0.16154 -0.0840192  0.0333878 -0.0403761    1.10637  0.0555217 -0.00849855  -0.0238471   0.0456871  -0.0589386  -0.0708739 -0.00244576   0.0101037 -0.00727183  0.00249051  0.452049 0.0465361 0.0213773 -0.0286226   0.185293   -9.80721 
             277.605  0.873657   3.51527 -0.355307  -0.154382 -0.0809316   0.035642 -0.0403937    1.10622  0.0558695 -0.00849925  -0.0238455   0.0456851 -0.0463644 -0.0753385 0.00279992  0.0100505 -0.0072052 0.00251439  0.451611 0.0461851 0.0212126 -0.0286541   0.185289   -9.80721 
             277.705  0.763993   3.32988 -0.323514  -0.139818 -0.0805221  0.0378483 -0.0404111    1.10608  0.0561631 -0.00849836  -0.0238454    0.045681 -0.0271063 -0.0811063 0.00718263   0.0101128 -0.00709912  0.00249415  0.450929 0.0459467  0.021029 -0.0286819   0.185286   -9.80721 
             277.805  0.452392   3.01708 -0.331508  -0.127689 -0.0816613   0.040973 -0.0404058    1.10592  0.0563915 -0.00849592  -0.0238472   0.0456756 -0.0200356 -0.0784054  0.0131455   0.0102896 -0.00692127  0.00249822  0.450362 0.0457561 0.0208364 -0.0287094   0.185274   -9.80721 
             277.905 0.0983493   3.23997 -0.342112  -0.132407 -0.0822325  0.0435041 -0.0403575    1.10587  0.0566098 -0.00849629  -0.0238484   0.0456821 -0.0307965 -0.0669108   0.014903   0.0104909 -0.00704487  0.00250841   0.45049 0.0454936  0.020779 -0.0287217   0.185259   -9.80721 
             278.005 0.0882433   3.06237 -0.408318  -0.139503 -0.0857484  0.0410473 -0.0404158    1.10602  0.0566895 -0.00849765  -0.0238469   0.0456853 -0.0469556 -0.0653544  0.0106498   0.0104941 -0.00694783  0.00254435  0.450649 0.0453704 0.0209616 -0.0286963   0.185287   -9.80721 
             278.106 0.0261442   3.26001 -0.370224  -0.145421 -0.0874107  0.0326368 -0.0405582    1.10632  0.0568219 -0.00849762  -0.0238434   0.0456864  -0.0532147  -0.0589007 -0.00206706   0.0105294 -0.00705714  0.00252477  0.450747 0.0452227 0.0213417 -0.0286393   0.185352   -9.80721 
             278.205  0.230113   3.45656 -0.499128  -0.150973 -0.0899403  0.0245131 -0.0406769    1.10657  0.0569461 -0.00849693  -0.0238428   0.0456852  -0.055673 -0.0622698 -0.0141124   0.0104185 -0.00716386  0.00258778  0.450813 0.0451004 0.0216562 -0.0285916   0.185405   -9.80721 
             278.305  0.269478   3.51269 -0.507504 -0.162517 -0.096213 0.0251941 -0.0406442    1.10653  0.0569716 -0.00849725  -0.0238433   0.0456832 -0.0671917 -0.0681107 -0.0125935   0.0103978 -0.00719281  0.00259575  0.451049 0.0450388 0.0216041 -0.0286026   0.185392   -9.80721 
             278.404  0.136612   3.34247 -0.415906  -0.149516 -0.0920801  0.0217423 -0.0406708    1.10651  0.0572901 -0.00849733  -0.0238444   0.0456833 -0.0465116 -0.0593934 -0.0144572   0.0104743 -0.00710216  0.00254456  0.450289 0.0447011 0.0215682 -0.0285999     0.1854   -9.80721 
             278.605  0.420025   3.67321 -0.434137 -0.161952 -0.096588 0.0119597 -0.0407607    1.10669   0.057552 -0.00849576  -0.0238446   0.0456776 -0.0479098 -0.0684512 -0.0234412  0.0103211 -0.0072832 0.00255611  0.450508 0.0443716 0.0218077 -0.0285651   0.185437   -9.80721 
             278.705 -0.0988888    3.44756  -0.529703 -0.167426 -0.101535 0.0223904 -0.0405968    1.10631  0.0575941 -0.00849583  -0.0238467   0.0456786  -0.0579202  -0.0586867 -0.00905934   0.0105993 -0.00716341  0.00260961  0.450474 0.0442854 0.0213207 -0.0286353   0.185367   -9.80721 
             278.805 0.0372686    3.5299 -0.398099  -0.166707 -0.0948677  0.0108727 -0.0407596    1.10659  0.0579796 -0.0084945 -0.0238468  0.0456795 -0.0481416 -0.0460101 -0.0207924   0.0105248 -0.00720913  0.00253502  0.450277 0.0438609 0.0216793 -0.0285778   0.185423   -9.80721 
             278.904 -0.0147751    3.33128  -0.392405  -0.165401   -0.09129 0.00875412 -0.0407787    1.10659  0.0582229 -0.00849397  -0.0238471   0.0456796 -0.0476692 -0.0358554 -0.0211674   0.0105567 -0.00709906  0.00253125  0.450036 0.0435604 0.0216437 -0.0285745   0.185422   -9.80721 
             279.105 -0.218551   3.31283 -0.403408   -0.17134 -0.0947254 0.00711058 -0.0407555    1.10653  0.0583028 -0.0084936 -0.0238476  0.0456796 -0.0553389 -0.0275479 -0.0200322   0.0106693 -0.00708896  0.00253575  0.449868 0.0434669 0.0215349 -0.0285837    0.18541   -9.80721 
             279.205  0.457563   3.60564 -0.350855  -0.170481 -0.0938606  0.0136851 -0.0407026    1.10631  0.0585344 -0.00849367  -0.0238451   0.0456784  -0.0441317  -0.0476519 -0.00890333   0.0103021 -0.00725258  0.00250605  0.449706 0.0431346 0.0211935 -0.0286165    0.18538   -9.80721 
             279.305  0.373878   3.60314 -0.378771  -0.167591 -0.0869879  0.0186159 -0.0407013    1.10616   0.058894 -0.00849379  -0.0238436   0.0456762  -0.0387899  -0.0389921 -0.00202923   0.0103495 -0.00725312  0.00252311 0.449457 0.042676 0.020933 -0.0286352   0.185363   -9.80721 
             279.505  0.553328   3.60746 -0.359232 -0.178242 -0.100338 0.0187107 -0.0406868    1.10613  0.0588301 -0.00849389  -0.0238434   0.0456768 -0.0462792 -0.0671833 -0.0159916   0.0102473 -0.00725325  0.00250993  0.449537 0.0427512 0.0208995 -0.0286413   0.185359   -9.80721 
             279.605  0.686155   3.74407 -0.332883  -0.183287 -0.0967384  0.0224427 -0.0407093    1.10598    0.05914 -0.00849418  -0.0238419   0.0456743 -0.0467255 -0.0623356 -0.0101746   0.0101727 -0.00732908  0.00249874  0.449598 0.0423273 0.0206841 -0.0286611   0.185349   -9.80721 
             279.705  0.476082   3.75998 -0.359519  -0.180373 -0.0924706  0.0162671 -0.040789   1.10611 0.0594203 -0.00849421  -0.0238421    0.045675 -0.0353693 -0.0583557 -0.0145445   0.0102993 -0.00733631  0.00251534  0.449345 0.0420244 0.0208142 -0.0286395   0.185365   -9.80721 
             279.905 0.711795  4.01696 -0.29695  -0.180266  -0.100199 0.00873241 -0.0408445    1.10621  0.0595974 -0.0084937 -0.0238426  0.0456751 -0.0136651 -0.0805281 -0.0211159   0.0101658 -0.00748176  0.00248262  0.449196  0.041843 0.0209261 -0.0286244   0.185379   -9.80721 
             280.105  0.182147   3.59474 -0.427676 -0.174484 -0.100131 0.0073394 -0.0409259    1.10619  0.0599917 -0.00849442   -0.023843   0.0456799 -0.0142445  -0.063374 -0.0197743   0.0104644 -0.00724409  0.00255201  0.448879 0.0414176 0.0207827 -0.0286249   0.185376   -9.80721 
             280.205  0.186808   3.51921 -0.339553  -0.149366 -0.0818651  0.0157196 -0.0410168    1.10608  0.0608082 -0.00849271  -0.0238446   0.0456825   0.0102613  -0.0446607 -0.00820999   0.0104581 -0.00720401  0.00249922  0.448074 0.0405581   0.02029 -0.0286296    0.18534   -9.80721 
             280.305  0.382353   3.58344 -0.356345  -0.150863 -0.0789348   0.010836 -0.0410944    1.10611  0.0609914 -0.0084931 -0.0238448  0.0456826 0.00640569 -0.0417482 -0.0137602   0.0103451 -0.00723939  0.00250575  0.448202 0.0402913 0.0204273 -0.028627  0.185359  -9.80721 
             280.405 -0.0677416    3.21666   -0.31845  -0.141464 -0.0774776   0.010739 -0.0411167    1.10613  0.0611403 -0.00849228  -0.0238455   0.0456818 0.00554833 -0.0314991 -0.0121399    0.010602 -0.00703173  0.00248324  0.447887 0.0401394 0.0203323 -0.0286221   0.185353   -9.80721 
             280.505 0.0331877   3.72596 -0.302929  -0.142466 -0.0747229 0.00859632 -0.0411463    1.10611   0.061262 -0.00849259  -0.0238451   0.0456816 0.00822911 -0.0265562 -0.0140579   0.0105479 -0.00731788  0.00247465  0.448001 0.0398989 0.0203575 -0.0286241   0.185357   -9.80721 
             280.605  0.304382   3.36889 -0.384996  -0.124918 -0.0717799  0.0194792 -0.0411022    1.10596  0.0615757 -0.00849145  -0.0238436   0.0456807  0.0204539 -0.0331951 0.00139194    0.010389 -0.00711144  0.00251889  0.447387 0.0396279 0.0198236 -0.0286297   0.185302   -9.80721 
             280.705 0.0185358   3.40293 -0.492924  -0.114533 -0.0657678  0.0253758 -0.0411105    1.10588  0.0618898 -0.00849244  -0.0238442   0.0456818  0.0256024 -0.0210906 0.00916445  0.0105486 -0.0071314 0.00258164  0.447103 0.0392711 0.0195398 -0.0286344   0.185276   -9.80721 
             280.805  0.502779   3.63929 -0.334946  -0.113904 -0.0638728   0.031553 -0.0411034    1.10578  0.0620413 -0.00849296  -0.0238425   0.0456771  0.0241858 -0.0300509  0.0153546   0.0102802 -0.00726459  0.00249439   0.44722  0.038999 0.0193417 -0.0286448   0.185256   -9.80721 
             280.905  0.626522   3.54202 -0.390412  -0.11652 -0.068326 0.0301453 -0.0411228    1.10583  0.0620121 -0.0084928 -0.0238437  0.0456763  0.0140869 -0.0433641  0.0100265   0.0102076 -0.00720653  0.00252356  0.447416 0.0390167 0.0194912 -0.0286418   0.185269   -9.80721 
             281.105  0.721998    3.5339 -0.361606   -0.12403 -0.0761409   0.031319 -0.0411382    1.10582  0.0620799 -0.00849239   -0.023844    0.045673 -0.00296561  -0.0667222   0.0101312   0.0101555 -0.00720095  0.00250897  0.447787 0.0388449 0.0195679 -0.0286445   0.185274   -9.80721 
             281.205  0.537407   3.42294 -0.376876  -0.115821 -0.0743982  0.0308724 -0.0411711    1.10584  0.0623221 -0.00849218   -0.023844   0.0456728 0.00303876 -0.0626855 0.00854816   0.0102565 -0.00714114  0.00251737   0.44746 0.0385598 0.0195432 -0.0286406   0.185278   -9.80721 
             281.305 0.782652   3.5135 -0.45191  -0.120674 -0.0749534  0.0316574 -0.0411795    1.10584  0.0625005 -0.00849276  -0.0238446   0.0456704 -0.00533141  -0.0686582  0.00924949   0.0101172 -0.00718869  0.00255906   0.44771 0.0382451  0.019567 -0.028642  0.185279  -9.80721 
             281.405  0.530794   3.52535 -0.406745  -0.131764 -0.0780985  0.0308469 -0.0411903    1.10588  0.0625671 -0.00849243  -0.0238445   0.0456723  -0.022262 -0.0686881 0.00592491   0.0102497 -0.00719838  0.00253364  0.448145 0.0380506 0.0196792 -0.0286381    0.18529   -9.80721 
             281.507  0.659528   3.57039 -0.322834  -0.136894 -0.0777654  0.0281963 -0.0412254    1.10595  0.0627773  -0.008491 -0.0238439  0.0456727 -0.0296948 -0.0678143 0.00246896   0.0101785 -0.00722453  0.00248693  0.448302 0.0377129 0.0198049 -0.0286291   0.185308   -9.80721 
             281.605  0.303582   3.37006 -0.348749  -0.138235 -0.0797372  0.0315086 -0.0411876    1.10589  0.0629102 -0.00849048  -0.0238446   0.0456751 -0.0357062 -0.0621116 0.00705044   0.0103767 -0.00711258  0.00250161  0.448232 0.0375241 0.0196729 -0.0286357   0.185289   -9.80721 
             281.705  0.526436   3.56307 -0.322682  -0.143062 -0.0823323   0.028024 -0.0412326    1.10597  0.0630273 -0.00848989  -0.0238443   0.0456759 -0.0364054 -0.0691304 0.00121226   0.0102595 -0.00722019  0.00248716   0.44832 0.0373443  0.019829 -0.0286242   0.185313   -9.80721 
             281.805  0.205245   3.68452 -0.322708  -0.143967 -0.0797131  0.0248397 -0.0412548    1.10603  0.0632791 -0.00848952  -0.0238441     0.04568  -0.0328822  -0.0527491 -0.00185779   0.0104315 -0.00728522   0.0024853  0.448252 0.0370095 0.0199199 -0.0286152   0.185327   -9.80721 
             281.905 0.00617657    3.10804  -0.346199  -0.145691 -0.0843784  0.0288347 -0.0412062    1.10594  0.0632732 -0.00848906  -0.0238454    0.045679 -0.0445421 -0.0523346 0.00209036   0.0105404 -0.00695459  0.00249833  0.448132 0.0369768 0.0197579 -0.0286266   0.185302   -9.80721 
             282.005 0.258521  3.34713 -0.33173  -0.142523 -0.0791231  0.0247167 -0.0412429    1.10599  0.0635967 -0.00848912  -0.0238453   0.0456799   -0.0379343   -0.0452307 -0.000841784   0.0103995 -0.00708817  0.00249164  0.447878 0.0365574  0.019867 -0.0286172   0.185321   -9.80721 
             282.105  0.267685   3.34848 -0.372249  -0.147091 -0.0800894  0.0236822 -0.0412497      1.106  0.0637109 -0.00848946  -0.0238455   0.0456791  -0.0457973  -0.0448595 -0.00200718   0.0103911 -0.00708706  0.00251439  0.447925 0.0363831 0.0198969 -0.0286161   0.185325   -9.80721 
             282.205  0.503696   3.59301 -0.266223  -0.147582 -0.0792643  0.0217168 -0.041268   1.10602 0.0639037 -0.00848895  -0.0238457   0.0456769  -0.0392027  -0.0506832 -0.00519025  0.0102666 -0.0072174 0.00245787  0.447807 0.0361282 0.0199305 -0.0286137   0.185331   -9.80721 
             282.305  0.597294    3.4882 -0.335846  -0.155239 -0.0809238  0.0233796 -0.0412486    1.10596   0.064034 -0.00848942  -0.0238457   0.0456736  -0.0493528  -0.0557225 -0.00107313   0.0102116 -0.00716209   0.0024965  0.447983 0.0358997 0.0198625 -0.0286237   0.185319   -9.80721 
             282.505  0.619839   3.66859 -0.300756  -0.168053 -0.0915568 0.00491155 -0.0414156    1.10634  0.0640279 -0.00848693  -0.0238478   0.0456719 -0.0494008 -0.0750616 -0.0214054   0.0101965 -0.00726597  0.00247654  0.448134 0.0359079 0.0204971 -0.0285661   0.185407   -9.80721 
             282.705  0.270842   3.48469 -0.380837   -0.156182  -0.0949776 -0.00482853 -0.0414873    1.10638  0.0643893 -0.00848723  -0.0238467   0.0456726  -0.030886 -0.0698546 -0.0241889   0.0103814 -0.00716831  0.00251939  0.447347 0.0356309 0.0205793 -0.0285556   0.185434   -9.80721 
             282.805  0.652325   3.81381 -0.325121  -0.152594 -0.0815387 0.00438007 -0.041376   1.10604 0.0650691 -0.0084895 -0.0238451  0.0456694  -0.0193843   -0.058523 -0.00976674   0.0101824 -0.00734549   0.0024903  0.447208 0.0347056 0.0201033 -0.0286097   0.185371   -9.80721 
             283.005  0.792052   3.77957 -0.320963  -0.155126  -0.090949 0.00969496 -0.0413171    1.10589  0.0652512 -0.00849004  -0.0238441   0.0456684  -0.0152862  -0.0848286 -0.00376271   0.0101078 -0.00732932   0.0024888  0.447182 0.0344639 0.0198657 -0.0286331   0.185338   -9.80721 
             283.105  0.540096   3.64352 -0.340431  -0.159032 -0.0885705  0.0106085 -0.0412939    1.10585  0.0655008 -0.00849014  -0.0238443   0.0456713   -0.0223658   -0.0738722 -0.000116463   0.0102482 -0.00724847  0.00250108  0.447279 0.0340869 0.0198153 -0.02864 0.185329 -9.80721 
             283.305   0.51656   3.34941 -0.315355  -0.154247 -0.0940953   0.016875 -0.0412471    1.10569  0.0658132 -0.0084888 -0.0238445  0.0456715 -0.0247455 -0.0824623 0.00398438   0.0102648 -0.00708697  0.00248571  0.446971 0.0337223 0.0195589 -0.028659  0.185298  -9.80721 
             283.405  0.409028   3.47239 -0.353457  -0.155225 -0.0861488  0.0190573 -0.0412154    1.10563  0.0661702 -0.00848874  -0.0238449   0.0456747 -0.0276115 -0.0641523 0.00609163    0.010323 -0.00715548   0.0025118  0.446996 0.0331588 0.0194667 -0.0286676   0.185284   -9.80721 
             283.505  0.812738   3.68238 -0.336458  -0.147001 -0.0804363  0.0228348 -0.0411891    1.10552  0.0665221 -0.00848854  -0.0238444    0.045671  -0.014378 -0.0683783  0.0104592   0.0101039 -0.00727289  0.00250095  0.446722  0.032665 0.0193031 -0.0286789   0.185265   -9.80721 
             283.605  0.841139    3.5335 -0.341692   -0.14401 -0.0814344  0.0290096 -0.0411411    1.10542  0.0667155 -0.00848813  -0.0238438   0.0456692 -0.0149564 -0.0749183  0.0152278   0.0100862 -0.00718786  0.00250323  0.446589 0.0324068 0.0190997 -0.0286911   0.185235   -9.80721 
             283.705  0.511436   3.23529 -0.329951  -0.147273 -0.0870887  0.0398201 -0.041031   1.10525 0.0667918 -0.00848602   -0.023845   0.0456705 -0.0273882 -0.0777876  0.0244282  0.0102698 -0.0070217 0.00249535  0.446621 0.0322785 0.0187737 -0.0287105    0.18518   -9.80721 
             283.808  0.119327    3.1777 -0.336615 -0.147676 -0.087015 0.0379921 -0.0410899    1.10531  0.0669521 -0.00848641  -0.0238443   0.0456743  -0.033143 -0.0621423    0.01894  0.0104866 -0.0069886 0.00249803  0.446559 0.0320762 0.0188964 -0.0287034   0.185203   -9.80721 
             283.905  0.113651   3.17602 -0.330951  -0.13458 -0.079048 0.0355892 -0.0411678    1.10535   0.067301 -0.00848596  -0.0238445   0.0456756 -0.0176005 -0.0455557  0.0166568   0.0104835 -0.00699612  0.00248999  0.446033 0.0316789 0.0189489 -0.0286961   0.185225   -9.80721 
             284.005   0.39066   3.33739 -0.373447   -0.13431 -0.0780399  0.0334614 -0.041226    1.1054  0.067434 -0.00848605  -0.0238446   0.0456743 -0.0191965   -0.04636  0.0104757   0.0103547 -0.00707538  0.00250977  0.446001 0.0314795 0.0190646 -0.0286898   0.185248   -9.80721 
             284.205  0.434972   3.42035 -0.350051  -0.141662 -0.0768648  0.0354759 -0.041257   1.10536  0.067642 -0.00848605  -0.0238447   0.0456697 -0.0304489 -0.0460798 0.00713821   0.0103354 -0.00710976  0.00249302  0.446161  0.031063 0.0190499 -0.0286965   0.185247   -9.80721 
             284.305   1.46546   3.74814 -0.218689  -0.136594 -0.0720073   0.040885 -0.0412819    1.10523  0.0680119 -0.00848571   -0.023842   0.0456562 -0.0157962 -0.0746954   0.011207  0.00979992 -0.00728532  0.00243168  0.445989 0.0305012 0.0188345 -0.0287166   0.185223   -9.80721 
             284.405  0.924795   3.41927 -0.276933  -0.148039 -0.0763186  0.0343404 -0.0413513    1.10537  0.0678718 -0.00848607  -0.0238431   0.0456583   -0.0347966   -0.0730432 -0.000437502   0.0100929 -0.00710166  0.00246249  0.446323 0.0304359 0.0191307 -0.0286955   0.185264   -9.80721 
             284.505  0.581965   3.49141 -0.372423  -0.146721 -0.0823889  0.0254981 -0.0414326    1.10554  0.0679098 -0.00848568   -0.023842   0.0456586 -0.0277774 -0.0778582 -0.0111069   0.0102841 -0.00714109  0.00251895  0.446159 0.0304865 0.0194111 -0.0286665   0.185311   -9.80721 
             284.705  0.362301   3.20883 -0.423351  -0.139001 -0.0934103  0.0251837 -0.0414517    1.10554  0.0681182 -0.00848527   -0.023842   0.0456559  -0.0276126  -0.0849191 -0.00819301   0.0104105 -0.00698019  0.00254858  0.445682 0.0303695 0.0192934 -0.0286695   0.185304   -9.80721 
             284.805   0.26545   3.44111 -0.380578  -0.144752 -0.0863259  0.0159696 -0.0416011    1.10564  0.0683927 -0.00848526  -0.0238402    0.045662 -0.0329969 -0.0625413 -0.0205836   0.0104593 -0.00711523  0.00252428  0.445896 0.0298109 0.0195796 -0.028651  0.185357  -9.80721 
             284.905  0.668527   3.50224 -0.387838  -0.146563 -0.0915638  0.0221276 -0.0415313    1.10548  0.0684845 -0.00848575  -0.0238401   0.0456622 -0.0353176 -0.0791885 -0.0122891   0.0102324 -0.00714864  0.00253002  0.445856 0.0296494 0.0192878 -0.02868 0.185309 -9.80721 
             285.005 -0.0294398    3.07499  -0.461777  -0.14521 -0.091486 0.0176444 -0.0415898    1.10555  0.0686028 -0.00848632  -0.0238395   0.0456655 -0.0424591 -0.0587126 -0.0155134    0.010619 -0.00690982  0.00257181  0.445673 0.0294752 0.0193619 -0.0286693   0.185328   -9.80721 
             285.105  0.176384   3.33631 -0.442081  -0.156971 -0.0956564  0.0180007 -0.041577   1.10549 0.0685893 -0.00848662  -0.0238396   0.0456662 -0.0560289 -0.0624126 -0.0158662   0.0105007 -0.00706274  0.00256147  0.445973 0.0293095 0.0193174 -0.0286791   0.185318   -9.80721 
             285.205  0.502772   3.34051 -0.366879  -0.164011 -0.0983118  0.0169466 -0.0415986    1.10547  0.0687015 -0.00848633  -0.0238396   0.0456652 -0.0624212 -0.0703812 -0.0132485   0.0103157 -0.00706774  0.00251886  0.446059 0.0291086 0.0193064 -0.0286815   0.185318   -9.80721 
             285.305  0.755971   3.61128 -0.390174  -0.164736 -0.0973722  0.0198464 -0.0416005    1.10537   0.068936 -0.00848711  -0.0238383   0.0456626  -0.0564518  -0.0781294 -0.00886198   0.0101725 -0.00721452  0.00253066   0.44593  0.028731 0.0191206 -0.0286999   0.185297   -9.80721 
             285.505 -0.0977075    3.32962  -0.442624  -0.17483 -0.104002 0.0122082 -0.0416567    1.10549  0.0689822 -0.00848718  -0.0238376   0.0456656 -0.0688278 -0.0538188 -0.0143118   0.0106503 -0.00705434   0.0025612  0.445841 0.0286303 0.0192865 -0.0286777   0.185324   -9.80721 
             285.605   0.36938   3.40649 -0.346538 -0.180822 -0.100755 0.0107969 -0.0416887    1.10547  0.0692395 -0.00848648  -0.0238374   0.0456638 -0.0719041 -0.0562711 -0.0157154   0.0103884 -0.00710025  0.00250588   0.44588 0.0282309 0.0192673 -0.0286779   0.185326   -9.80721 
             285.805  0.033829   3.20454 -0.414974  -0.178461  -0.100705 0.00947752 -0.0417162    1.10545  0.0695642 -0.00848622  -0.0238378   0.0456635 -0.0687698 -0.0433213  -0.015141   0.0105748 -0.00698621  0.00254267  0.445291 0.0279399 0.0191193 -0.0286846   0.185316   -9.80721 
             285.905  0.290268   3.52015 -0.378304 -0.177157 -0.102624 0.0122386 -0.0417151    1.10535  0.0697095 -0.00848671  -0.0238374   0.0456643 -0.0563816 -0.0525789 -0.0107858   0.0104395 -0.00716044  0.00252403  0.445038 0.0277947 0.0189297 -0.0287026     0.1853   -9.80721 
             286.005   0.32258   3.43356 -0.357792    -0.1742 -0.0967123  0.0131181 -0.0417546     1.1053   0.070059 -0.00848651  -0.0238371   0.0456629   -0.051516  -0.0456402 -0.00810299   0.0104221 -0.00711257  0.00251347  0.444763 0.0273845  0.018804 -0.028711  0.185295  -9.80721 
             286.105  0.237237   3.51931 -0.344496 -0.178507  -0.10049 0.0149398 -0.0417551    1.10524  0.0700983 -0.00848668  -0.0238371   0.0456629  -0.0527451  -0.0492459 -0.00494952    0.010472 -0.00716195  0.00250504  0.444729 0.0273384 0.0187019 -0.0287225   0.185288   -9.80721 
             286.205  0.376418   3.28289 -0.398141 -0.183694 -0.106567 0.0147776 -0.041752   1.10523 0.0700964 -0.00848684  -0.0238372   0.0456629  -0.0588589  -0.0588668 -0.00594126   0.0103899 -0.00703545  0.00253324  0.444703 0.0273592  0.018694 -0.0287231   0.185287   -9.80721 
             286.305  0.500137   3.50831 -0.315499 -0.172142 -0.100055 0.0122184 -0.0418103    1.10527  0.0705112 -0.00848656  -0.0238372   0.0456617  -0.0366334  -0.0540103 -0.00705503   0.0103209 -0.00716638  0.00248776  0.444128  0.026959 0.0186621 -0.0287162   0.185294   -9.80721 
             286.405  0.484263   3.43584 -0.315809  -0.165643 -0.0852725  0.0152309 -0.041894   1.10515 0.0710654 -0.00848599  -0.0238363    0.045659  -0.0315343  -0.0363981 -0.00112409   0.0103362 -0.00712396  0.00248857  0.443825  0.026216 0.0184437 -0.0287353   0.185291   -9.80721 
             286.605  0.224917   3.37241 -0.341488  -0.176203 -0.0906125 0.00995706 -0.0418901    1.10524  0.0710482 -0.00848629  -0.0238362   0.0456604  -0.0441868  -0.0380445 -0.00564593  0.0104744 -0.0070879 0.00250151  0.443952 0.0261766 0.0186165 -0.0287179   0.185301   -9.80721 
             286.705    0.3946   3.51881 -0.364365   -0.17375 -0.0967242 0.00708566 -0.0418992     1.1053  0.0710733 -0.00848603   -0.023836   0.0456607  -0.0340376  -0.0522457 -0.00863081   0.0103795 -0.00717004  0.00251869  0.443701 0.0262737 0.0186749 -0.0287071   0.185307   -9.80721 
             286.805  0.290296    3.5897 -0.319444  -0.181351  -0.100933 0.00645945 -0.0418912    1.10529  0.0710562 -0.00848603   -0.023836   0.0456607  -0.0410671  -0.0549483 -0.00964373   0.0104395 -0.00721379  0.00249608  0.443865 0.0262143 0.0186778 -0.0287095   0.185305   -9.80721 
             286.905  0.570016   3.56716 -0.336948 -0.190943   -0.1065 0.0169546 -0.0418827    1.10505  0.0710637 -0.0084864 -0.0238348  0.0456601 -0.0522974 -0.0692005 0.00265903   0.0102827 -0.00719992    0.002506  0.444063 0.0260766 0.0182859 -0.0287534   0.185278   -9.80721 
             287.105  0.590677   3.51629 -0.423562 -0.190132 -0.117604 0.0196314 -0.041911     1.105 0.0712577 -0.00848649  -0.0238337   0.0456595 -0.0430026 -0.0868472 0.00425198   0.0102705 -0.00717247  0.00255487  0.443685 0.0259517 0.0181574 -0.0287615   0.185276   -9.80721 
             287.205   0.36906   3.61452 -0.431433  -0.19274   -0.1167 0.0198261 -0.0419196    1.10498  0.0714683 -0.00848699  -0.0238339   0.0456613 -0.0415231 -0.0753334 0.00414222      0.0104 -0.00722918  0.00256098  0.443668 0.0256182  0.018137 -0.0287641   0.185276   -9.80721 
             287.305  0.466666   3.42296 -0.412392 -0.183685 -0.113754 0.0283706 -0.0419398     1.1048  0.0718585 -0.00848614  -0.0238337   0.0456605  -0.031731 -0.0724076  0.0126696   0.0103452 -0.00712439   0.0025494  0.443182 0.0252081 0.0177473 -0.0287916   0.185252   -9.80721 
             287.405 0.646532  3.38811 -0.48422 -0.177272 -0.115458 0.0400243 -0.0419314     1.1046  0.0721044 -0.00848522   -0.023832   0.0456591 -0.0257612 -0.0817292  0.0264346   0.0102459 -0.00710684  0.00258781   0.44282 0.0249368 0.0172973 -0.028823  0.185217  -9.80721 
             287.505  0.446443   3.39965 -0.508387 -0.176309  -0.11478  0.038869 -0.0419598    1.10466  0.0723123 -0.00848576  -0.0238318     0.04566 -0.0237589 -0.0728836  0.0207454   0.0103602 -0.00711368   0.0026017  0.442728 0.0246468 0.0174059 -0.0288119    0.18523   -9.80721 
             287.605  0.624403    3.4564 -0.332524 -0.170928 -0.103164 0.0482008 -0.0419643    1.10451  0.0728079 -0.00848206  -0.0238304   0.0456578 -0.0195697 -0.0594826  0.0297495   0.0102696 -0.00714983  0.00250612  0.442545 0.0238522  0.017046 -0.0288282   0.185198   -9.80721 
             287.705  0.704456   3.39628 -0.364597 -0.173098 -0.103887 0.0470244 -0.0420046    1.10458  0.0729299 -0.00848166  -0.0238305   0.0456569 -0.0242469 -0.0633271   0.023815   0.0102253 -0.00711529  0.00252558  0.442591 0.0236314 0.0171988 -0.028815  0.185218  -9.80721 
             287.806  0.325353   3.29271 -0.439216  -0.166357 -0.0990355  0.0387725 -0.0420873    1.10477   0.073183 -0.00848291  -0.0238289   0.0456599 -0.0181429 -0.0462037  0.0126333   0.0104253 -0.00706424    0.002563  0.442277 0.0233354  0.017555 -0.0287804   0.185263   -9.80721 
             287.906  0.062516   3.06398 -0.424937  -0.150671 -0.0924429  0.0415297 -0.0420951    1.10476  0.0735388 -0.00848194  -0.0238304   0.0456597 -0.00671591   -0.031841   0.0156484   0.0105742 -0.00693871  0.00255743  0.441612 0.0229982 0.0173962 -0.0287786   0.185244   -9.80721 
             288.006  0.496189   3.36633 -0.335662  -0.148321 -0.0904193  0.0439961 -0.0421056    1.10474  0.0736601 -0.00848156  -0.0238302   0.0456593 -0.00525548   -0.036961   0.0171321   0.010339 -0.0071101 0.00251148  0.441548 0.0227322 0.0173376 -0.0287783   0.185239   -9.80721 
             288.205   0.16269   3.40186 -0.394701  -0.141182 -0.0858246   0.019597 -0.0422668    1.10519  0.0738244 -0.00848021  -0.0238262   0.0456607 0.00153815 -0.0190983 -0.0161438   0.0105297 -0.00713312  0.00254593  0.441311 0.0225455 0.0182383 -0.0286992   0.185353   -9.80721 
             288.306 -0.576762   3.09712 -0.485098  -0.138892 -0.0927478  0.0111671 -0.0422695    1.10531  0.0736346 -0.00847996  -0.0238227   0.0456536 -0.00498625 -0.00599363  -0.0265925   0.0109419 -0.00696929  0.00259228   0.44112 0.0229692 0.0184826 -0.0286794   0.185379   -9.80721 
             288.405 0.0485909   3.52537 -0.407662  -0.145538 -0.0883028 0.00321264 -0.0423179    1.10538  0.0736933 -0.00847918  -0.0238225     0.04565  -0.0103232 -0.00527988  -0.0336678   0.0105907 -0.00721426   0.0025465  0.441456 0.0226774 0.0187009 -0.0286627   0.185406   -9.80721 
             288.505  0.367911   3.59371 -0.360098   -0.149815  -0.0817578 -0.00253137 -0.0423664     1.1054  0.0738512 -0.00847802  -0.0238232   0.0456427  -0.0161248 -0.00436425  -0.0377249   0.0104164 -0.00724993  0.00251897  0.441647 0.0223246 0.0188002 -0.0286546   0.185419   -9.80721 
             288.605  0.372715   3.47204 -0.338331    -0.139289   -0.0755548 -0.000683586 -0.0423987    1.10531  0.0741189 -0.0084785 -0.0238216  0.0456423 -0.00435026 -0.00454578  -0.0298084   0.0104163 -0.00718499  0.00250859  0.441161 0.0220492 0.0185106 -0.028673  0.185399  -9.80721 
             288.705  0.535486   3.64924 -0.296461    -0.143618   -0.0748919 -4.28694e-05 -0.042415   1.10522 0.0741194 -0.00847879  -0.0238201   0.0456396 -0.00937118  -0.0133082  -0.0258386   0.0103295 -0.00729155   0.0024852  0.441342 0.0219251 0.0183744 -0.0286892   0.185392   -9.80721 
             288.805  0.726265   3.69649 -0.340304   -0.145822  -0.0763366 0.000499478 -0.0424298    1.10515  0.0741333 -0.00847932  -0.0238187   0.0456384 -0.0105409  -0.028251 -0.0235365   0.0102234 -0.00732104  0.00250955  0.441405 0.0218592 0.0182436 -0.0287029   0.185386   -9.80721 
             288.905  0.71568  3.63537 -0.36354    -0.155295   -0.0794257 -0.000855952 -0.042426    1.1051 0.0740474 -0.00847943  -0.0238193   0.0456375 -0.0231968  -0.038319 -0.0241649   0.0102293 -0.00729245  0.00252033  0.441765 0.0217985 0.0182422 -0.0287093   0.185385   -9.80721 
             289.005  0.545764   3.62158 -0.289699   -0.166403  -0.0833211 -0.00192159 -0.0424144    1.10506  0.0739517 -0.00847919  -0.0238193   0.0456383 -0.0351109  -0.042857 -0.0225666   0.0103191 -0.00728645  0.00247902  0.442135 0.0217501 0.0182271 -0.0287168   0.185382   -9.80721 
             289.105  0.323467   3.71545 -0.366476   -0.174704  -0.0919224 -0.00137874 -0.0424001      1.105  0.0738346 -0.00847923    -0.02382   0.0456376 -0.0403266 -0.0554941 -0.0220307   0.0104374 -0.00734108  0.00252029  0.442312  0.021893 0.0181292 -0.028726  0.185373  -9.80721 
             289.205  0.194294   3.44708 -0.417688  -0.187629   -0.10564 0.00949518 -0.0423798    1.10479  0.0736017 -0.00847691  -0.0238225   0.0456363  -0.0593414  -0.0664219 -0.00648571   0.0105119 -0.00719419  0.00254847  0.442593  0.022143 0.0176471 -0.028762  0.185335  -9.80721 
             289.305 0.0903193   3.35771 -0.390349  -0.18555 -0.105189 0.0167783 -0.0424288    1.10467  0.0738397 -0.00847519  -0.0238243   0.0456372 -0.0566883  -0.057084 0.00351696  0.0105666 -0.0071478 0.00253435  0.442304 0.0218434 0.0172782 -0.0287808   0.185314   -9.80721 
             289.405  0.299625   3.50758 -0.393186 -0.178268 -0.103843 0.0174187 -0.0424732    1.10467  0.0740969 -0.00847534  -0.0238237   0.0456374 -0.0402328 -0.0635107 0.00406964   0.0104632 -0.00723713  0.00254026   0.44185 0.0215837 0.0171925 -0.0287796   0.185314   -9.80721 
             289.505  0.389277   3.32349 -0.511818  -0.17087 -0.107488 0.0225898 -0.042507   1.10462  0.074284 -0.00847415  -0.0238218   0.0456356 -0.0347412  -0.062045  0.0110391   0.0104048 -0.00713966   0.0026048  0.441389 0.0215076 0.0169421 -0.0287861   0.185302   -9.80721 
             289.705   0.47585   3.49205 -0.440957 -0.165778 -0.105811 0.0266398 -0.0425715     1.1046  0.0746689 -0.0084746 -0.0238211  0.0456337 -0.0255203 -0.0663512  0.0138352   0.0103596 -0.00724393    0.002564  0.441053 0.0209245 0.0168054 -0.0287883     0.1853   -9.80721 
             289.805  0.410718   3.40634 -0.427265 -0.171288 -0.102525 0.0267893 -0.0426023    1.10461  0.0748315 -0.00847431   -0.023821   0.0456331 -0.0364219 -0.0527383  0.0122457   0.0103869 -0.00720051  0.00255415  0.441222 0.0205008  0.016856 -0.0287854   0.185307   -9.80721 
             289.908  0.573243   3.57228 -0.342424 -0.184603 -0.103035 0.0236558 -0.0426106    1.10466  0.0748302 -0.00847281  -0.0238206     0.04563 -0.0480634 -0.0594049 0.00493177   0.0103159 -0.00729679  0.00251184  0.441659 0.0202185 0.0170632 -0.028777  0.185324  -9.80721 
             290.005  0.239413    3.3337 -0.404163 -0.182377 -0.107786 0.0196286 -0.0426124    1.10474  0.0748752 -0.00847352  -0.0238198   0.0456289   -0.0459784   -0.0537448 -0.000454853   0.0104956 -0.00715986  0.00254419  0.441354 0.0202869 0.0172058 -0.0287657   0.185335   -9.80721 
             290.205 -0.0831241    3.17104  -0.410651 -0.187015 -0.117207 0.0227171 -0.0426197     1.1047  0.0749576 -0.0084728 -0.0238212  0.0456272 -0.0539445 -0.0489359 0.00658556   0.0106759 -0.00707156  0.00254874  0.441124 0.0202853 0.0170796 -0.028771  0.185325  -9.80721 
             290.305  0.016583     3.077 -0.491923 -0.178034 -0.119674  0.027696 -0.0426443    1.10462  0.0752059 -0.0084715 -0.0238219  0.0456252 -0.0435276 -0.0492455  0.0141594   0.0106169 -0.00702275  0.00259129  0.440532 0.0201924 0.0168412 -0.0287815   0.185307   -9.80721 
             290.405  0.093709   3.29846 -0.524632 -0.183877 -0.122723  0.026246 -0.0426365    1.10467  0.0752136 -0.00847171  -0.0238218   0.0456249 -0.0484668 -0.0506447  0.0100825   0.0105769 -0.00714518  0.00260942   0.44061 0.0201143 0.0169552 -0.0287727   0.185315   -9.80721 
             290.505 -0.060764   3.44029 -0.499682 -0.184471 -0.117571 0.0208459 -0.0426152    1.10478  0.0754189 -0.00847105  -0.0238211   0.0456256  -0.045136 -0.0297715 0.00172749  0.0106446 -0.0072163 0.00259218  0.440494 0.0198047 0.0171721 -0.0287498   0.185327   -9.80721 
             290.605 -0.000215013      3.26208    -0.396925  -0.18112 -0.102092 0.0170981 -0.0426055    1.10485  0.0758703 -0.00846963  -0.0238211    0.045625  -0.0426015 -0.00666595 -0.00206705   0.0106115 -0.00711985  0.00253811  0.440254 0.0191506 0.0172749 -0.0287301   0.185332   -9.80721 
             290.706  0.118206   3.34755 -0.373687  -0.186141 -0.0993522  0.0190552 -0.0426146    1.10481  0.0759271 -0.00846939  -0.0238208   0.0456239   -0.047462 -0.00590938   0.0010038   0.0105526 -0.00716988  0.00252462  0.440294 0.0189932 0.0171885 -0.028737   0.18533  -9.80721 
             290.905 0.0890311   3.44441  -0.31953  -0.189683 -0.0957359  0.0212156 -0.0426312    1.10476  0.0760906 -0.00846938  -0.0238211   0.0456242  -0.0457478 -0.00673245  0.00445902   0.0105626 -0.00721026  0.00249968  0.440087 0.0188288 0.0170965 -0.0287436   0.185327   -9.80721 
             291.005  0.276185   3.28284 -0.300499  -0.201528 -0.0997489  0.0231024 -0.0426307    1.10476  0.0759645 -0.00846951  -0.0238208   0.0456245 -0.0634244 -0.0153248  0.0043694   0.0104713 -0.00712282  0.00249214  0.440325 0.0188959 0.0170806 -0.0287468   0.185327   -9.80721 
             291.105   0.54434   3.60664 -0.248698 -0.199391 -0.101995 0.0148381 -0.0425773     1.1049  0.0760386 -0.00846832  -0.0238232   0.0456276  -0.0464522  -0.0308609 -0.00366815   0.0103164 -0.00730983    0.002462   0.44006 0.0189523 0.0173624 -0.0287144   0.185328   -9.80721 
             291.205   0.23533    3.4882 -0.292999  -0.195981 -0.0943125  0.0102923 -0.0425527    1.10495  0.0762925 -0.00846865  -0.0238232   0.0456297   -0.039084  -0.0147657 -0.00772071   0.0104947 -0.00724087  0.00248926  0.439813 0.0185975 0.0174653 -0.0287024   0.185328   -9.80721 
             291.305  0.394828   3.51608 -0.365494  -0.186453 -0.0882977  0.0158614 -0.0426395    1.10476  0.0766224 -0.00846977  -0.0238215   0.0456295 -0.0251248 -0.0133809 0.00387878    0.010402 -0.00725658  0.00252928  0.439339 0.0183101 0.0171372 -0.0287354   0.185331   -9.80721 
             291.405 0.0522475   3.55315 -0.340365 -0.186446 -0.093877 0.0174129 -0.0426688    1.10473   0.076575 -0.00846925  -0.0238218   0.0456271 -0.0218665 -0.0194037 0.00464952   0.0106081 -0.00727935  0.00251362  0.439211 0.0185342 0.0170816 -0.0287378   0.185334   -9.80721 
             291.505  0.157519   3.57911 -0.271517  -0.189724 -0.0979823  0.0222542 -0.042708   1.10466 0.0765365 -0.00846957  -0.0238223   0.0456269 -0.0239144 -0.0251397  0.0101451  0.0105566 -0.0072957 0.00247957  0.439233 0.0185919 0.0169083 -0.0287529   0.185333   -9.80721 
             291.605  0.107305   3.21544 -0.397197  -0.176636 -0.0904299   0.024376 -0.0427631    1.10455  0.0769214 -0.00847006  -0.0238219    0.045625 -0.0142177 -0.0140272  0.0132169   0.0105808 -0.00709556  0.00255034  0.438685  0.018244 0.0167739 -0.028767  0.185339  -9.80721 
             291.708 -0.041397   3.17654 -0.322642  -0.155341 -0.0810239   0.024186 -0.0428209    1.10448  0.0773783 -0.00846985  -0.0238222   0.0456219   0.00614388 -5.39869e-05    0.0123691     0.01067 -0.00707161  0.00250724  0.437874 0.0179443 0.0167077 -0.0287726   0.185352   -9.80721 
             291.805 -0.087912   3.46366  -0.29107  -0.148854 -0.0756446  0.0192102 -0.0427777    1.10455   0.077528 -0.00846968  -0.0238213    0.045623  0.0150085  0.0101658 0.00400083  0.0106954 -0.0072352 0.00248904  0.437695 0.0177662 0.0169248 -0.0287577   0.185357   -9.80721 
             291.905  0.257218   3.50587 -0.300916  -0.147084 -0.0734525  0.0150751 -0.0427328    1.10462  0.0776031 -0.00846915  -0.0238225   0.0456226   0.0176374  0.00339619 -0.00230312   0.0104984 -0.00726321  0.00249676  0.437714 0.0176712 0.0171196 -0.0287448   0.185357   -9.80721 
             292.005 0.308644  3.51343 -0.29446  -0.147432 -0.0710383  0.0148385 -0.0427249    1.10461  0.0776231 -0.00846906  -0.0238226   0.0456213   0.0130862  0.00277627 -0.00221798   0.0104739 -0.00726804  0.00249093  0.437819 0.0175465 0.0171292 -0.0287473   0.185355   -9.80721 
             292.205  0.201935   3.68172 -0.254664  -0.133231 -0.0632841  0.0192418 -0.0428096     1.1045  0.0778813 -0.00847015  -0.0238225   0.0456228  0.0307187 0.00545055 0.00793649   0.0105319 -0.00736629  0.00247032  0.437431 0.0172919    0.0169 -0.0287661   0.185364   -9.80721 
             292.405 -0.0473838    3.39432  -0.313235  -0.115263  -0.057174 0.00508554 -0.0427191    1.10468  0.0780542 -0.00847134  -0.0238206   0.0456215   0.0399368   0.0187567 -0.00969251   0.0106741 -0.00720558   0.0025055  0.436943 0.0173028 0.0174217 -0.0287289   0.185376   -9.80721 
             292.505  0.287598   3.73541 -0.303937  -0.106267 -0.0561197 -0.0184389 -0.0425098    1.10494  0.0780989 -0.00846843  -0.0238235   0.0456228 0.0590251 0.0076847 -0.036089   0.0104934 -0.00739844  0.00249913  0.436843 0.0173804 0.0183036 -0.0286787   0.185377   -9.80721 
             292.805 -0.136151   3.84415 -0.356816 -0.0419699 -0.0372232 -0.0761346 -0.0422391    1.10526  0.0785251 -0.00846328  -0.0238156   0.0456282   0.128968  0.0372189 -0.0783731   0.0107235 -0.00746223  0.00252688  0.435672 0.0172735 0.0196387 -0.0286103   0.185401   -9.80721 
             292.905 -0.0529551    3.77319  -0.498104 -0.000858565   -0.0446038   -0.0410471 -0.0428978    1.10488  0.0788915 -0.00846215  -0.0238136   0.0456265   0.163475  0.0139689 -0.0266277    0.010673 -0.00742354  0.00260276   0.43446 0.0176085  0.017923 -0.028648  0.185464   -9.8072 
             293.005  0.142425   3.78885 -0.462459 -0.00227757  -0.0356733  -0.0395438 -0.0428761    1.10494   0.078605 -0.00846228  -0.0238094   0.0456256   0.132396  0.0238525 -0.0189609   0.0105702 -0.00743797  0.00258341  0.435323 0.0172666 0.0177992 -0.0286477   0.185453    -9.8072 
             293.105 0.0653726   3.81266 -0.493639 0.00317667 -0.0340902 -0.0401578 -0.0428893      1.105  0.0783634 -0.00846252  -0.0238093   0.0456259   0.118202  0.0218124 -0.0153435   0.0106129 -0.00745442  0.00259978  0.435787 0.0173148 0.0177648 -0.0286429   0.185453    -9.8072 
             293.205 -0.283899   3.74641 -0.482368 0.00998671 -0.0389012 -0.0419017 -0.0429099    1.10503  0.0780992 -0.0084638  -0.023808  0.0456197   0.108976   0.011868 -0.0152241   0.0107687 -0.00742344   0.0025942    0.4361 0.0176854 0.0178164 -0.0286446   0.185453    -9.8072 
             293.405  0.112425   3.76972 -0.506989 0.00669962 -0.0419129 -0.0370627 -0.0430913    1.10522  0.0774162 -0.0084633 -0.0238043  0.0456283   0.0657125 -0.00551947 -0.00115304   0.0105455 -0.00743613  0.00261028  0.437465 0.0179152 0.0175049 -0.0286169   0.185484    -9.8072 
             293.505  0.249123   3.90948 -0.518707 -0.00362045  -0.0446102  -0.0377376 -0.0431196    1.10535  0.0769491 -0.0084634 -0.0238045  0.0456256   0.0349508  -0.0170443 -0.00297056   0.0104878 -0.00748261   0.0026169  0.438466  0.018047 0.0176114 -0.0286159   0.185501    -9.8072 
             293.705 -0.0674279     3.7394  -0.485012 -0.0106742 -0.0466423 -0.0247824 -0.0433793    1.10549  0.0766472 -0.00845989  -0.0238077   0.0456316  0.0122098 -0.0106016   0.019095   0.0106628 -0.00737941  0.00260012  0.439243 0.0180716 0.0170365 -0.0285739   0.185546    -9.8072 
             293.805 -0.290652   3.62046 -0.470856 -0.0116552 -0.0459747 -0.0292317 -0.0432647    1.10548  0.0766523 -0.00846208  -0.0238037   0.0456328   0.00765162 -0.000376245   0.00650229   0.0107904 -0.00731448  0.00259463  0.439302 0.0180136 0.0173741 -0.0285928   0.185536    -9.8072 
             293.905 -0.292504   3.63154 -0.467294 -0.0124344 -0.0453914 -0.0314485 -0.0432151    1.10548  0.0766407 -0.00846243  -0.0238029   0.0456332 0.00582377 0.00564007 0.00157666   0.010793 -0.0073209  0.0025937  0.439376 0.0179894 0.0175344 -0.028601  0.185532   -9.8072 
             294.005 -0.106826   3.72128 -0.491099 -0.0183538 -0.0448179 -0.0372641 -0.0431163    1.10548   0.076538 -0.00846041  -0.0238072   0.0456318 -0.00462863  0.00526399  -0.0112182  0.0106912 -0.0073659 0.00260546  0.439747 0.0179928 0.0179023 -0.0286185   0.185526    -9.8072 
             294.105 -0.207991   3.69761 -0.495951 -0.0223496 -0.0479118   -0.03878 -0.043118   1.10547 0.0763592 -0.00845993  -0.0238078   0.0456319 -0.0102507 0.00128399 -0.0106482   0.0107395 -0.00735073  0.00260901  0.439988 0.0182941 0.0179451 -0.0286263    0.18553    -9.8072 
             294.305 -0.370527   3.74259 -0.484384 -0.0277641 -0.0458579 -0.0466286 -0.0429986    1.10548  0.0763051 -0.00845848  -0.0238061   0.0456307 -0.0110094  0.0150866 -0.0206788   0.0107967 -0.00736731   0.0026033  0.440185 0.0182757 0.0182492 -0.0286364   0.185512    -9.8072 
             294.405 -0.120761   3.70915 -0.466313 -0.0291287 -0.0449141 -0.0369195 -0.0433024    1.10546  0.0762829 -0.0084591 -0.0237999  0.0456305 -0.0114825  0.0143889 0.00245749   0.0106513 -0.00735492  0.00259037  0.440253 0.0182878 0.0176057 -0.028618  0.185576   -9.8072 
             294.605 -0.221032   3.72492 -0.452862 -0.0363408 -0.0433193 -0.0337613 -0.0433717    1.10546  0.0761432 -0.00845936  -0.0237997   0.0456302 -0.0173263  0.0202792 0.00808072   0.010694 -0.0073608 0.00258496  0.440516 0.0184264 0.0175049 -0.0286173   0.185595    -9.8072 
             294.705 -0.305341   3.70833 -0.514616 -0.0318087 -0.0498275 -0.0365995 -0.0432674    1.10545  0.0760602 -0.00845828  -0.0237984   0.0456293 -0.00172402  0.00827082  0.00101188  0.0107391 -0.0073451 0.00261316  0.440145 0.0189651 0.0176687 -0.0286296   0.185568    -9.8072 
             294.905 -0.111254   3.73042 -0.466937 -0.0144718 -0.0416477 -0.0369126 -0.0432427    1.10543  0.0765175 -0.00845762     -0.0238   0.0456267    0.0345661    0.0232035 -0.000800709   0.0106185 -0.00731647  0.00258691  0.439364 0.0186238 0.0176355 -0.0286245   0.185553    -9.8072 
             295.005 -0.0192206      3.688  -0.494268 -0.0223587 -0.0519585 -0.0278859 -0.0435285    1.10539  0.0759194 -0.00845675  -0.0237975   0.0456319   0.0103474 -0.00337565   0.0173747   0.0105978 -0.00732675  0.00259782   0.44001 0.0193927 0.0172239 -0.028625  0.185622   -9.8072 
             295.205 -0.241534   3.64147  -0.54003 -0.0105889 -0.0490718 -0.0357997 -0.0432082    1.10544  0.0761941 -0.00845905  -0.0237903   0.0456329    0.0308896    0.0110943 -0.000797939   0.0107194 -0.00727972  0.00262582   0.43952 0.0192372 0.0177148 -0.0286345   0.185553    -9.8072 
             295.305 -0.107313   3.71839 -0.498607 -0.0212517 -0.0498257 -0.0257338 -0.0435469    1.10542  0.0757783 -0.00846082  -0.0237886   0.0456302 0.00498344 0.00774567  0.0200727   0.0106463 -0.00733952  0.00260401  0.440408 0.0193836 0.0171824 -0.0286251   0.185631    -9.8072 
             295.405 -0.154727   3.70208 -0.570829 -0.0233309 -0.0559429 -0.0318388 -0.0433243    1.10545  0.0755224 -0.0084589 -0.0237882  0.0456287  0.00205841 -0.00361611  0.00512923   0.0106793 -0.00733488  0.00264127  0.440525  0.019878 0.0176749 -0.0286458   0.185589    -9.8072 
             295.605 -0.235521   3.67844 -0.559509  -0.022697 -0.0563264 -0.0305955 -0.0433287    1.10544  0.0755139 -0.00845888  -0.0237882   0.0456285 0.00391211  0.0041678 0.00629695    0.010728 -0.00732251   0.0026349  0.440521 0.0199043 0.0176685 -0.0286464   0.185589    -9.8072 
             295.705 -0.322136   3.60783  -0.50716 -0.0172241 -0.0578683 -0.0276786 -0.0433882     1.1054  0.0755719 -0.00845885  -0.0237898   0.0456268  0.0145798 0.00690103  0.0100845   0.0107774 -0.00728384  0.00260348  0.440187 0.0200697 0.0175152 -0.0286494   0.185593    -9.8072 
             295.805  -0.18812   3.65892 -0.544981 -0.0121341 -0.0498093 -0.0284565 -0.043293   1.10542 0.0758492 -0.00845892  -0.0237898   0.0456247  0.0246089  0.0253288 0.00726293   0.0107169 -0.00731512  0.00262043  0.439962 0.0195286 0.0175975 -0.0286353   0.185571    -9.8072 
             295.905 -0.196699   3.63668 -0.541076 -0.0179193 -0.0526996 -0.0192244 -0.0436063    1.10537  0.0754724 -0.00845901  -0.0237885   0.0456262 0.0046283 0.0182704  0.024658   0.0107152 -0.00730179  0.00261791  0.440541  0.019975 0.0171267 -0.0286415   0.185646    -9.8072 
             296.205 0.0756815   3.72958 -0.496954 -0.0233757 -0.0421947 -0.0217515 -0.0434185    1.10545  0.0754575 -0.00845635  -0.0237935   0.0456193 0.00141761  0.0211547    0.00683  0.0105837 -0.0073475 0.00259652  0.440926 0.0196352 0.0175531 -0.0286358   0.185615    -9.8072 
             296.305 -0.109543   3.73083  -0.51839  -0.014547 -0.0431566  -0.026964 -0.0432451    1.10546  0.0755559 -0.00845589  -0.0237935     0.04562   0.0210705   0.0207942 -0.00450149   0.0106775 -0.00735006    0.002613  0.440425 0.0198699 0.0178181 -0.0286448   0.185573    -9.8072 
             296.405 -0.118567   3.68106  -0.48562 -0.0188004 -0.0432685 -0.0357597 -0.0430607    1.10549  0.0753754 -0.00845659  -0.0237923   0.0456204 0.00930788  0.0196506 -0.0199976   0.0106796 -0.00731989  0.00259498  0.440747 0.0200348 0.0182619 -0.0286568   0.185548    -9.8072 
             296.605 -0.0273398    3.74758  -0.487807 -0.0167608 -0.0409482 -0.0410965 -0.0430313    1.10549   0.075336 -0.00845646  -0.0237925   0.0456207  0.0156115  0.0159225 -0.0237289 0.0106271 -0.007355 0.0025943  0.440768 0.0201182 0.0183189 -0.0286602   0.185545    -9.8072 
             296.705 0.0259783   3.77443 -0.502993 -0.0197026 -0.0515761 -0.0334754 -0.0431866    1.10538  0.0749427 -0.00845647  -0.0237916    0.045622  0.00656861 -0.00929148 -0.00643637   0.0105917 -0.00736859  0.00260046  0.441085 0.0208775 0.0177541 -0.0286674    0.18558    -9.8072 
             296.905 -0.299726   3.56837  -0.50452 -0.0210037 -0.0479253 -0.0285546 -0.0433338    1.10535  0.0749691 -0.00845399   -0.023796   0.0456273 0.000231197   0.0118832  0.00460667   0.0107808 -0.00724788  0.00259903  0.441235 0.0206673 0.0174599 -0.0286568   0.185601    -9.8072 
             297.005 -0.159411    3.6677 -0.502829 -0.0179143 -0.0511296 -0.0272547 -0.0433251    1.10535  0.0749287 -0.00845401  -0.0237958   0.0456274 0.00888135 0.00379108 0.00641507   0.0106931 -0.00730181  0.00259715  0.441068  0.020934 0.0174011 -0.0286593   0.185598    -9.8072 
             297.105    0.1902    3.8763 -0.435583 -0.0143877 -0.0337557 -0.0413988 -0.0430549    1.10545  0.0754401 -0.0084419 -0.0238103  0.0456102  0.0227005  0.0338047 -0.0202906   0.0104945 -0.00742238  0.00255775  0.440861 0.0197116 0.0182763 -0.0286533   0.185541    -9.8072 
             297.205 -0.326422   3.71214 -0.458632 -0.0126595 -0.0373885 -0.0429804 -0.043069   1.10543 0.0751991 -0.00844182  -0.0238109    0.045601  0.0206287  0.0266293 -0.0192634  0.0107585 -0.0073367 0.00257033  0.440892 0.0202705 0.0182554 -0.0286637   0.185545    -9.8072 
             297.405 -0.0499213    3.81916  -0.466772 -0.0157951 -0.0389355 -0.0401087 -0.0432273    1.10541  0.0748505 -0.00844231  -0.0238103   0.0456016   0.0124683   0.0138503 -0.00685487   0.0106512 -0.00737361  0.00257128  0.441367 0.0206778 0.0179462 -0.0286646   0.185579    -9.8072 
             297.505 -0.133875   3.75374 -0.460555 -0.0273679 -0.0430668 -0.0435628 -0.0431921    1.10547  0.0743783 -0.00844256  -0.0238107   0.0456042  -0.0137076  0.00469144 -0.00977365    0.010693 -0.00733898  0.00256866  0.442163 0.0211046 0.0181651 -0.0286733   0.185582    -9.8072 
             297.605 -0.0619314    3.79834  -0.472828 -0.0272506 -0.0462842 -0.0339565 -0.0434337    1.10541   0.074289 -0.00844231  -0.0238101   0.0456045  -0.0091645 -0.00370217   0.0104826   0.0106517 -0.00736631  0.00257461  0.442131 0.0213392 0.0175905 -0.0286609   0.185623    -9.8072 
             297.705 -0.054587   3.75872 -0.503178 -0.0252345 -0.0516987 -0.0325274 -0.0434671    1.10538  0.0741935 -0.00844153  -0.0238098   0.0456045 -0.00185371  -0.0138512   0.0106917   0.0106457 -0.00734163  0.00258878  0.441949 0.0216784 0.0175592 -0.0286657   0.185625    -9.8072 
             297.905 -0.543092   3.51526 -0.518824 -0.0261581 -0.0622124   -0.02943 -0.0435453    1.10536  0.0739257 -0.00843959  -0.0238109   0.0455897 -0.00658744  -0.0107838   0.0152287    0.010924 -0.00720249  0.00259287   0.44194 0.0222696 0.0175288 -0.028673  0.185633   -9.8072 
             298.005 -0.122438   3.70897 -0.497646 -0.0221204 -0.0549685 -0.0219014 -0.0436007     1.1053   0.074263 -0.00844042  -0.0238074   0.0455845 0.00717422 0.00370674  0.0257087   0.0106937 -0.00731218   0.0025827  0.441713 0.0216125  0.017165 -0.028655   0.18565   -9.8072 
             298.105 0.0889328   3.77822 -0.509442 -0.0236849 -0.0520864 -0.0292865 -0.043384    1.1054 0.0743179 -0.00843632  -0.0238178   0.0455802 0.00689882 0.00569385 0.00594761   0.0105823 -0.00734774   0.0025913  0.441827 0.0214003 0.0177426 -0.0286621   0.185599    -9.8072 
             298.205 -0.194226   3.65103 -0.462146 -0.0250077 -0.0456403  -0.032421 -0.0432621    1.10545  0.0744599 -0.00843576   -0.023816   0.0455848  0.00189948   0.0237915 -0.00155263    0.010755 -0.00727214  0.00256067  0.441941 0.0209967 0.0179717 -0.0286572   0.185576    -9.8072 
             298.305  -0.27069   3.66304 -0.492242 -0.0262379 -0.0484319 -0.0296848 -0.0433602    1.10542  0.0742525 -0.00843559  -0.0238175   0.0455809 -0.00129877   0.0164536  0.00551028   0.0107926 -0.00727558  0.00257551  0.442053 0.0214073 0.0178064 -0.028663  0.185598   -9.8072 
             298.405 -0.265094   3.62981 -0.446438 -0.0264007 -0.0491316 -0.0229028 -0.0435227    1.10535  0.0741508 -0.00843521  -0.0238195   0.0455801 -0.00102896   0.0153796   0.0153538   0.0107916 -0.00725916  0.00255028  0.442095  0.021616 0.0174209 -0.0286637   0.185636    -9.8072 
             298.705 -0.347028   3.61317 -0.506503 -0.0260268 -0.0542729 -0.0255513 -0.0433893    1.10538  0.0738679 -0.00843424  -0.0238173   0.0455758 0.000368953   0.0139482  0.00497216   0.0108315 -0.00724948  0.00258439  0.442021 0.0223046 0.0177511 -0.0286779   0.185604    -9.8072 
             298.805 -0.0549573    3.66587  -0.490074 -0.0314743 -0.0515057 -0.0213067 -0.0435029    1.10535  0.0738263 -0.00843469  -0.0238159    0.045574 -0.00974806    0.012021   0.0107892   0.0106724 -0.00728734   0.0025781 0.442395 0.022135 0.017556 -0.0286767   0.185634    -9.8072 
             299.005 -0.439952   3.59402 -0.483898 -0.0328969 -0.0485604 -0.0352565 -0.0431018    1.10549  0.0738114 -0.0084362 -0.0238058  0.0455728 -0.00990986   0.0278999  -0.0140259   0.0108784 -0.00725156   0.0025724  0.442305 0.0222115 0.0183479 -0.0286749   0.185542    -9.8072 
             299.108 -0.370009   3.66086 -0.482036 -0.0235819 -0.0469275 -0.0287958 -0.0433136    1.10541  0.0739323 -0.00843711   -0.023807   0.0455737     0.012481    0.0307904 -0.000691459   0.0108361 -0.00729281  0.00256778  0.441793 0.0222956 0.0178554 -0.0286772   0.185587    -9.8072 
             299.205 0.0444485   3.78671 -0.506149 -0.0157399 -0.0449169 -0.0384696 -0.0430375    1.10553  0.0740449 -0.00843376  -0.0238151   0.0455766  0.0316331  0.0275864 -0.0179564   0.0105975 -0.00736463  0.00257829  0.441394 0.0223052 0.0183867 -0.0286697   0.185513    -9.8072 
             299.505 -0.480329   3.62614 -0.515347 -0.0166082 -0.0461393 -0.0552459 -0.0427465    1.10559  0.0735696 -0.00843487  -0.0238075   0.0455638  0.0157634   0.034534 -0.0329496      0.0109 -0.00726668  0.00258358  0.441789 0.0230052  0.018921 -0.0286788   0.185454    -9.8072 
             299.605 -0.318855   3.69341 -0.522078 -0.0265925 -0.0587483 -0.0433294 -0.0432402    1.10542  0.0729052 -0.00843516  -0.0238072   0.0455645 -0.00568434  0.00473364 -0.00683193   0.0108065 -0.00729931  0.00258258  0.442494  0.023976 0.0181362 -0.0286993    0.18558    -9.8072 
             299.805 -0.188609   3.68771  -0.47151 -0.0210787 -0.0461479 -0.0363798 -0.0434594    1.10537  0.0732234 -0.0084333 -0.0238061   0.045561 0.00851018  0.0288237 0.00673288   0.0107343 -0.00729428  0.00255507  0.442253 0.0234292 0.0177334 -0.0286892   0.185628    -9.8072 
             300.005 -0.123392   3.72807 -0.480586 -0.0213965  -0.042588  -0.043342 -0.0432287    1.10543  0.0731528 -0.00843286  -0.0238082   0.0455614   0.0104935   0.0280086 -0.00284042   0.0106965 -0.00731911  0.00255644  0.442348 0.0235134 0.0181534 -0.028693  0.185573   -9.8072 
             300.105 -0.000464331      3.77538    -0.449296 -0.0301486 -0.0490067 -0.0231797 -0.0438572    1.10533  0.0727644 -0.00843502  -0.0238025   0.0455626 -0.00697858  0.00593466   0.0319023   0.0106266 -0.00734588  0.00253739  0.442949 0.0240915 0.0170495 -0.0286893   0.185727    -9.8072 
             300.205 -0.423352    3.5426 -0.504001 -0.0292372 -0.0571651 -0.0219846 -0.0438468    1.10532  0.0725859 -0.00843466  -0.0238008   0.0455501 -0.00707909  -0.0020894   0.0298854   0.0108545 -0.00721329  0.00256706  0.442831 0.0246544 0.0171561 -0.0287001   0.185718    -9.8072 
             300.305 -0.423442   3.51864 -0.570773  -0.021121  -0.064643 -0.0257139 -0.0436942     1.1053  0.0725776 -0.00843441   -0.023794   0.0455408  0.0113282 -0.0116753  0.0168744   0.0108522 -0.00720242  0.00260735  0.442257 0.0251121 0.0175096 -0.0287149   0.185674    -9.8072 
             300.405 -0.228553   3.66997 -0.530803 -0.0241042 -0.0612825 -0.0274209 -0.0435993    1.10535  0.0726201 -0.00843355  -0.0237953   0.0455375   0.00525985 -0.000230159   0.00934597   0.0107337 -0.00729257  0.00258622  0.442523 0.0247957 0.0177352 -0.0287124   0.185657    -9.8072 
             300.605 -0.0255778    3.70628  -0.540804 -0.0219805 -0.0571589 -0.0216069 -0.0436574    1.10534  0.0727313 -0.0084346 -0.0237927  0.0455336 0.00959561  0.0055816  0.0177761   0.0106116 -0.00731592  0.00258953  0.442494 0.0245096 0.0175479 -0.0287057   0.185672    -9.8072 
             300.705 -0.426084    3.5637 -0.481234  -0.023949 -0.0469063 -0.0303072 -0.0433908    1.10545  0.0729307 -0.00843406  -0.0237879     0.04554  0.00110241   0.0372368 -0.00264098   0.0108336 -0.00723614  0.00255733  0.442624 0.0238852 0.0181768 -0.028695  0.185615   -9.8072 
             300.805 -0.225474   3.68722 -0.515499 -0.0247351 -0.0530104 -0.0281353 -0.0434764     1.1054  0.0726479 -0.00843469  -0.0237872   0.0455434 -0.000658486    0.0168454   0.00231574   0.0107195 -0.00730815  0.00257831  0.442698  0.024616 0.0180361 -0.0287111   0.185633    -9.8072 
             300.905 -0.212742   3.63604 -0.478097  -0.025766  -0.048869 -0.0280548 -0.0434751    1.10541  0.0727078 -0.00843437  -0.0237871   0.0455427 -0.0010202  0.0248369 0.00227339   0.0107116 -0.00727765  0.00255753  0.442774 0.0244431 0.0180478 -0.0287072   0.185634    -9.8072 
             301.005 -0.278278   3.63671 -0.470758 -0.0306788 -0.0481369 -0.0358034 -0.0433172     1.1055  0.0725995 -0.00843448  -0.0237856   0.0455424 -0.00928062   0.0250035  -0.0121651   0.0107448 -0.00727853  0.00255698  0.443092 0.0245992 0.0185664 -0.0287108   0.185601    -9.8072 
             301.116 -0.367237   3.73878 -0.439735 -0.0346907 -0.0482759 -0.0401872 -0.0432673    1.10552  0.0724656 -0.00843383  -0.0237844   0.0455397 -0.0130903  0.0247766 -0.0181817   0.0107932 -0.00733444  0.00254064   0.44331 0.0248621 0.0187644 -0.0287161   0.185591    -9.8072 
             301.205 0.0475935   3.79303 -0.483337 -0.0293678 -0.0441352 -0.0358385 -0.0433802    1.10547  0.0726108 -0.00843646  -0.0237764   0.0455382  0.00439456   0.0247613 -0.00571717   0.0105575 -0.00737186  0.00256524  0.442873 0.0246572 0.0183464 -0.0287112   0.185616    -9.8072 
             301.405 0.0462936   3.82563 -0.457991 -0.0366233 -0.0423891 -0.0468814 -0.0432169    1.10554  0.0724503 -0.00843405  -0.0237824   0.0455385 -0.00432711    0.016321  -0.0220055   0.0105523 -0.00738296  0.00255051  0.443363 0.0248482 0.0188966 -0.0287174   0.185578    -9.8072 
             301.505 -0.415315   3.56085 -0.366013 -0.0388324 -0.0459161 -0.0285347 -0.0436369    1.10541  0.0722384 -0.00842544  -0.0237974    0.045533 -0.012853 0.0162149  0.016617   0.0108133 -0.00723095  0.00249918  0.443524 0.0253656 0.0177112 -0.0287046   0.185674    -9.8072 
             301.706 -0.127647   3.69054 -0.429429 -0.0410866 -0.0374145 -0.0284023 -0.0435835    1.10542   0.072354 -0.0084261 -0.0237976  0.0455322 -0.00871946   0.0244301   0.0115343   0.0106584 -0.00730559  0.00253638  0.443531 0.0250173 0.0178674 -0.0287051   0.185663    -9.8072 
             301.805  0.194726   3.83445 -0.428769 -0.0357189 -0.0392914 -0.0203057 -0.0436881    1.10538  0.0723221 -0.00842763  -0.0237926   0.0455361 0.00808583  0.0082234  0.0231163  0.0104759 -0.0073895 0.00253708  0.443196 0.0252235 0.0174472 -0.0286973   0.185687    -9.8072 
             301.905 0.0721345   3.72415 -0.501918  -0.025507 -0.0439786 -0.0262946 -0.0435891     1.1054  0.0722609 -0.00842698  -0.0237901   0.0455344   0.0290066 -0.00267928  0.00719939   0.0105392 -0.00732851  0.00257771  0.442555 0.0255839 0.0178705 -0.0287081    0.18566    -9.8072 
             302.005 -0.239535   3.65185 -0.497892 -0.0282593  -0.051663 -0.0321356 -0.0435078    1.10544  0.0719954 -0.00842755  -0.0237854   0.0455261   0.0169394  -0.0138093 -0.00329742   0.0107179 -0.00728484  0.00257904  0.442895 0.0261338 0.0182744 -0.0287185   0.185644    -9.8072 
             302.105 -0.197612   3.73812  -0.45977 -0.0355404 -0.0506205 -0.0319051 -0.0435129    1.10544  0.0719804 -0.00842777  -0.0237842   0.0455263 -0.000377411  -0.00730141  -0.00290055   0.0106977 -0.00733264  0.00255849  0.443537 0.0259902 0.0182684 -0.0287191   0.185648    -9.8072 
             302.205 -0.317039    3.6802 -0.465637 -0.0270804 -0.0472526 -0.0312446 -0.0435245    1.10544  0.0721666 -0.00842714  -0.0237859   0.0455282    0.0195243   0.00659717 -0.000149945   0.0107677 -0.00729925  0.00256088  0.442932 0.0256836 0.0181738 -0.0287131   0.185646    -9.8072 
             302.305 -0.313682    3.6773 -0.467527 -0.0222229 -0.0449826 -0.0306105 -0.0435318    1.10544    0.07223 -0.00842694  -0.0237865   0.0455283   0.0273812    0.015079 0.000328241   0.0107671 -0.00729977  0.00256508  0.442724 0.0255715 0.0181182 -0.0287103   0.185645    -9.8072 
             302.405 -0.360527   3.58758 -0.473525 -0.0186268 -0.0452191 -0.0333438 -0.0434935    1.10546  0.0721754 -0.00842777  -0.0237858   0.0455275   0.0283694    0.016892 -0.00538613   0.0107885 -0.00724981  0.00256897  0.442636 0.0257225 0.0182836 -0.0287144   0.185636    -9.8072 
             302.505 -0.0840526    3.73806  -0.486884 -0.0228958 -0.0482149 -0.0277922 -0.0435811     1.1054  0.0719622 -0.0084296 -0.0237813  0.0455297  0.0131577 0.00539461  0.0061618   0.0106303 -0.00733388  0.00257438  0.443233 0.0261013 0.0179322 -0.0287142   0.185665    -9.8072 
             302.605 -0.064463   3.74569 -0.492146 -0.0191776 -0.0425102 -0.0363511 -0.0434416    1.10548  0.0721577 -0.0084275 -0.0237867  0.0455267   0.021952  0.0159973 -0.0122652   0.0106192 -0.00733844  0.00258061     0.443 0.0256619 0.0184941 -0.0287159   0.185623    -9.8072 
             302.805 -0.0703007    3.72625  -0.441012 -0.0271408 -0.0415346 -0.0386409 -0.0434427    1.10547  0.0719486 -0.00842818  -0.0237845   0.0455266  0.00127801   0.0118691 -0.00973991   0.0106228 -0.00732455  0.00254997  0.443797 0.0258496 0.0185656 -0.0287219   0.185631    -9.8072 
             302.905  0.070432   3.78691 -0.427451 -0.0248487 -0.0382438 -0.0304468  -0.04359   1.10539 0.0720513 -0.00842914  -0.0237815   0.0455259 0.00871706  0.0127332 0.00902462  0.0105439 -0.0073599 0.00254409  0.443714 0.0256701  0.017997 -0.0287134   0.185668    -9.8072 
             303.105 -0.0234016    3.73269  -0.456449 -0.0294777 -0.0381971 -0.0311501 -0.0435718    1.10542  0.0719064 -0.00842906  -0.0237818    0.045526 0.000345113  0.00740412  0.00259522   0.0105932 -0.00732532  0.00256281  0.444077 0.0258379 0.0181317 -0.0287161   0.185665    -9.8072 
             303.205 -0.169622   3.70418 -0.486319 -0.0318173 -0.0515567 -0.0268961 -0.0436564    1.10539  0.0714699 -0.00842726  -0.0237837   0.0455197 -0.00557809  -0.0161866  0.00948095   0.0106707 -0.00730727  0.00257903  0.444258 0.0267755 0.0179207 -0.0287205   0.185681    -9.8072 
             303.305 -0.249569   3.72511 -0.460919 -0.0287472 -0.0476696 -0.0323006 -0.0435764    1.10544  0.0716436 -0.00842727  -0.0237812   0.0455226  0.00480515 -0.00110431 -0.00140544   0.0107132 -0.00731515  0.00256602  0.444004 0.0264318 0.0182592 -0.028724  0.185664   -9.8072 
             303.405 -0.344003   3.63509 -0.445643 -0.0209794 -0.0448685 -0.0359429 -0.043534   1.10546 0.0717797 -0.00842762  -0.0237805   0.0455215    0.021884    0.010388 -0.00803551   0.0107629 -0.00726012   0.0025581  0.443507 0.0262316 0.0184215 -0.0287249   0.185652    -9.8072 
             303.605  -0.27997   3.67524 -0.491654 -0.0241263 -0.0477897 -0.0385424 -0.0435219    1.10546  0.0716091 -0.00842695  -0.0237816   0.0455223   0.0083214  0.00687303 -0.00754941   0.0107251 -0.00728481  0.00258224  0.443938 0.0265653 0.0185201 -0.0287308   0.185653    -9.8072 
             303.705 -0.358869   3.63858 -0.496084 -0.0140058 -0.0452866 -0.0399318 -0.0435016    1.10545  0.0716908 -0.00842695  -0.0237811   0.0455219  0.0282874  0.0164297 -0.0090467   0.0107589 -0.00726301  0.00258578  0.443338 0.0264446 0.0185152 -0.0287294   0.185645    -9.8072 
             303.805 -0.199797   3.73384 -0.514493 -0.0227908 -0.0513382  -0.043652 -0.0434941    1.10549  0.0714462 -0.00842565  -0.0237835   0.0455236  0.00474676 0.000578684  -0.0154921   0.0106756 -0.00732972  0.00259831  0.444067 0.0269705 0.0187223 -0.0287367   0.185644    -9.8072 
             304.105  -0.36737   3.65122 -0.492213 -0.0282273 -0.0485007 -0.0327271 -0.0436929     1.1054  0.0714127 -0.00842497  -0.0237845   0.0455239 -0.00634271   0.0173993  0.00752428   0.0107735 -0.00728416  0.00258279  0.444409 0.0270072 0.0180824 -0.0287325   0.185702    -9.8072 
             304.205 -0.293019   3.66431 -0.491931 -0.0217898 -0.0503858 -0.0370701 -0.0435993    1.10543  0.0713706  -0.008425 -0.0237854  0.0455244  0.00934253   0.0132836 -0.00290408   0.0107292 -0.00728217  0.00258344   0.44401 0.0271645  0.018317 -0.0287348   0.185671    -9.8072 
             304.305 -0.329609    3.6494 -0.477915 -0.0204924 -0.0507605 -0.0334568 -0.0436682    1.10539  0.0713197 -0.00842507  -0.0237853   0.0455245  0.0100179  0.0147974 0.00414561   0.0107531 -0.00727354  0.00257386  0.444005 0.0272923 0.0181097 -0.0287363   0.185693    -9.8072 
             304.405 0.0673216   3.75748  -0.54382 -0.0232398 -0.0552459 -0.0319905 -0.0436842    1.10537  0.0711551 -0.0084241 -0.0237856  0.0455306  0.00388561 -0.00217309  0.00582553   0.0105332 -0.00733438  0.00260912  0.444237 0.0276219 0.0180682 -0.0287421   0.185702    -9.8072 
             304.505 -0.179387   3.67396 -0.493915 -0.0337804 -0.0548809 -0.0375461 -0.0435717    1.10542  0.0710542 -0.00842475  -0.0237832   0.0455322  -0.0198836  0.00136416 -0.00865174   0.0106383 -0.00730621  0.00258729  0.444862 0.0276251 0.0184607 -0.0287447   0.185674    -9.8072 
             304.605 -0.155599   3.74519 -0.562411 -0.0243324 -0.0579004 -0.0375646 -0.0435565    1.10542  0.0710995 -0.00842481  -0.0237811   0.0455335  0.00878759 -0.00326051 -0.00618345   0.0106259 -0.00734074  0.00262114  0.444172 0.0277935 0.0183674 -0.0287441   0.185666    -9.8072 
             304.705 0.0444619   3.73087 -0.473768 -0.0320792 -0.0501331 -0.0307717 -0.0437373    1.10536   0.071191 -0.00842337   -0.023776   0.0455308 -0.0109992  0.0113699 0.00893457    0.010517 -0.00732657  0.00257046 0.444741 0.027308 0.017965 -0.0287355   0.185717    -9.8072 
             304.905 -0.336515   3.59991 -0.394939 -0.0436662 -0.0386657 -0.0272901 -0.0437848    1.10536  0.0712578 -0.00842088  -0.0237737   0.0455414 -0.0285508  0.0384945  0.0112388   0.0107533 -0.00724563  0.00252692  0.445229 0.0269301 0.0179165 -0.0287294   0.185733    -9.8072 
             305.005 -0.0380369    3.70471  -0.445233 -0.0332777 -0.0383622 -0.0241139 -0.0437875    1.10535  0.0713145 -0.00842123  -0.0237721   0.0455432 0.00247804  0.0276177  0.0144766   0.0105836 -0.00731591  0.00255238  0.444429  0.027059 0.0177396 -0.0287271   0.185727    -9.8072 
             305.105 -0.0672736    3.69886  -0.460612 -0.0317764 -0.0474365   -0.02636 -0.0437053    1.10536  0.0710291 -0.00841977  -0.0237725   0.0455431 0.00737171 0.00511744  0.0080223   0.0105887 -0.00731357  0.00256175  0.444351 0.0278408 0.0179467 -0.0287373   0.185711    -9.8072 
             305.205 -0.139437   3.69396 -0.461414  -0.039316 -0.0506043 -0.0354157 -0.0435565    1.10542  0.0708383 -0.00841909  -0.0237711   0.0455414   -0.0102596 -0.000499656   -0.0112771   0.0106002 -0.00731761   0.0025635  0.444852 0.0281137 0.0185369 -0.0287448   0.185679    -9.8072 
             305.405 -0.386706   3.70431 -0.431788 -0.0319818 -0.0494101 -0.0366499 -0.0435692    1.10542  0.0709022 -0.00841909  -0.0237724   0.0455422  0.0118826  0.0127623 -0.0112932   0.0107025 -0.00732777  0.00255178  0.444471 0.0281175 0.0184618 -0.0287431    0.18568    -9.8072 
             305.505 -0.0977268    3.78049  -0.452326 -0.0337107 -0.0448154 -0.0470248 -0.0434868    1.10544  0.0709419 -0.00841829  -0.0237746   0.0455409 0.00969808  0.0161342 -0.0312343  0.0105416 -0.0073692 0.00256072   0.44458 0.0279352 0.0188106 -0.0287469    0.18566    -9.8072 
             305.805 -0.332733   3.67783 -0.493814 -0.0352751 -0.0517102  -0.046676 -0.0435492    1.10541  0.0707772 -0.00841559  -0.0237778   0.0455386 0.00500832  0.0101203 -0.0179881   0.0106744 -0.00731611  0.00258598  0.444725 0.0283732 0.0185714 -0.0287452   0.185677    -9.8072 
             305.905 -0.343268   3.60317 -0.433799  -0.035564 -0.0469605   -0.03564 -0.0436942    1.10537  0.0708113 -0.00841348  -0.0237783   0.0455386 0.00163564  0.0215158 0.00345699   0.0106765 -0.00727141  0.00255693  0.444783 0.0282415 0.0181002 -0.0287373   0.185717    -9.8072 
             306.105 -0.0921147    3.73683  -0.450864 -0.0300796 -0.0405594 -0.0270592 -0.0437779    1.10536  0.0708559 -0.00841499  -0.0237742   0.0455379 0.0127634 0.0244486 0.0146962   0.0105344 -0.00734894  0.00256432  0.444629 0.0281351 0.0178049 -0.0287315   0.185742    -9.8072 
             306.305 -0.0414386     3.7831  -0.454257  -0.033225  -0.044059 -0.0355843 -0.0436277     1.1054  0.0707141 -0.00841299  -0.0237777   0.0455388   0.00847696   0.00883453 -2.97263e-05   0.0105062 -0.00737251  0.00256311  0.444872 0.0284746  0.018323 -0.0287407   0.185699    -9.8072 
